"  ACCESSOIRES";"4054293114919";65,00;15.5.2026 00:00:00;;"ca8845gree100100";"Camouflage Blanket";"100100";"845";"gree";"Sortiment";""
"  ACCESSOIRES";"4054293114933";0,00;15.5.2026 00:00:00;;"ca8845grey100100";"Camouflage Blanket";"100100";"845";"grey";"Sortiment";"Ware in Bestellung -Ankunft geplant  "
"  ACCESSOIRES";"4054293114926";31,00;15.5.2026 00:00:00;;"ca8845pink100100";"Camouflage Blanket";"100100";"845";"pink";"Sortiment";""
"  ACCESSOIRES";"4054293114902";0,00;15.5.2026 00:00:00;;"ca8845taup100100";"Camouflage Blanket";"100100";"845";"taup";"Sortiment";"Ware in Bestellung -Ankunft geplant  "
"  ACCESSOIRES";"4054293114957";105,00;15.5.2026 00:00:00;;"ca9845gree100100";"Camouflage Cushion";"100100";"845";"gree";"Sortiment";""
"  ACCESSOIRES";"4054293114971";0,00;15.5.2026 00:00:00;;"ca9845grey100100";"Camouflage Cushion";"100100";"845";"grey";"Sortiment";"Ware in Bestellung -Ankunft geplant  "
"  ACCESSOIRES";"4054293114964";64,00;15.5.2026 00:00:00;;"ca9845pink100100";"Camouflage Cushion";"100100";"845";"pink";"Sortiment";""
"  ACCESSOIRES";"4054293114940";50,00;15.5.2026 00:00:00;;"ca9845taup100100";"Camouflage Cushion";"100100";"845";"taup";"Sortiment";""
"  ACCESSOIRES";"4054293114803";0,00;15.5.2026 00:00:00;;"ja8155mult100100";"Jamaica Blankets";"100100";"155";"mult";"Sortiment";"Ware in Bestellung -Ankunft geplant  "
"  ACCESSOIRES";"4054293114810";0,00;15.5.2026 00:00:00;;"ja9155mult100100";"Jamaica Cushion";"100100";"155";"mult";"Sortiment";"Ware in Bestellung -Ankunft geplant  "
"  ACCESSOIRES";"4054293114827";65,00;15.5.2026 00:00:00;;"mo8225anth100100";"Monaco Blanket";"100100";"225";"anth";"Sortiment";""
"  ACCESSOIRES";"4054293114834";11,00;15.5.2026 00:00:00;;"mo8225ivor100100";"Monaco Blanket";"100100";"225";"ivor";"Sortiment";""
"  ACCESSOIRES";"4054293117064";26,00;15.5.2026 00:00:00;;"mo8225silv100100";"Monaco Blanket";"100100";"225";"silv";"Sortiment";""
"  ACCESSOIRES";"4054293114858";145,00;15.5.2026 00:00:00;;"mo9225anth100100";"Monaco Cushion";"100100";"225";"anth";"Sortiment";""
"  ACCESSOIRES";"4054293114865";75,00;15.5.2026 00:00:00;;"mo9225ivor100100";"Monaco Cushion";"100100";"225";"ivor";"Sortiment";""
"  ACCESSOIRES";"4054293117071";106,00;15.5.2026 00:00:00;;"mo9225silv100100";"Monaco Cushion";"100100";"225";"silv";"Sortiment";""
"  ACCESSOIRES";"4054293106617";0,00;15.5.2026 00:00:00;;"pon111grey100100";"Pouf Nomad";"100100";"111";"grey";"Sortiment";"Ware in Bestellung -Ankunft geplant  "
"  ACCESSOIRES";"4054293106624";0,00;15.5.2026 00:00:00;;"pon111sand100100";"Pouf Nomad";"100100";"111";"sand";"Sortiment";"Ware in Bestellung -Ankunft geplant  "
"  ACCESSOIRES";"4054293099452";1,00;15.5.2026 00:00:00;;"por888bord100100";"Pouf Royal";"100100";"888";"Bordeaux";"Sortimentsverlasser";"Ausläufer- kein weiterer Wareneingang"
"  ACCESSOIRES";"4054293062753";18,00;15.5.2026 00:00:00;;"por888coff100100";"Pouf Royal";"100100";"888";"Coffee";"Sortiment";""
"  ACCESSOIRES";"4054293072509";0,00;15.5.2026 00:00:00;;"por888grap100100";"Pouf Royal";"100100";"888";"Graphite";"Sortiment";"Ware in Bestellung -Ankunft geplant  "
"  ACCESSOIRES";"4054293072516";0,00;15.5.2026 00:00:00;;"por888ivor100100";"Pouf Royal";"100100";"888";"Ivory";"Sortiment";"Ware in Bestellung -Ankunft geplant  "
"  ACCESSOIRES";"4054293099445";1,00;15.5.2026 00:00:00;;"por888purp100100";"Pouf Royal";"100100";"888";"Purple";"Sortimentsverlasser";"Ausläufer- kein weiterer Wareneingang"
"  ACCESSOIRES";"4054293072523";0,00;15.5.2026 00:00:00;;"por888sand100100";"Pouf Royal";"100100";"888";"Sand";"Sortiment";"Ware in Bestellung -Ankunft geplant  "
"  ACCESSOIRES";"4054293072547";0,00;15.5.2026 00:00:00;;"por888silv100100";"Pouf Royal";"100100";"888";"Silver";"Sortiment";"Ware in Bestellung -Ankunft geplant  "
"  ACCESSOIRES";"4054293072530";0,00;15.5.2026 00:00:00;;"por888taup100100";"Pouf Royal";"100100";"888";"Taupe";"Sortiment";"Ware in Bestellung -Ankunft geplant  "
"  ACCESSOIRES";"4054293069257";0,00;15.5.2026 00:00:00;;"sac595anth100100";"Samba Cushion";"100100";"595";"anthracite";"Sortimentsverlasser";"Ausläufer- kein weiterer Wareneingang"
"  ACCESSOIRES";"4054293106983";88,00;15.5.2026 00:00:00;;"sac595bord100100";"Samba Cushion";"100100";"595";"bordeaux";"Sortimentsverlasser";""
"  ACCESSOIRES";"4054293090404";0,00;15.5.2026 00:00:00;;"sac595ivor100100";"Samba Cushion";"100100";"595";"ivory";"Sortimentsverlasser";"Ausläufer- kein weiterer Wareneingang"
"  ACCESSOIRES";"4054293099605";10,00;15.5.2026 00:00:00;;"sac595lemo100100";"Samba Cushion";"100100";"595";"lemon";"Sortimentsverlasser";""
"  ACCESSOIRES";"4054293090411";0,00;15.5.2026 00:00:00;;"sac595popi100100";"Samba Cushion";"100100";"595";"powder pink";"Sortimentsverlasser";"Ausläufer- kein weiterer Wareneingang"
"  ACCESSOIRES";"4054293090428";0,00;15.5.2026 00:00:00;;"sac595silv100100";"Samba Cushion";"100100";"595";"silver";"Sortimentsverlasser";"Ausläufer- kein weiterer Wareneingang"
"  ACCESSOIRES";"4054293090435";0,00;15.5.2026 00:00:00;;"sac595taup100100";"Samba Cushion";"100100";"595";"taupe";"Sortimentsverlasser";"Ausläufer- kein weiterer Wareneingang"
"  ACCESSOIRES";"4054293114889";10,00;15.5.2026 00:00:00;;"sf8165crea100100";"Safari Blanket";"100100";"165";"crea";"Sortiment";""
"  ACCESSOIRES";"4054293114896";86,00;15.5.2026 00:00:00;;"sf9165crea100100";"Safari Cushion";"100100";"165";"crea";"Sortiment";""
"  ACCESSOIRES";"4054293068205";0,00;15.5.2026 00:00:00;;"sli475crea070140";"Slip Stop";"070140";"475";"cream";"Sortiment";"Ware in Bestellung -Ankunft geplant  "
"  ACCESSOIRES";"4054293068212";21,00;15.5.2026 00:00:00;;"sli475crea110160";"Slip Stop";"110160";"475";"cream";"Sortiment";""
"  ACCESSOIRES";"4054293085943";0,00;15.5.2026 00:00:00;;"sli475crea150220";"Slip Stop";"150220";"475";"cream";"Sortiment";"Ware in Bestellung -Ankunft geplant  "
"  ACCESSOIRES";"4054293085950";8,00;15.5.2026 00:00:00;;"sli475crea180270";"Slip Stop";"180270";"475";"cream";"Sortiment";""
"  ACCESSOIRES";"4054293114988";45,00;15.5.2026 00:00:00;;"va8245anth100100";"Valley Blanket";"100100";"245";"anth";"Sortiment";""
"  ACCESSOIRES";"4054293115008";0,00;15.5.2026 00:00:00;;"va8245ivor100100";"Valley Blanket";"100100";"245";"ivor";"Sortiment";"Ware in Bestellung -Ankunft geplant  "
"  ACCESSOIRES";"4054293115022";54,00;15.5.2026 00:00:00;;"va8245silv100100";"Valley Blanket";"100100";"245";"silv";"Sortiment";""
"  ACCESSOIRES";"4054293115046";161,00;15.5.2026 00:00:00;;"va9245anth100100";"Valley Cushion";"100100";"245";"anth";"Sortiment";""
"  ACCESSOIRES";"4054293115060";23,00;15.5.2026 00:00:00;;"va9245ivor100100";"Valley Cushion";"100100";"245";"ivor";"Sortiment";""
"  ACCESSOIRES";"4054293115084";63,00;15.5.2026 00:00:00;;"va9245silv100100";"Valley Cushion";"100100";"245";"silv";"Sortiment";""
"  ACCESSOIRES";"4054293115107";5,00;15.5.2026 00:00:00;;"wa8305blue100100";"Waves Blanket";"100100";"305";"blue";"Sortiment";"Ware in Bestellung -Ankunft geplant  "
"  ACCESSOIRES";"4054293115114";0,00;15.5.2026 00:00:00;;"wa8305silv100100";"Waves Blanket";"100100";"305";"silv";"Sortiment";"Ware in Bestellung -Ankunft geplant  "
"  ACCESSOIRES";"4054293115121";0,00;15.5.2026 00:00:00;;"wa8305taup100100";"Waves Blanket";"100100";"305";"taup";"Sortiment";"Ware in Bestellung -Ankunft geplant  "
"  ACCESSOIRES";"4054293115138";17,00;15.5.2026 00:00:00;;"wa9305blue100100";"Waves Cushion";"100100";"305";"blue";"Sortiment";""
"  ACCESSOIRES";"4054293115145";46,00;15.5.2026 00:00:00;;"wa9305silv100100";"Waves Cushion";"100100";"305";"silv";"Sortiment";""
"  ACCESSOIRES";"4054293115152";0,00;15.5.2026 00:00:00;;"wa9305taup100100";"Waves Cushion";"100100";"305";"taup";"Sortiment";"Ware in Bestellung -Ankunft geplant  "
"  BASIC";"4054293109458";0,00;15.5.2026 00:00:00;;"ari880redd040060";"Ariana";"040060";"880";"redd";"Sortimentsverlasser";"Ausläufer- kein weiterer Wareneingang"
"  BASIC";"4054293109441";0,00;15.5.2026 00:00:00;;"ari880redd080150";"Ariana";"080150";"880";"redd";"Sortimentsverlasser";"Ausläufer- kein weiterer Wareneingang"
"  BASIC";"4054293109434";0,00;15.5.2026 00:00:00;;"ari880redd100300";"Ariana";"100300";"880";"redd";"Sortimentsverlasser";"Ausläufer- kein weiterer Wareneingang"
"  BASIC";"4054293110256";0,00;15.5.2026 00:00:00;;"ari880redd120170";"Ariana";"120170";"880";"redd";"Sortimentsverlasser";"Ausläufer- kein weiterer Wareneingang"
"  BASIC";"4054293109427";0,00;15.5.2026 00:00:00;;"ari880redd160230";"Ariana";"160230";"880";"redd";"Sortimentsverlasser";"Ausläufer- kein weiterer Wareneingang"
"  BASIC";"4054293109410";0,00;15.5.2026 00:00:00;;"ari880redd200290";"Ariana";"200290";"880";"redd";"Sortimentsverlasser";"Ausläufer- kein weiterer Wareneingang"
"  BASIC";"4054293109403";0,00;15.5.2026 00:00:00;;"ari880redd240340";"Ariana";"240340";"880";"redd";"Sortimentsverlasser";"Ausläufer- kein weiterer Wareneingang"
"  BASIC";"4054293109397";0,00;15.5.2026 00:00:00;;"ari880redd300400";"Ariana";"300400";"880";"redd";"Sortimentsverlasser";"Ausläufer- kein weiterer Wareneingang"
"  BASIC";"4054293109526";0,00;15.5.2026 00:00:00;;"ari881redd040060";"Ariana";"040060";"881";"redd";"Sortimentsverlasser";"Ausläufer- kein weiterer Wareneingang"
"  BASIC";"4054293109519";16,00;15.5.2026 00:00:00;;"ari881redd080150";"Ariana";"080150";"881";"redd";"Sortimentsverlasser";""
"  BASIC";"4054293109502";0,00;15.5.2026 00:00:00;;"ari881redd100300";"Ariana";"100300";"881";"redd";"Sortimentsverlasser";"Ware in Bestellung -Ankunft geplant  "
"  BASIC";"4054293110263";0,00;15.5.2026 00:00:00;;"ari881redd120170";"Ariana";"120170";"881";"redd";"Sortimentsverlasser";"Ware in Bestellung -Ankunft geplant  "
"  BASIC";"4054293109496";0,00;15.5.2026 00:00:00;;"ari881redd160230";"Ariana";"160230";"881";"redd";"Sortimentsverlasser";"Ausläufer- kein weiterer Wareneingang"
"  BASIC";"4054293109489";0,00;15.5.2026 00:00:00;;"ari881redd200290";"Ariana";"200290";"881";"redd";"Sortimentsverlasser";"Ausläufer- kein weiterer Wareneingang"
"  BASIC";"4054293109472";1,00;15.5.2026 00:00:00;;"ari881redd240340";"Ariana";"240340";"881";"redd";"Sortimentsverlasser";"Ausläufer- kein weiterer Wareneingang"
"  BASIC";"4054293109465";0,00;15.5.2026 00:00:00;;"ari881redd300400";"Ariana";"300400";"881";"redd";"Sortimentsverlasser";"Ware in Bestellung -Ankunft geplant  "
"  BASIC";"4054293109595";0,00;15.5.2026 00:00:00;;"ari882redd040060";"Ariana";"040060";"882";"redd";"Sortimentsverlasser";"Ausläufer- kein weiterer Wareneingang"
"  BASIC";"4054293109588";0,00;15.5.2026 00:00:00;;"ari882redd080150";"Ariana";"080150";"882";"redd";"Sortimentsverlasser";"Ausläufer- kein weiterer Wareneingang"
"  BASIC";"4054293109571";0,00;15.5.2026 00:00:00;;"ari882redd100300";"Ariana";"100300";"882";"redd";"Sortimentsverlasser";"Ausläufer- kein weiterer Wareneingang"
"  BASIC";"4054293110270";0,00;15.5.2026 00:00:00;;"ari882redd120170";"Ariana";"120170";"882";"redd";"Sortimentsverlasser";"Ausläufer- kein weiterer Wareneingang"
"  BASIC";"4054293109564";0,00;15.5.2026 00:00:00;;"ari882redd160230";"Ariana";"160230";"882";"redd";"Sortimentsverlasser";"Ausläufer- kein weiterer Wareneingang"
"  BASIC";"4054293109557";0,00;15.5.2026 00:00:00;;"ari882redd200290";"Ariana";"200290";"882";"redd";"Sortimentsverlasser";"Ausläufer- kein weiterer Wareneingang"
"  BASIC";"4054293109540";0,00;15.5.2026 00:00:00;;"ari882redd240340";"Ariana";"240340";"882";"redd";"Sortimentsverlasser";"Ausläufer- kein weiterer Wareneingang"
"  BASIC";"4054293109533";0,00;15.5.2026 00:00:00;;"ari882redd300400";"Ariana";"300400";"882";"redd";"Sortimentsverlasser";"Ausläufer- kein weiterer Wareneingang"
"  BASIC";"4054293109663";0,00;15.5.2026 00:00:00;;"ari883redd040060";"Ariana";"040060";"883";"redd";"Sortimentsverlasser";"Ausläufer- kein weiterer Wareneingang"
"  BASIC";"4054293109656";6,00;15.5.2026 00:00:00;;"ari883redd080150";"Ariana";"080150";"883";"redd";"Sortimentsverlasser";""
"  BASIC";"4054293109649";0,00;15.5.2026 00:00:00;;"ari883redd100300";"Ariana";"100300";"883";"redd";"Sortimentsverlasser";"Ausläufer- kein weiterer Wareneingang"
"  BASIC";"4054293110287";0,00;15.5.2026 00:00:00;;"ari883redd120170";"Ariana";"120170";"883";"redd";"Sortimentsverlasser";"Ausläufer- kein weiterer Wareneingang"
"  BASIC";"4054293109632";0,00;15.5.2026 00:00:00;;"ari883redd160230";"Ariana";"160230";"883";"redd";"Sortimentsverlasser";"Ausläufer- kein weiterer Wareneingang"
"  BASIC";"4054293109625";0,00;15.5.2026 00:00:00;;"ari883redd200290";"Ariana";"200290";"883";"redd";"Sortimentsverlasser";"Ausläufer- kein weiterer Wareneingang"
"  BASIC";"4054293109618";0,00;15.5.2026 00:00:00;;"ari883redd240340";"Ariana";"240340";"883";"redd";"Sortimentsverlasser";"Ausläufer- kein weiterer Wareneingang"
"  BASIC";"4054293109601";0,00;15.5.2026 00:00:00;;"ari883redd300400";"Ariana";"300400";"883";"redd";"Sortimentsverlasser";"Ausläufer- kein weiterer Wareneingang"
"  BASIC";"4054293115169";0,00;15.5.2026 00:00:00;;"Cay970grey080150";"Canyon";"080150";"970";"grey";"Sortimentsverlasser";"Ausläufer- kein weiterer Wareneingang"
"  BASIC";"4054293115176";12,00;15.5.2026 00:00:00;;"Cay970grey120170";"Canyon";"120170";"970";"grey";"Sortimentsverlasser";""
"  BASIC";"4054293115183";0,00;15.5.2026 00:00:00;;"Cay970grey160230";"Canyon";"160230";"970";"grey";"Sortimentsverlasser";"Ausläufer- kein weiterer Wareneingang"
"  BASIC";"4054293115190";0,00;15.5.2026 00:00:00;;"Cay970grey200290";"Canyon";"200290";"970";"grey";"Sortimentsverlasser";"Ausläufer- kein weiterer Wareneingang"
"  BASIC";"4054293115206";0,00;15.5.2026 00:00:00;;"Cay970grey240330";"Canyon";"240330";"970";"grey";"Sortimentsverlasser";"Ausläufer- kein weiterer Wareneingang"
"  BASIC";"4054293115213";0,00;15.5.2026 00:00:00;;"Cay970taup080150";"Canyon";"080150";"970";"taup";"Sortimentsverlasser";"Ausläufer- kein weiterer Wareneingang"
"  BASIC";"4054293115220";0,00;15.5.2026 00:00:00;;"Cay970taup120170";"Canyon";"120170";"970";"taup";"Sortimentsverlasser";"Ausläufer- kein weiterer Wareneingang"
"  BASIC";"4054293115237";0,00;15.5.2026 00:00:00;;"Cay970taup160230";"Canyon";"160230";"970";"taup";"Sortimentsverlasser";"Ausläufer- kein weiterer Wareneingang"
"  BASIC";"4054293115244";0,00;15.5.2026 00:00:00;;"Cay970taup200290";"Canyon";"200290";"970";"taup";"Sortimentsverlasser";"Ausläufer- kein weiterer Wareneingang"
"  BASIC";"4054293115251";1,00;15.5.2026 00:00:00;;"Cay970taup240330";"Canyon";"240330";"970";"taup";"Sortimentsverlasser";"Ausläufer- kein weiterer Wareneingang"
"  BASIC";"4054293115268";40,00;15.5.2026 00:00:00;;"Cay971grey080150";"Canyon";"080150";"971";"grey";"Sortimentsverlasser";""
"  BASIC";"4054293115275";20,00;15.5.2026 00:00:00;;"Cay971grey120170";"Canyon";"120170";"971";"grey";"Sortimentsverlasser";""
"  BASIC";"4054293115282";0,00;15.5.2026 00:00:00;;"Cay971grey160230";"Canyon";"160230";"971";"grey";"Sortimentsverlasser";"Ausläufer- kein weiterer Wareneingang"
"  BASIC";"4054293115299";22,00;15.5.2026 00:00:00;;"Cay971grey200290";"Canyon";"200290";"971";"grey";"Sortimentsverlasser";""
"  BASIC";"4054293115305";12,00;15.5.2026 00:00:00;;"Cay971grey240330";"Canyon";"240330";"971";"grey";"Sortimentsverlasser";""
"  BASIC";"4054293115312";15,00;15.5.2026 00:00:00;;"Cay971taup080150";"Canyon";"080150";"971";"taup";"Sortimentsverlasser";""
"  BASIC";"4054293115329";14,00;15.5.2026 00:00:00;;"Cay971taup120170";"Canyon";"120170";"971";"taup";"Sortimentsverlasser";""
"  BASIC";"4054293115336";3,00;15.5.2026 00:00:00;;"Cay971taup160230";"Canyon";"160230";"971";"taup";"Sortimentsverlasser";"Ausläufer- kein weiterer Wareneingang"
"  BASIC";"4054293115343";22,00;15.5.2026 00:00:00;;"Cay971taup200290";"Canyon";"200290";"971";"taup";"Sortimentsverlasser";""
"  BASIC";"4054293115350";12,00;15.5.2026 00:00:00;;"Cay971taup240330";"Canyon";"240330";"971";"taup";"Sortimentsverlasser";""
"  BASIC";"4054293115367";30,00;15.5.2026 00:00:00;;"Cay972anth080150";"Canyon";"080150";"972";"anth";"Sortimentsverlasser";""
"  BASIC";"4054293115374";6,00;15.5.2026 00:00:00;;"Cay972anth120170";"Canyon";"120170";"972";"anth";"Sortimentsverlasser";""
"  BASIC";"4054293115381";0,00;15.5.2026 00:00:00;;"Cay972anth160230";"Canyon";"160230";"972";"anth";"Sortimentsverlasser";"Ausläufer- kein weiterer Wareneingang"
"  BASIC";"4054293115398";0,00;15.5.2026 00:00:00;;"Cay972anth200290";"Canyon";"200290";"972";"anth";"Sortimentsverlasser";"Ausläufer- kein weiterer Wareneingang"
"  BASIC";"4054293115404";7,00;15.5.2026 00:00:00;;"Cay972anth240330";"Canyon";"240330";"972";"anth";"Sortimentsverlasser";""
"  BASIC";"4054293115411";20,00;15.5.2026 00:00:00;;"Cay972crea080150";"Canyon";"080150";"972";"crea";"Sortimentsverlasser";""
"  BASIC";"4054293115428";4,00;15.5.2026 00:00:00;;"Cay972crea120170";"Canyon";"120170";"972";"crea";"Sortimentsverlasser";"Ausläufer- kein weiterer Wareneingang"
"  BASIC";"4054293115435";0,00;15.5.2026 00:00:00;;"Cay972crea160230";"Canyon";"160230";"972";"crea";"Sortimentsverlasser";"Ausläufer- kein weiterer Wareneingang"
"  BASIC";"4054293115442";0,00;15.5.2026 00:00:00;;"Cay972crea200290";"Canyon";"200290";"972";"crea";"Sortimentsverlasser";"Ausläufer- kein weiterer Wareneingang"
"  BASIC";"4054293115459";0,00;15.5.2026 00:00:00;;"Cay972crea240330";"Canyon";"240330";"972";"crea";"Sortimentsverlasser";"Ausläufer- kein weiterer Wareneingang"
"  BASIC";"4054293115466";24,00;15.5.2026 00:00:00;;"Cay973anth080150";"Canyon";"080150";"973";"anth";"Sortimentsverlasser";""
"  BASIC";"4054293115473";11,00;15.5.2026 00:00:00;;"Cay973anth120170";"Canyon";"120170";"973";"anth";"Sortimentsverlasser";""
"  BASIC";"4054293115480";16,00;15.5.2026 00:00:00;;"Cay973anth160230";"Canyon";"160230";"973";"anth";"Sortimentsverlasser";""
"  BASIC";"4054293115497";8,00;15.5.2026 00:00:00;;"Cay973anth200290";"Canyon";"200290";"973";"anth";"Sortimentsverlasser";""
"  BASIC";"4054293115503";10,00;15.5.2026 00:00:00;;"Cay973anth240330";"Canyon";"240330";"973";"anth";"Sortimentsverlasser";""
"  BASIC";"4054293115510";0,00;15.5.2026 00:00:00;;"Cay973crea080150";"Canyon";"080150";"973";"crea";"Sortimentsverlasser";"Ausläufer- kein weiterer Wareneingang"
"  BASIC";"4054293115527";0,00;15.5.2026 00:00:00;;"Cay973crea120170";"Canyon";"120170";"973";"crea";"Sortimentsverlasser";"Ausläufer- kein weiterer Wareneingang"
"  BASIC";"4054293115534";0,00;15.5.2026 00:00:00;;"Cay973crea160230";"Canyon";"160230";"973";"crea";"Sortimentsverlasser";"Ausläufer- kein weiterer Wareneingang"
"  BASIC";"4054293115541";0,00;15.5.2026 00:00:00;;"Cay973crea200290";"Canyon";"200290";"973";"crea";"Sortimentsverlasser";"Ausläufer- kein weiterer Wareneingang"
"  BASIC";"4054293115558";0,00;15.5.2026 00:00:00;;"Cay973crea240330";"Canyon";"240330";"973";"crea";"Sortimentsverlasser";"Ausläufer- kein weiterer Wareneingang"
"  BASIC";"4054293115565";34,00;15.5.2026 00:00:00;;"Cay974blue080150";"Canyon";"080150";"974";"blue";"Sortimentsverlasser";""
"  BASIC";"4054293115572";0,00;15.5.2026 00:00:00;;"Cay974blue120170";"Canyon";"120170";"974";"blue";"Sortimentsverlasser";"Ausläufer- kein weiterer Wareneingang"
"  BASIC";"4054293115589";0,00;15.5.2026 00:00:00;;"Cay974blue160230";"Canyon";"160230";"974";"blue";"Sortimentsverlasser";"Ausläufer- kein weiterer Wareneingang"
"  BASIC";"4054293115596";4,00;15.5.2026 00:00:00;;"Cay974blue200290";"Canyon";"200290";"974";"blue";"Sortimentsverlasser";"Ausläufer- kein weiterer Wareneingang"
"  BASIC";"4054293115602";8,00;15.5.2026 00:00:00;;"Cay974blue240330";"Canyon";"240330";"974";"blue";"Sortimentsverlasser";""
"  BASIC";"4054293115619";2,00;15.5.2026 00:00:00;;"Cay974grey080150";"Canyon";"080150";"974";"grey";"Sortimentsverlasser";"Ausläufer- kein weiterer Wareneingang"
"  BASIC";"4054293115626";0,00;15.5.2026 00:00:00;;"Cay974grey120170";"Canyon";"120170";"974";"grey";"Sortimentsverlasser";"Ausläufer- kein weiterer Wareneingang"
"  BASIC";"4054293115633";0,00;15.5.2026 00:00:00;;"Cay974grey160230";"Canyon";"160230";"974";"grey";"Sortimentsverlasser";"Ausläufer- kein weiterer Wareneingang"
"  BASIC";"4054293115640";7,00;15.5.2026 00:00:00;;"Cay974grey200290";"Canyon";"200290";"974";"grey";"Sortimentsverlasser";""
"  BASIC";"4054293115657";10,00;15.5.2026 00:00:00;;"Cay974grey240330";"Canyon";"240330";"974";"grey";"Sortimentsverlasser";""
"  BASIC";"4054293115664";0,00;15.5.2026 00:00:00;;"Cay974taup080150";"Canyon";"080150";"974";"taup";"Sortimentsverlasser";"Ausläufer- kein weiterer Wareneingang"
"  BASIC";"4054293115671";0,00;15.5.2026 00:00:00;;"Cay974taup120170";"Canyon";"120170";"974";"taup";"Sortimentsverlasser";"Ausläufer- kein weiterer Wareneingang"
"  BASIC";"4054293115688";0,00;15.5.2026 00:00:00;;"Cay974taup160230";"Canyon";"160230";"974";"taup";"Sortimentsverlasser";"Ausläufer- kein weiterer Wareneingang"
"  BASIC";"4054293115695";0,00;15.5.2026 00:00:00;;"Cay974taup200290";"Canyon";"200290";"974";"taup";"Sortimentsverlasser";"Ausläufer- kein weiterer Wareneingang"
"  BASIC";"4054293115701";0,00;15.5.2026 00:00:00;;"Cay974taup240330";"Canyon";"240330";"974";"taup";"Sortimentsverlasser";"Ausläufer- kein weiterer Wareneingang"
"  BASIC";"4054293115718";0,00;15.5.2026 00:00:00;;"Cay975taup080150";"Canyon";"080150";"975";"taup";"Sortimentsverlasser";"Ausläufer- kein weiterer Wareneingang"
"  BASIC";"4054293115725";16,00;15.5.2026 00:00:00;;"Cay975taup120170";"Canyon";"120170";"975";"taup";"Sortimentsverlasser";""
"  BASIC";"4054293115732";15,00;15.5.2026 00:00:00;;"Cay975taup160230";"Canyon";"160230";"975";"taup";"Sortimentsverlasser";""
"  BASIC";"4054293115749";0,00;15.5.2026 00:00:00;;"Cay975taup200290";"Canyon";"200290";"975";"taup";"Sortimentsverlasser";"Ausläufer- kein weiterer Wareneingang"
"  BASIC";"4054293115756";6,00;15.5.2026 00:00:00;;"Cay975taup240330";"Canyon";"240330";"975";"taup";"Sortimentsverlasser";""
"  BASIC";"4054293115763";6,00;15.5.2026 00:00:00;;"Cay976blue160230s";"Canyon";"160230s";"976";"blue";"Sortimentsverlasser";""
"  BASIC";"4054293115770";0,00;15.5.2026 00:00:00;;"Cay976taup160230s";"Canyon";"160230s";"976";"taup";"Sortimentsverlasser";"Ausläufer- kein weiterer Wareneingang"
"  BASIC";"4054293052105";55,00;15.5.2026 00:00:00;;"cur490ivor060110";"Curacao";"060110";"490";"ivory";"Sortiment";""
"  BASIC";"4054293052112";0,00;15.5.2026 00:00:00;;"cur490ivor080150";"Curacao";"080150";"490";"ivory";"Sortiment";"Ware in Bestellung -Ankunft geplant  "
"  BASIC";"4054293052129";62,00;15.5.2026 00:00:00;;"cur490ivor120170";"Curacao";"120170";"490";"ivory";"Sortiment";""
"  BASIC";"4054293052136";16,00;15.5.2026 00:00:00;;"cur490ivor160230";"Curacao";"160230";"490";"ivory";"Sortiment";""
"  BASIC";"4054293052143";31,00;15.5.2026 00:00:00;;"cur490ivor200290";"Curacao";"200290";"490";"ivory";"Sortiment";""
"  BASIC";"4054293051818";55,00;15.5.2026 00:00:00;;"cur490petr";"Curacao";"080150";"490";"petrol";"Sortiment";""
"  BASIC";"4054293051801";40,00;15.5.2026 00:00:00;;"cur490petr060110";"Curacao";"060110";"490";"petrol";"Sortiment";""
"  BASIC";"4054293051825";83,00;15.5.2026 00:00:00;;"cur490petr120170";"Curacao";"120170";"490";"petrol";"Sortiment";""
"  BASIC";"4054293051832";65,00;15.5.2026 00:00:00;;"cur490petr160230";"Curacao";"160230";"490";"petrol";"Sortiment";""
"  BASIC";"4054293051849";16,00;15.5.2026 00:00:00;;"cur490petr200290";"Curacao";"200290";"490";"petrol";"Sortiment";""
"  BASIC";"4054293051900";60,00;15.5.2026 00:00:00;;"cur490popi060110";"Curacao";"060110";"490";"powder pink";"Sortiment";""
"  BASIC";"4054293051917";30,00;15.5.2026 00:00:00;;"cur490popi080150";"Curacao";"080150";"490";"powder pink";"Sortiment";""
"  BASIC";"4054293051924";95,00;15.5.2026 00:00:00;;"cur490popi120170";"Curacao";"120170";"490";"powder pink";"Sortiment";""
"  BASIC";"4054293051931";41,00;15.5.2026 00:00:00;;"cur490popi160230";"Curacao";"160230";"490";"powder pink";"Sortiment";""
"  BASIC";"4054293051948";88,00;15.5.2026 00:00:00;;"cur490popi200290";"Curacao";"200290";"490";"powder pink";"Sortiment";""
"  BASIC";"4054293052150";53,00;15.5.2026 00:00:00;;"cur490silv060110";"Curacao";"060110";"490";"silver";"Sortiment";""
"  BASIC";"4054293052167";0,00;15.5.2026 00:00:00;;"cur490silv080150";"Curacao";"080150";"490";"silver";"Sortiment";"Ware in Bestellung -Ankunft geplant  "
"  BASIC";"4054293052174";70,00;15.5.2026 00:00:00;;"cur490silv120170";"Curacao";"120170";"490";"silver";"Sortiment";""
"  BASIC";"4054293052181";21,00;15.5.2026 00:00:00;;"cur490silv160230";"Curacao";"160230";"490";"silver";"Sortiment";""
"  BASIC";"4054293052198";11,00;15.5.2026 00:00:00;;"cur490silv200290";"Curacao";"200290";"490";"silver";"Sortiment";""
"  BASIC";"4054293066904";88,00;15.5.2026 00:00:00;;"cur490taup060110";"Curacao";"060110";"490";"taupe";"Sortimentsverlasser";""
"  BASIC";"4054293066911";5,00;15.5.2026 00:00:00;;"cur490taup080150";"Curacao";"080150";"490";"taupe";"Sortimentsverlasser";"Ausläufer- kein weiterer Wareneingang"
"  BASIC";"4054293080634";106,00;15.5.2026 00:00:00;;"cur490taup120170";"Curacao";"120170";"490";"taupe";"Sortimentsverlasser";""
"  BASIC";"4054293080641";40,00;15.5.2026 00:00:00;;"cur490taup160230";"Curacao";"160230";"490";"taupe";"Sortimentsverlasser";""
"  BASIC";"4054293080658";72,00;15.5.2026 00:00:00;;"cur490taup200290";"Curacao";"200290";"490";"taupe";"Sortimentsverlasser";""
"  BASIC";"4054293069998";42,00;15.5.2026 00:00:00;;"emi250crea060110";"Emilia";"060110";"250";"cream";"Sortimentsverlasser";""
"  BASIC";"4054293070000";0,00;15.5.2026 00:00:00;;"emi250crea080150";"Emilia";"080150";"250";"cream";"Sortimentsverlasser";"Ausläufer- kein weiterer Wareneingang"
"  BASIC";"4054293070017";0,00;15.5.2026 00:00:00;;"emi250crea120170";"Emilia";"120170";"250";"cream";"Sortimentsverlasser";"Ausläufer- kein weiterer Wareneingang"
"  BASIC";"4054293070024";0,00;15.5.2026 00:00:00;;"emi250crea160230";"Emilia";"160230";"250";"cream";"Sortimentsverlasser";"Ausläufer- kein weiterer Wareneingang"
"  BASIC";"4054293070031";0,00;15.5.2026 00:00:00;;"emi250crea200290";"Emilia";"200290";"250";"cream";"Sortimentsverlasser";"Ausläufer- kein weiterer Wareneingang"
"  BASIC";"4054293070093";0,00;15.5.2026 00:00:00;;"emi250grap060110";"Emilia";"060110";"250";"graphite";"Sortimentsverlasser";"Ausläufer- kein weiterer Wareneingang"
"  BASIC";"4054293070109";0,00;15.5.2026 00:00:00;;"emi250grap080150";"Emilia";"080150";"250";"graphite";"Sortimentsverlasser";"Ausläufer- kein weiterer Wareneingang"
"  BASIC";"4054293070116";0,00;15.5.2026 00:00:00;;"emi250grap120170";"Emilia";"120170";"250";"graphite";"Sortimentsverlasser";"Ausläufer- kein weiterer Wareneingang"
"  BASIC";"4054293070123";0,00;15.5.2026 00:00:00;;"emi250grap160230";"Emilia";"160230";"250";"graphite";"Sortimentsverlasser";"Ausläufer- kein weiterer Wareneingang"
"  BASIC";"4054293070130";0,00;15.5.2026 00:00:00;;"emi250grap200290";"Emilia";"200290";"250";"graphite";"Sortimentsverlasser";"Ausläufer- kein weiterer Wareneingang"
"  BASIC";"4054293070390";0,00;15.5.2026 00:00:00;;"emi250popu060110";"Emilia";"060110";"250";"powder purple";"Sortimentsverlasser";"Ausläufer- kein weiterer Wareneingang"
"  BASIC";"4054293070406";0,00;15.5.2026 00:00:00;;"emi250popu080150";"Emilia";"080150";"250";"powder purple";"Sortimentsverlasser";"Ausläufer- kein weiterer Wareneingang"
"  BASIC";"4054293070413";0,00;15.5.2026 00:00:00;;"emi250popu120170";"Emilia";"120170";"250";"powder purple";"Sortimentsverlasser";"Ausläufer- kein weiterer Wareneingang"
"  BASIC";"4054293070420";0,00;15.5.2026 00:00:00;;"emi250popu160230";"Emilia";"160230";"250";"powder purple";"Sortimentsverlasser";"Ausläufer- kein weiterer Wareneingang"
"  BASIC";"4054293070437";0,00;15.5.2026 00:00:00;;"emi250popu200290";"Emilia";"200290";"250";"powder purple";"Sortimentsverlasser";"Ausläufer- kein weiterer Wareneingang"
"  BASIC";"4054293070345";35,00;15.5.2026 00:00:00;;"emi250silv060110";"Emilia";"060110";"250";"silver";"Sortimentsverlasser";""
"  BASIC";"4054293070352";0,00;15.5.2026 00:00:00;;"emi250silv080150";"Emilia";"080150";"250";"silver";"Sortimentsverlasser";"Ausläufer- kein weiterer Wareneingang"
"  BASIC";"4054293070369";0,00;15.5.2026 00:00:00;;"emi250silv120170";"Emilia";"120170";"250";"silver";"Sortimentsverlasser";"Ausläufer- kein weiterer Wareneingang"
"  BASIC";"4054293070376";0,00;15.5.2026 00:00:00;;"emi250silv160230";"Emilia";"160230";"250";"silver";"Sortimentsverlasser";"Ausläufer- kein weiterer Wareneingang"
"  BASIC";"4054293070383";0,00;15.5.2026 00:00:00;;"emi250silv200290";"Emilia";"200290";"250";"silver";"Sortimentsverlasser";"Ausläufer- kein weiterer Wareneingang"
"  BASIC";"4054293070048";5,00;15.5.2026 00:00:00;;"emi250taup060110";"Emilia";"060110";"250";"taupe";"Sortimentsverlasser";"Ausläufer- kein weiterer Wareneingang"
"  BASIC";"4054293070055";0,00;15.5.2026 00:00:00;;"emi250taup080150";"Emilia";"080150";"250";"taupe";"Sortimentsverlasser";"Ausläufer- kein weiterer Wareneingang"
"  BASIC";"4054293070062";0,00;15.5.2026 00:00:00;;"emi250taup120170";"Emilia";"120170";"250";"taupe";"Sortimentsverlasser";"Ausläufer- kein weiterer Wareneingang"
"  BASIC";"4054293070079";0,00;15.5.2026 00:00:00;;"emi250taup160230";"Emilia";"160230";"250";"taupe";"Sortimentsverlasser";"Ausläufer- kein weiterer Wareneingang"
"  BASIC";"4054293070086";0,00;15.5.2026 00:00:00;;"emi250taup200290";"Emilia";"200290";"250";"taupe";"Sortimentsverlasser";"Ausläufer- kein weiterer Wareneingang"
"  BASIC";"4054293127216";91,00;15.5.2026 00:00:00;;"eve420mult040060";"Everest";"040060";"420";"mult";"Sortimentsverlasser";""
"  BASIC";"4054293117514";196,00;15.5.2026 00:00:00;;"eve420mult060110";"Everest";"060110";"420";"mult";"Sortimentsverlasser";""
"  BASIC";"4054293117507";0,00;15.5.2026 00:00:00;;"eve420mult080150";"Everest";"080150";"420";"mult";"Sortimentsverlasser";"Ausläufer- kein weiterer Wareneingang"
"  BASIC";"4054293117484";0,00;15.5.2026 00:00:00;;"eve420mult120170";"Everest";"120170";"420";"mult";"Sortimentsverlasser";"Ausläufer- kein weiterer Wareneingang"
"  BASIC";"4054293117477";0,00;15.5.2026 00:00:00;;"eve420mult140200";"Everest";"140200";"420";"mult";"Sortimentsverlasser";"Ausläufer- kein weiterer Wareneingang"
"  BASIC";"4054293117460";0,00;15.5.2026 00:00:00;;"eve420mult160230";"Everest";"160230";"420";"mult";"Sortimentsverlasser";"Ausläufer- kein weiterer Wareneingang"
"  BASIC";"4054293117453";0,00;15.5.2026 00:00:00;;"eve420mult200290";"Everest";"200290";"420";"mult";"Sortimentsverlasser";"Ausläufer- kein weiterer Wareneingang"
"  BASIC";"4054293117606";18,00;15.5.2026 00:00:00;;"eve421mult060110";"Everest";"060110";"421";"mult";"Sortimentsverlasser";""
"  BASIC";"4054293117590";0,00;15.5.2026 00:00:00;;"eve421mult080150";"Everest";"080150";"421";"mult";"Sortimentsverlasser";"Ausläufer- kein weiterer Wareneingang"
"  BASIC";"4054293117576";14,00;15.5.2026 00:00:00;;"eve421mult120170";"Everest";"120170";"421";"mult";"Sortimentsverlasser";""
"  BASIC";"4054293117569";0,00;15.5.2026 00:00:00;;"eve421mult140200";"Everest";"140200";"421";"mult";"Sortimentsverlasser";"Ausläufer- kein weiterer Wareneingang"
"  BASIC";"4054293117552";0,00;15.5.2026 00:00:00;;"eve421mult160230";"Everest";"160230";"421";"mult";"Sortimentsverlasser";"Ausläufer- kein weiterer Wareneingang"
"  BASIC";"4054293117545";0,00;15.5.2026 00:00:00;;"eve421mult200290";"Everest";"200290";"421";"mult";"Sortimentsverlasser";"Ausläufer- kein weiterer Wareneingang"
"  BASIC";"4054293117538";0,00;15.5.2026 00:00:00;;"eve421mult240330";"Everest";"240330";"421";"mult";"Sortimentsverlasser";"Ausläufer- kein weiterer Wareneingang"
"  BASIC";"4054293117521";0,00;15.5.2026 00:00:00;;"eve421mult280370";"Everest";"280370";"421";"mult";"Sortimentsverlasser";"Ausläufer- kein weiterer Wareneingang"
"  BASIC";"4054293117675";0,00;15.5.2026 00:00:00;;"eve422grey060110";"Everest";"060110";"422";"grey";"Sortimentsverlasser";"Ausläufer- kein weiterer Wareneingang"
"  BASIC";"4054293117668";0,00;15.5.2026 00:00:00;;"eve422grey080150";"Everest";"080150";"422";"grey";"Sortimentsverlasser";"Ausläufer- kein weiterer Wareneingang"
"  BASIC";"4054293117644";0,00;15.5.2026 00:00:00;;"eve422grey120170";"Everest";"120170";"422";"grey";"Sortimentsverlasser";"Ausläufer- kein weiterer Wareneingang"
"  BASIC";"4054293117637";0,00;15.5.2026 00:00:00;;"eve422grey140200";"Everest";"140200";"422";"grey";"Sortimentsverlasser";"Ausläufer- kein weiterer Wareneingang"
"  BASIC";"4054293117620";0,00;15.5.2026 00:00:00;;"eve422grey160230";"Everest";"160230";"422";"grey";"Sortimentsverlasser";"Ausläufer- kein weiterer Wareneingang"
"  BASIC";"4054293117613";0,00;15.5.2026 00:00:00;;"eve422grey200290";"Everest";"200290";"422";"grey";"Sortimentsverlasser";"Ausläufer- kein weiterer Wareneingang"
"  BASIC";"4054293117743";0,00;15.5.2026 00:00:00;;"eve423mult060110";"Everest";"060110";"423";"mult";"Sortimentsverlasser";"Ausläufer- kein weiterer Wareneingang"
"  BASIC";"4054293117736";0,00;15.5.2026 00:00:00;;"eve423mult080150";"Everest";"080150";"423";"mult";"Sortimentsverlasser";"Ausläufer- kein weiterer Wareneingang"
"  BASIC";"4054293117712";0,00;15.5.2026 00:00:00;;"eve423mult120170";"Everest";"120170";"423";"mult";"Sortimentsverlasser";"Ausläufer- kein weiterer Wareneingang"
"  BASIC";"4054293117705";0,00;15.5.2026 00:00:00;;"eve423mult140200";"Everest";"140200";"423";"mult";"Sortimentsverlasser";"Ausläufer- kein weiterer Wareneingang"
"  BASIC";"4054293117699";0,00;15.5.2026 00:00:00;;"eve423mult160230";"Everest";"160230";"423";"mult";"Sortimentsverlasser";"Ausläufer- kein weiterer Wareneingang"
"  BASIC";"4054293117682";0,00;15.5.2026 00:00:00;;"eve423mult200290";"Everest";"200290";"423";"mult";"Sortimentsverlasser";"Ausläufer- kein weiterer Wareneingang"
"  BASIC";"4054293117811";13,00;15.5.2026 00:00:00;;"eve424mult060110";"Everest";"060110";"424";"mult";"Sortimentsverlasser";""
"  BASIC";"4054293117804";0,00;15.5.2026 00:00:00;;"eve424mult080150";"Everest";"080150";"424";"mult";"Sortimentsverlasser";"Ausläufer- kein weiterer Wareneingang"
"  BASIC";"4054293117781";0,00;15.5.2026 00:00:00;;"eve424mult120170";"Everest";"120170";"424";"mult";"Sortimentsverlasser";"Ausläufer- kein weiterer Wareneingang"
"  BASIC";"4054293117774";0,00;15.5.2026 00:00:00;;"eve424mult140200";"Everest";"140200";"424";"mult";"Sortimentsverlasser";"Ausläufer- kein weiterer Wareneingang"
"  BASIC";"4054293117767";0,00;15.5.2026 00:00:00;;"eve424mult160230";"Everest";"160230";"424";"mult";"Sortimentsverlasser";"Ausläufer- kein weiterer Wareneingang"
"  BASIC";"4054293117750";0,00;15.5.2026 00:00:00;;"eve424mult200290";"Everest";"200290";"424";"mult";"Sortimentsverlasser";"Ausläufer- kein weiterer Wareneingang"
"  BASIC";"4054293117880";0,00;15.5.2026 00:00:00;;"eve425crea060110";"Everest";"060110";"425";"crea";"Sortimentsverlasser";"Ausläufer- kein weiterer Wareneingang"
"  BASIC";"4054293117873";0,00;15.5.2026 00:00:00;;"eve425crea080150";"Everest";"080150";"425";"crea";"Sortimentsverlasser";"Ausläufer- kein weiterer Wareneingang"
"  BASIC";"4054293117859";2,00;15.5.2026 00:00:00;;"eve425crea120170";"Everest";"120170";"425";"crea";"Sortimentsverlasser";"Ausläufer- kein weiterer Wareneingang"
"  BASIC";"4054293117842";5,00;15.5.2026 00:00:00;;"eve425crea140200";"Everest";"140200";"425";"crea";"Sortimentsverlasser";"Ausläufer- kein weiterer Wareneingang"
"  BASIC";"4054293117835";1,00;15.5.2026 00:00:00;;"eve425crea160230";"Everest";"160230";"425";"crea";"Sortimentsverlasser";"Ausläufer- kein weiterer Wareneingang"
"  BASIC";"4054293117828";0,00;15.5.2026 00:00:00;;"eve425crea200290";"Everest";"200290";"425";"crea";"Sortimentsverlasser";"Ausläufer- kein weiterer Wareneingang"
"  BASIC";"4054293127223";98,00;15.5.2026 00:00:00;;"eve426mult040060";"Everest";"040060";"426";"mult";"Sortimentsverlasser";""
"  BASIC";"4054293117972";181,00;15.5.2026 00:00:00;;"eve426mult060110";"Everest";"060110";"426";"mult";"Sortimentsverlasser";""
"  BASIC";"4054293117965";0,00;15.5.2026 00:00:00;;"eve426mult080150";"Everest";"080150";"426";"mult";"Sortimentsverlasser";"Ausläufer- kein weiterer Wareneingang"
"  BASIC";"4054293117941";2,00;15.5.2026 00:00:00;;"eve426mult120170";"Everest";"120170";"426";"mult";"Sortimentsverlasser";"Ausläufer- kein weiterer Wareneingang"
"  BASIC";"4054293117934";0,00;15.5.2026 00:00:00;;"eve426mult140200";"Everest";"140200";"426";"mult";"Sortimentsverlasser";"Ausläufer- kein weiterer Wareneingang"
"  BASIC";"4054293117927";0,00;15.5.2026 00:00:00;;"eve426mult160230";"Everest";"160230";"426";"mult";"Sortimentsverlasser";"Ausläufer- kein weiterer Wareneingang"
"  BASIC";"4054293117910";0,00;15.5.2026 00:00:00;;"eve426mult200290";"Everest";"200290";"426";"mult";"Sortimentsverlasser";"Ausläufer- kein weiterer Wareneingang"
"  BASIC";"4054293117903";0,00;15.5.2026 00:00:00;;"eve426mult240330";"Everest";"240330";"426";"mult";"Sortimentsverlasser";"Ausläufer- kein weiterer Wareneingang"
"  BASIC";"4054293117897";0,00;15.5.2026 00:00:00;;"eve426mult280370";"Everest";"280370";"426";"mult";"Sortimentsverlasser";"Ausläufer- kein weiterer Wareneingang"
"  BASIC";"4054293118061";13,00;15.5.2026 00:00:00;;"eve427beig060110";"Everest";"060110";"427";"beig";"Sortimentsverlasser";""
"  BASIC";"4054293118054";0,00;15.5.2026 00:00:00;;"eve427beig080150";"Everest";"080150";"427";"beig";"Sortimentsverlasser";"Ausläufer- kein weiterer Wareneingang"
"  BASIC";"4054293118030";0,00;15.5.2026 00:00:00;;"eve427beig120170";"Everest";"120170";"427";"beig";"Sortimentsverlasser";"Ausläufer- kein weiterer Wareneingang"
"  BASIC";"4054293118023";0,00;15.5.2026 00:00:00;;"eve427beig140200";"Everest";"140200";"427";"beig";"Sortimentsverlasser";"Ausläufer- kein weiterer Wareneingang"
"  BASIC";"4054293118016";0,00;15.5.2026 00:00:00;;"eve427beig160230";"Everest";"160230";"427";"beig";"Sortimentsverlasser";"Ausläufer- kein weiterer Wareneingang"
"  BASIC";"4054293118009";0,00;15.5.2026 00:00:00;;"eve427beig200290";"Everest";"200290";"427";"beig";"Sortimentsverlasser";"Ausläufer- kein weiterer Wareneingang"
"  BASIC";"4054293117996";0,00;15.5.2026 00:00:00;;"eve427beig240330";"Everest";"240330";"427";"beig";"Sortimentsverlasser";"Ausläufer- kein weiterer Wareneingang"
"  BASIC";"4054293117989";0,00;15.5.2026 00:00:00;;"eve427beig280370";"Everest";"280370";"427";"beig";"Sortimentsverlasser";"Ausläufer- kein weiterer Wareneingang"
"  BASIC";"4054293118139";0,00;15.5.2026 00:00:00;;"eve428beig060110";"Everest";"060110";"428";"beig";"Sortimentsverlasser";"Ausläufer- kein weiterer Wareneingang"
"  BASIC";"4054293118122";196,00;15.5.2026 00:00:00;;"eve428beig080150";"Everest";"080150";"428";"beig";"Sortimentsverlasser";""
"  BASIC";"4054293118108";191,00;15.5.2026 00:00:00;;"eve428beig120170";"Everest";"120170";"428";"beig";"Sortimentsverlasser";""
"  BASIC";"4054293118092";0,00;15.5.2026 00:00:00;;"eve428beig140200";"Everest";"140200";"428";"beig";"Sortimentsverlasser";"Ausläufer- kein weiterer Wareneingang"
"  BASIC";"4054293118085";8,00;15.5.2026 00:00:00;;"eve428beig160230";"Everest";"160230";"428";"beig";"Sortimentsverlasser";""
"  BASIC";"4054293118078";0,00;15.5.2026 00:00:00;;"eve428beig200290";"Everest";"200290";"428";"beig";"Sortimentsverlasser";"Ausläufer- kein weiterer Wareneingang"
"  BASIC";"4054293118221";35,00;15.5.2026 00:00:00;;"eve429beig060110";"Everest";"060110";"429";"beig";"Sortimentsverlasser";""
"  BASIC";"4054293118214";10,00;15.5.2026 00:00:00;;"eve429beig080150";"Everest";"080150";"429";"beig";"Sortimentsverlasser";""
"  BASIC";"4054293118191";11,00;15.5.2026 00:00:00;;"eve429beig120170";"Everest";"120170";"429";"beig";"Sortimentsverlasser";""
"  BASIC";"4054293118184";0,00;15.5.2026 00:00:00;;"eve429beig140200";"Everest";"140200";"429";"beig";"Sortimentsverlasser";"Ausläufer- kein weiterer Wareneingang"
"  BASIC";"4054293118177";0,00;15.5.2026 00:00:00;;"eve429beig160230";"Everest";"160230";"429";"beig";"Sortimentsverlasser";"Ausläufer- kein weiterer Wareneingang"
"  BASIC";"4054293118160";0,00;15.5.2026 00:00:00;;"eve429beig200290";"Everest";"200290";"429";"beig";"Sortimentsverlasser";"Ausläufer- kein weiterer Wareneingang"
"  BASIC";"4054293118153";0,00;15.5.2026 00:00:00;;"eve429beig240330";"Everest";"240330";"429";"beig";"Sortimentsverlasser";"Ausläufer- kein weiterer Wareneingang"
"  BASIC";"4054293118146";0,00;15.5.2026 00:00:00;;"eve429beig280370";"Everest";"280370";"429";"beig";"Sortimentsverlasser";"Ausläufer- kein weiterer Wareneingang"
"  BASIC";"4054293118290";1,00;15.5.2026 00:00:00;;"eve430terr060110";"Everest";"060110";"430";"terr";"Sortimentsverlasser";"Ausläufer- kein weiterer Wareneingang"
"  BASIC";"4054293118283";2,00;15.5.2026 00:00:00;;"eve430terr080150";"Everest";"080150";"430";"terr";"Sortimentsverlasser";"Ausläufer- kein weiterer Wareneingang"
"  BASIC";"4054293118269";0,00;15.5.2026 00:00:00;;"eve430terr120170";"Everest";"120170";"430";"terr";"Sortimentsverlasser";"Ausläufer- kein weiterer Wareneingang"
"  BASIC";"4054293118252";1,00;15.5.2026 00:00:00;;"eve430terr140200";"Everest";"140200";"430";"terr";"Sortimentsverlasser";"Ausläufer- kein weiterer Wareneingang"
"  BASIC";"4054293118245";0,00;15.5.2026 00:00:00;;"eve430terr160230";"Everest";"160230";"430";"terr";"Sortimentsverlasser";"Ausläufer- kein weiterer Wareneingang"
"  BASIC";"4054293118238";0,00;15.5.2026 00:00:00;;"eve430terr200290";"Everest";"200290";"430";"terr";"Sortimentsverlasser";"Ausläufer- kein weiterer Wareneingang"
"  BASIC";"4054293118368";16,00;15.5.2026 00:00:00;;"eve431grey060110";"Everest";"060110";"431";"grey";"Sortimentsverlasser";""
"  BASIC";"4054293118351";0,00;15.5.2026 00:00:00;;"eve431grey080150";"Everest";"080150";"431";"grey";"Sortimentsverlasser";"Ausläufer- kein weiterer Wareneingang"
"  BASIC";"4054293118337";0,00;15.5.2026 00:00:00;;"eve431grey120170";"Everest";"120170";"431";"grey";"Sortimentsverlasser";"Ausläufer- kein weiterer Wareneingang"
"  BASIC";"4054293118320";2,00;15.5.2026 00:00:00;;"eve431grey140200";"Everest";"140200";"431";"grey";"Sortimentsverlasser";"Ausläufer- kein weiterer Wareneingang"
"  BASIC";"4054293118313";0,00;15.5.2026 00:00:00;;"eve431grey160230";"Everest";"160230";"431";"grey";"Sortimentsverlasser";"Ausläufer- kein weiterer Wareneingang"
"  BASIC";"4054293118306";0,00;15.5.2026 00:00:00;;"eve431grey200290";"Everest";"200290";"431";"grey";"Sortimentsverlasser";"Ausläufer- kein weiterer Wareneingang"
"  BASIC";"4054293118436";47,00;15.5.2026 00:00:00;;"eve432coff060110";"Everest";"060110";"432";"coff";"Sortimentsverlasser";""
"  BASIC";"4054293118429";217,00;15.5.2026 00:00:00;;"eve432coff080150";"Everest";"080150";"432";"coff";"Sortimentsverlasser";""
"  BASIC";"4054293118405";240,00;15.5.2026 00:00:00;;"eve432coff120170";"Everest";"120170";"432";"coff";"Sortimentsverlasser";""
"  BASIC";"4054293118399";4,00;15.5.2026 00:00:00;;"eve432coff140200";"Everest";"140200";"432";"coff";"Sortimentsverlasser";"Ausläufer- kein weiterer Wareneingang"
"  BASIC";"4054293118382";16,00;15.5.2026 00:00:00;;"eve432coff160230";"Everest";"160230";"432";"coff";"Sortimentsverlasser";""
"  BASIC";"4054293118375";0,00;15.5.2026 00:00:00;;"eve432coff200290";"Everest";"200290";"432";"coff";"Sortimentsverlasser";"Ausläufer- kein weiterer Wareneingang"
"  BASIC";"4054293118528";69,00;15.5.2026 00:00:00;;"eve433coff060110";"Everest";"060110";"433";"coff";"Sortimentsverlasser";""
"  BASIC";"4054293118511";27,00;15.5.2026 00:00:00;;"eve433coff080150";"Everest";"080150";"433";"coff";"Sortimentsverlasser";""
"  BASIC";"4054293118498";35,00;15.5.2026 00:00:00;;"eve433coff120170";"Everest";"120170";"433";"coff";"Sortimentsverlasser";""
"  BASIC";"4054293118481";0,00;15.5.2026 00:00:00;;"eve433coff140200";"Everest";"140200";"433";"coff";"Sortimentsverlasser";"Ausläufer- kein weiterer Wareneingang"
"  BASIC";"4054293118474";1,00;15.5.2026 00:00:00;;"eve433coff160230";"Everest";"160230";"433";"coff";"Sortimentsverlasser";"Ausläufer- kein weiterer Wareneingang"
"  BASIC";"4054293118467";0,00;15.5.2026 00:00:00;;"eve433coff200290";"Everest";"200290";"433";"coff";"Sortimentsverlasser";"Ausläufer- kein weiterer Wareneingang"
"  BASIC";"4054293118450";0,00;15.5.2026 00:00:00;;"eve433coff240330";"Everest";"240330";"433";"coff";"Sortimentsverlasser";"Ausläufer- kein weiterer Wareneingang"
"  BASIC";"4054293118443";0,00;15.5.2026 00:00:00;;"eve433coff280370";"Everest";"280370";"433";"coff";"Sortimentsverlasser";"Ausläufer- kein weiterer Wareneingang"
"  BASIC";"4054293118597";1,00;15.5.2026 00:00:00;;"eve434grey060110";"Everest";"060110";"434";"grey";"Sortimentsverlasser";"Ausläufer- kein weiterer Wareneingang"
"  BASIC";"4054293118580";3,00;15.5.2026 00:00:00;;"eve434grey080150";"Everest";"080150";"434";"grey";"Sortimentsverlasser";"Ausläufer- kein weiterer Wareneingang"
"  BASIC";"4054293118566";0,00;15.5.2026 00:00:00;;"eve434grey120170";"Everest";"120170";"434";"grey";"Sortimentsverlasser";"Ausläufer- kein weiterer Wareneingang"
"  BASIC";"4054293118559";1,00;15.5.2026 00:00:00;;"eve434grey140200";"Everest";"140200";"434";"grey";"Sortimentsverlasser";"Ausläufer- kein weiterer Wareneingang"
"  BASIC";"4054293118542";0,00;15.5.2026 00:00:00;;"eve434grey160230";"Everest";"160230";"434";"grey";"Sortimentsverlasser";"Ausläufer- kein weiterer Wareneingang"
"  BASIC";"4054293118535";0,00;15.5.2026 00:00:00;;"eve434grey200290";"Everest";"200290";"434";"grey";"Sortimentsverlasser";"Ausläufer- kein weiterer Wareneingang"
"  BASIC";"4054293118689";234,00;15.5.2026 00:00:00;;"eve435grey060110";"Everest";"060110";"435";"grey";"Sortimentsverlasser";""
"  BASIC";"4054293118672";78,00;15.5.2026 00:00:00;;"eve435grey080150";"Everest";"080150";"435";"grey";"Sortimentsverlasser";""
"  BASIC";"4054293118658";61,00;15.5.2026 00:00:00;;"eve435grey120170";"Everest";"120170";"435";"grey";"Sortimentsverlasser";""
"  BASIC";"4054293118641";0,00;15.5.2026 00:00:00;;"eve435grey140200";"Everest";"140200";"435";"grey";"Sortimentsverlasser";"Ausläufer- kein weiterer Wareneingang"
"  BASIC";"4054293118634";5,00;15.5.2026 00:00:00;;"eve435grey160230";"Everest";"160230";"435";"grey";"Sortimentsverlasser";"Ausläufer- kein weiterer Wareneingang"
"  BASIC";"4054293118627";0,00;15.5.2026 00:00:00;;"eve435grey200290";"Everest";"200290";"435";"grey";"Sortimentsverlasser";"Ausläufer- kein weiterer Wareneingang"
"  BASIC";"4054293118610";0,00;15.5.2026 00:00:00;;"eve435grey240330";"Everest";"240330";"435";"grey";"Sortimentsverlasser";"Ausläufer- kein weiterer Wareneingang"
"  BASIC";"4054293118603";0,00;15.5.2026 00:00:00;;"eve435grey280370";"Everest";"280370";"435";"grey";"Sortimentsverlasser";"Ausläufer- kein weiterer Wareneingang"
"  BASIC";"4054293094372";75,00;15.5.2026 00:00:00;;"exo210mult120170";"Exotic";"120170";"210";"multi";"Sortiment";""
"  BASIC";"4054293094389";0,00;15.5.2026 00:00:00;;"exo210mult160230";"Exotic";"160230";"210";"multi";"Sortiment";"Ware in Bestellung -Ankunft geplant  "
"  BASIC";"4054293094433";110,00;15.5.2026 00:00:00;;"exo213mult120170";"Exotic";"120170";"213";"multi";"Sortiment";""
"  BASIC";"4054293094440";142,00;15.5.2026 00:00:00;;"exo213mult160230";"Exotic";"160230";"213";"multi";"Sortiment";""
"  BASIC";"4054293115817";0,00;15.5.2026 00:00:00;;"fri280anth080150";"Frisco";"080150";"280";"anth";"Sortimentsverlasser";"Ausläufer- kein weiterer Wareneingang"
"  BASIC";"4054293115824";1,00;15.5.2026 00:00:00;;"fri280anth120170";"Frisco";"120170";"280";"anth";"Sortimentsverlasser";"Ausläufer- kein weiterer Wareneingang"
"  BASIC";"4054293115831";7,00;15.5.2026 00:00:00;;"fri280anth160230";"Frisco";"160230";"280";"anth";"Sortimentsverlasser";""
"  BASIC";"4054293115848";0,00;15.5.2026 00:00:00;;"fri280anth200290";"Frisco";"200290";"280";"anth";"Sortimentsverlasser";"Ausläufer- kein weiterer Wareneingang"
"  BASIC";"4054293115855";9,00;15.5.2026 00:00:00;;"fri280anth240330";"Frisco";"240330";"280";"anth";"Sortimentsverlasser";""
"  BASIC";"4054293115862";2,00;15.5.2026 00:00:00;;"fri280taup080150";"Frisco";"080150";"280";"taup";"Sortimentsverlasser";"Ausläufer- kein weiterer Wareneingang"
"  BASIC";"4054293115879";0,00;15.5.2026 00:00:00;;"fri280taup120170";"Frisco";"120170";"280";"taup";"Sortimentsverlasser";"Ausläufer- kein weiterer Wareneingang"
"  BASIC";"4054293115886";0,00;15.5.2026 00:00:00;;"fri280taup160230";"Frisco";"160230";"280";"taup";"Sortimentsverlasser";"Ausläufer- kein weiterer Wareneingang"
"  BASIC";"4054293115893";0,00;15.5.2026 00:00:00;;"fri280taup200290";"Frisco";"200290";"280";"taup";"Sortimentsverlasser";"Ausläufer- kein weiterer Wareneingang"
"  BASIC";"4054293115909";10,00;15.5.2026 00:00:00;;"fri280taup240330";"Frisco";"240330";"280";"taup";"Sortimentsverlasser";""
"  BASIC";"4054293115916";0,00;15.5.2026 00:00:00;;"fri281blue080150";"Frisco";"080150";"281";"blue";"Sortimentsverlasser";"Ausläufer- kein weiterer Wareneingang"
"  BASIC";"4054293115923";0,00;15.5.2026 00:00:00;;"fri281blue120170";"Frisco";"120170";"281";"blue";"Sortimentsverlasser";"Ausläufer- kein weiterer Wareneingang"
"  BASIC";"4054293115930";0,00;15.5.2026 00:00:00;;"fri281blue160230";"Frisco";"160230";"281";"blue";"Sortimentsverlasser";"Ausläufer- kein weiterer Wareneingang"
"  BASIC";"4054293115947";4,00;15.5.2026 00:00:00;;"fri281blue200290";"Frisco";"200290";"281";"blue";"Sortimentsverlasser";"Ausläufer- kein weiterer Wareneingang"
"  BASIC";"4054293115954";8,00;15.5.2026 00:00:00;;"fri281blue240330";"Frisco";"240330";"281";"blue";"Sortimentsverlasser";""
"  BASIC";"4054293115961";0,00;15.5.2026 00:00:00;;"fri281grey080150";"Frisco";"080150";"281";"grey";"Sortimentsverlasser";"Ausläufer- kein weiterer Wareneingang"
"  BASIC";"4054293115978";0,00;15.5.2026 00:00:00;;"fri281grey120170";"Frisco";"120170";"281";"grey";"Sortimentsverlasser";"Ausläufer- kein weiterer Wareneingang"
"  BASIC";"4054293115985";0,00;15.5.2026 00:00:00;;"fri281grey160230";"Frisco";"160230";"281";"grey";"Sortimentsverlasser";"Ausläufer- kein weiterer Wareneingang"
"  BASIC";"4054293115992";0,00;15.5.2026 00:00:00;;"fri281grey200290";"Frisco";"200290";"281";"grey";"Sortimentsverlasser";"Ausläufer- kein weiterer Wareneingang"
"  BASIC";"4054293116005";4,00;15.5.2026 00:00:00;;"fri281grey240330";"Frisco";"240330";"281";"grey";"Sortimentsverlasser";"Ausläufer- kein weiterer Wareneingang"
"  BASIC";"4054293116012";0,00;15.5.2026 00:00:00;;"fri281taup080150";"Frisco";"080150";"281";"taup";"Sortimentsverlasser";"Ausläufer- kein weiterer Wareneingang"
"  BASIC";"4054293116029";0,00;15.5.2026 00:00:00;;"fri281taup120170";"Frisco";"120170";"281";"taup";"Sortimentsverlasser";"Ausläufer- kein weiterer Wareneingang"
"  BASIC";"4054293116036";0,00;15.5.2026 00:00:00;;"fri281taup160230";"Frisco";"160230";"281";"taup";"Sortimentsverlasser";"Ausläufer- kein weiterer Wareneingang"
"  BASIC";"4054293116043";0,00;15.5.2026 00:00:00;;"fri281taup200290";"Frisco";"200290";"281";"taup";"Sortimentsverlasser";"Ausläufer- kein weiterer Wareneingang"
"  BASIC";"4054293116050";0,00;15.5.2026 00:00:00;;"fri281taup240330";"Frisco";"240330";"281";"taup";"Sortimentsverlasser";"Ausläufer- kein weiterer Wareneingang"
"  BASIC";"4054293116067";0,00;15.5.2026 00:00:00;;"fri282blue080150";"Frisco";"080150";"282";"blue";"Sortimentsverlasser";"Ausläufer- kein weiterer Wareneingang"
"  BASIC";"4054293116074";0,00;15.5.2026 00:00:00;;"fri282blue120170";"Frisco";"120170";"282";"blue";"Sortimentsverlasser";"Ausläufer- kein weiterer Wareneingang"
"  BASIC";"4054293116081";0,00;15.5.2026 00:00:00;;"fri282blue160230";"Frisco";"160230";"282";"blue";"Sortimentsverlasser";"Ausläufer- kein weiterer Wareneingang"
"  BASIC";"4054293116098";0,00;15.5.2026 00:00:00;;"fri282blue200290";"Frisco";"200290";"282";"blue";"Sortimentsverlasser";"Ausläufer- kein weiterer Wareneingang"
"  BASIC";"4054293116104";0,00;15.5.2026 00:00:00;;"fri282blue240330";"Frisco";"240330";"282";"blue";"Sortimentsverlasser";"Ausläufer- kein weiterer Wareneingang"
"  BASIC";"4054293116111";0,00;15.5.2026 00:00:00;;"fri282grey080150";"Frisco";"080150";"282";"grey";"Sortimentsverlasser";"Ausläufer- kein weiterer Wareneingang"
"  BASIC";"4054293116128";0,00;15.5.2026 00:00:00;;"fri282grey120170";"Frisco";"120170";"282";"grey";"Sortimentsverlasser";"Ausläufer- kein weiterer Wareneingang"
"  BASIC";"4054293116135";0,00;15.5.2026 00:00:00;;"fri282grey160230";"Frisco";"160230";"282";"grey";"Sortimentsverlasser";"Ausläufer- kein weiterer Wareneingang"
"  BASIC";"4054293116142";0,00;15.5.2026 00:00:00;;"fri282grey200290";"Frisco";"200290";"282";"grey";"Sortimentsverlasser";"Ausläufer- kein weiterer Wareneingang"
"  BASIC";"4054293116159";0,00;15.5.2026 00:00:00;;"fri282grey240330";"Frisco";"240330";"282";"grey";"Sortimentsverlasser";"Ausläufer- kein weiterer Wareneingang"
"  BASIC";"4054293116166";29,00;15.5.2026 00:00:00;;"fri282taup080150";"Frisco";"080150";"282";"taup";"Sortimentsverlasser";""
"  BASIC";"4054293116173";0,00;15.5.2026 00:00:00;;"fri282taup120170";"Frisco";"120170";"282";"taup";"Sortimentsverlasser";"Ausläufer- kein weiterer Wareneingang"
"  BASIC";"4054293116180";0,00;15.5.2026 00:00:00;;"fri282taup160230";"Frisco";"160230";"282";"taup";"Sortimentsverlasser";"Ausläufer- kein weiterer Wareneingang"
"  BASIC";"4054293116197";0,00;15.5.2026 00:00:00;;"fri282taup200290";"Frisco";"200290";"282";"taup";"Sortimentsverlasser";"Ausläufer- kein weiterer Wareneingang"
"  BASIC";"4054293116203";0,00;15.5.2026 00:00:00;;"fri282taup240330";"Frisco";"240330";"282";"taup";"Sortimentsverlasser";"Ausläufer- kein weiterer Wareneingang"
"  BASIC";"4054293116210";0,00;15.5.2026 00:00:00;;"fri283blue080150";"Frisco";"080150";"283";"blue";"Sortimentsverlasser";"Ausläufer- kein weiterer Wareneingang"
"  BASIC";"4054293116227";8,00;15.5.2026 00:00:00;;"fri283blue120170";"Frisco";"120170";"283";"blue";"Sortimentsverlasser";""
"  BASIC";"4054293116234";0,00;15.5.2026 00:00:00;;"fri283blue160230";"Frisco";"160230";"283";"blue";"Sortimentsverlasser";"Ausläufer- kein weiterer Wareneingang"
"  BASIC";"4054293116241";5,00;15.5.2026 00:00:00;;"fri283blue200290";"Frisco";"200290";"283";"blue";"Sortimentsverlasser";"Ausläufer- kein weiterer Wareneingang"
"  BASIC";"4054293116258";6,00;15.5.2026 00:00:00;;"fri283blue240330";"Frisco";"240330";"283";"blue";"Sortimentsverlasser";""
"  BASIC";"4054293116265";29,00;15.5.2026 00:00:00;;"fri283taup080150";"Frisco";"080150";"283";"taup";"Sortimentsverlasser";""
"  BASIC";"4054293116272";0,00;15.5.2026 00:00:00;;"fri283taup120170";"Frisco";"120170";"283";"taup";"Sortimentsverlasser";"Ausläufer- kein weiterer Wareneingang"
"  BASIC";"4054293116289";4,00;15.5.2026 00:00:00;;"fri283taup160230";"Frisco";"160230";"283";"taup";"Sortimentsverlasser";"Ausläufer- kein weiterer Wareneingang"
"  BASIC";"4054293116296";0,00;15.5.2026 00:00:00;;"fri283taup200290";"Frisco";"200290";"283";"taup";"Sortimentsverlasser";"Ausläufer- kein weiterer Wareneingang"
"  BASIC";"4054293116302";10,00;15.5.2026 00:00:00;;"fri283taup240330";"Frisco";"240330";"283";"taup";"Sortimentsverlasser";""
"  BASIC";"4054293116319";2,00;15.5.2026 00:00:00;;"fri284grey080150";"Frisco";"080150";"284";"grey";"Sortimentsverlasser";"Ausläufer- kein weiterer Wareneingang"
"  BASIC";"4054293116326";0,00;15.5.2026 00:00:00;;"fri284grey120170";"Frisco";"120170";"284";"grey";"Sortimentsverlasser";"Ausläufer- kein weiterer Wareneingang"
"  BASIC";"4054293116333";0,00;15.5.2026 00:00:00;;"fri284grey160230";"Frisco";"160230";"284";"grey";"Sortimentsverlasser";"Ausläufer- kein weiterer Wareneingang"
"  BASIC";"4054293116340";0,00;15.5.2026 00:00:00;;"fri284grey200290";"Frisco";"200290";"284";"grey";"Sortimentsverlasser";"Ausläufer- kein weiterer Wareneingang"
"  BASIC";"4054293116357";12,00;15.5.2026 00:00:00;;"fri284grey240330";"Frisco";"240330";"284";"grey";"Sortimentsverlasser";""
"  BASIC";"4054293116364";0,00;15.5.2026 00:00:00;;"fri284taup080150";"Frisco";"080150";"284";"taup";"Sortimentsverlasser";"Ausläufer- kein weiterer Wareneingang"
"  BASIC";"4054293116371";2,00;15.5.2026 00:00:00;;"fri284taup120170";"Frisco";"120170";"284";"taup";"Sortimentsverlasser";"Ausläufer- kein weiterer Wareneingang"
"  BASIC";"4054293116388";10,00;15.5.2026 00:00:00;;"fri284taup160230";"Frisco";"160230";"284";"taup";"Sortimentsverlasser";""
"  BASIC";"4054293116395";1,00;15.5.2026 00:00:00;;"fri284taup200290";"Frisco";"200290";"284";"taup";"Sortimentsverlasser";"Ausläufer- kein weiterer Wareneingang"
"  BASIC";"4054293116401";0,00;15.5.2026 00:00:00;;"fri284taup240330";"Frisco";"240330";"284";"taup";"Sortimentsverlasser";"Ausläufer- kein weiterer Wareneingang"
"  BASIC";"4054293116418";3,00;15.5.2026 00:00:00;;"fri285blue160230s";"Frisco";"160230s";"285";"blue";"Sortimentsverlasser";"Ausläufer- kein weiterer Wareneingang"
"  BASIC";"4054293116425";0,00;15.5.2026 00:00:00;;"fri285grey160230s";"Frisco";"160230s";"285";"grey";"Sortimentsverlasser";"Ausläufer- kein weiterer Wareneingang"
"  BASIC";"4054293116432";0,00;15.5.2026 00:00:00;;"fri285taup160230s";"Frisco";"160230s";"285";"taup";"Sortimentsverlasser";"Ausläufer- kein weiterer Wareneingang"
"  BASIC";"4054293116449";0,00;15.5.2026 00:00:00;;"fri286grey160230s";"Frisco";"160230s";"286";"grey";"Sortimentsverlasser";"Ausläufer- kein weiterer Wareneingang"
"  BASIC";"4054293116456";0,00;15.5.2026 00:00:00;;"fri286taup160230s";"Frisco";"160230s";"286";"taup";"Sortimentsverlasser";"Ausläufer- kein weiterer Wareneingang"
"  BASIC";"4054293116463";0,00;15.5.2026 00:00:00;;"fri287taup160230s";"Frisco";"160230s";"287";"taup";"Sortimentsverlasser";"Ausläufer- kein weiterer Wareneingang"
"  BASIC";"4054293116470";0,00;15.5.2026 00:00:00;;"fri288grey160230s";"Frisco";"160230s";"288";"grey";"Sortimentsverlasser";"Ausläufer- kein weiterer Wareneingang"
"  BASIC";"4054293116487";0,00;15.5.2026 00:00:00;;"fri288taup160230s";"Frisco";"160230s";"288";"taup";"Sortimentsverlasser";"Ausläufer- kein weiterer Wareneingang"
"  BASIC";"4054293013816";3,00;15.5.2026 00:00:00;;"gen751silv080150";"Gent";"080150";"751";"silver";"Sortimentsverlasser";"Ausläufer- kein weiterer Wareneingang"
"  BASIC";"4054293013823";1,00;15.5.2026 00:00:00;;"gen751silv120170";"Gent";"120170";"751";"silver";"Sortimentsverlasser";"Ausläufer- kein weiterer Wareneingang"
"  BASIC";"4054293013991";0,00;15.5.2026 00:00:00;;"gen751silv155230";"Gent";"155230";"751";"silver";"Sortimentsverlasser";"Ausläufer- kein weiterer Wareneingang"
"  BASIC";"4054293013847";0,00;15.5.2026 00:00:00;;"gen751silv200290";"Gent";"200290";"751";"silver";"Sortimentsverlasser";"Ausläufer- kein weiterer Wareneingang"
"  BASIC";"4054293091029";59,00;15.5.2026 00:00:00;;"inc351taup040060";"Inca";"040060";"351";"taupe";"Sortimentsverlasser";""
"  BASIC";"4054293117392";4,00;15.5.2026 00:00:00;;"inc351taup060110";"Inca";"060110";"351";"taupe";"Sortimentsverlasser";"Ausläufer- kein weiterer Wareneingang"
"  BASIC";"4054293089385";0,00;15.5.2026 00:00:00;;"inc351taup080150";"Inca";"080150";"351";"taupe";"Sortimentsverlasser";"Ausläufer- kein weiterer Wareneingang"
"  BASIC";"4054293089392";0,00;15.5.2026 00:00:00;;"inc351taup120170";"Inca";"120170";"351";"taupe";"Sortimentsverlasser";"Ausläufer- kein weiterer Wareneingang"
"  BASIC";"4054293089408";0,00;15.5.2026 00:00:00;;"inc351taup160230";"Inca";"160230";"351";"taupe";"Sortimentsverlasser";"Ausläufer- kein weiterer Wareneingang"
"  BASIC";"4054293089415";0,00;15.5.2026 00:00:00;;"inc351taup200290";"Inca";"200290";"351";"taupe";"Sortimentsverlasser";"Ausläufer- kein weiterer Wareneingang"
"  BASIC";"4054293093856";79,00;15.5.2026 00:00:00;;"inc356mult040060";"Inca";"040060";"356";"multi";"Sortimentsverlasser";""
"  BASIC";"4054293117408";6,00;15.5.2026 00:00:00;;"inc356mult060110";"Inca";"060110";"356";"multi";"Sortimentsverlasser";""
"  BASIC";"4054293093818";0,00;15.5.2026 00:00:00;;"inc356mult080150";"Inca";"080150";"356";"multi";"Sortiment";"Ware in Bestellung -Ankunft geplant  "
"  BASIC";"4054293093825";0,00;15.5.2026 00:00:00;;"inc356mult120170";"Inca";"120170";"356";"multi";"Sortiment";"Ware in Bestellung -Ankunft geplant  "
"  BASIC";"4054293093832";0,00;15.5.2026 00:00:00;;"inc356mult160230";"Inca";"160230";"356";"multi";"Sortiment";"Ware in Bestellung -Ankunft geplant  "
"  BASIC";"4054293093849";144,00;15.5.2026 00:00:00;;"inc356mult200290";"Inca";"200290";"356";"multi";"Sortiment";""
"  BASIC";"4054293093900";55,00;15.5.2026 00:00:00;;"inc357taup040060";"Inca";"040060";"357";"taupe";"Sortimentsverlasser";""
"  BASIC";"4054293117415";0,00;15.5.2026 00:00:00;;"inc357taup060110";"Inca";"060110";"357";"taupe";"Sortimentsverlasser";"Ausläufer- kein weiterer Wareneingang"
"  BASIC";"4054293093863";2,00;15.5.2026 00:00:00;;"inc357taup080150";"Inca";"080150";"357";"taupe";"Sortimentsverlasser";"Ausläufer- kein weiterer Wareneingang"
"  BASIC";"4054293093870";0,00;15.5.2026 00:00:00;;"inc357taup120170";"Inca";"120170";"357";"taupe";"Sortimentsverlasser";"Ausläufer- kein weiterer Wareneingang"
"  BASIC";"4054293093887";0,00;15.5.2026 00:00:00;;"inc357taup160230";"Inca";"160230";"357";"taupe";"Sortimentsverlasser";"Ausläufer- kein weiterer Wareneingang"
"  BASIC";"4054293093894";0,00;15.5.2026 00:00:00;;"inc357taup200290";"Inca";"200290";"357";"taupe";"Sortimentsverlasser";"Ausläufer- kein weiterer Wareneingang"
"  BASIC";"4054293103302";5,00;15.5.2026 00:00:00;;"inc359crea040060";"Inca";"040060";"359";"cream";"Sortimentsverlasser";"Ausläufer- kein weiterer Wareneingang"
"  BASIC";"4054293117422";0,00;15.5.2026 00:00:00;;"inc359crea060110";"Inca";"060110";"359";"cream";"Sortimentsverlasser";"Ausläufer- kein weiterer Wareneingang"
"  BASIC";"4054293103265";0,00;15.5.2026 00:00:00;;"inc359crea080150";"Inca";"080150";"359";"cream";"Sortimentsverlasser";"Ausläufer- kein weiterer Wareneingang"
"  BASIC";"4054293103272";0,00;15.5.2026 00:00:00;;"inc359crea120170";"Inca";"120170";"359";"cream";"Sortimentsverlasser";"Ausläufer- kein weiterer Wareneingang"
"  BASIC";"4054293103289";0,00;15.5.2026 00:00:00;;"inc359crea160230";"Inca";"160230";"359";"cream";"Sortimentsverlasser";"Ausläufer- kein weiterer Wareneingang"
"  BASIC";"4054293103296";0,00;15.5.2026 00:00:00;;"inc359crea200290";"Inca";"200290";"359";"cream";"Sortimentsverlasser";"Ausläufer- kein weiterer Wareneingang"
"  BASIC";"4054293103357";0,00;15.5.2026 00:00:00;;"inc360ocea040060";"Inca";"040060";"360";"ocean";"Sortimentsverlasser";"Ausläufer- kein weiterer Wareneingang"
"  BASIC";"4054293117439";0,00;15.5.2026 00:00:00;;"inc360ocea060110";"Inca";"060110";"360";"ocean";"Sortimentsverlasser";"Ausläufer- kein weiterer Wareneingang"
"  BASIC";"4054293103319";0,00;15.5.2026 00:00:00;;"inc360ocea080150";"Inca";"080150";"360";"ocean";"Sortimentsverlasser";"Ausläufer- kein weiterer Wareneingang"
"  BASIC";"4054293103326";0,00;15.5.2026 00:00:00;;"inc360ocea120170";"Inca";"120170";"360";"ocean";"Sortimentsverlasser";"Ausläufer- kein weiterer Wareneingang"
"  BASIC";"4054293103333";0,00;15.5.2026 00:00:00;;"inc360ocea160230";"Inca";"160230";"360";"ocean";"Sortimentsverlasser";"Ausläufer- kein weiterer Wareneingang"
"  BASIC";"4054293103340";0,00;15.5.2026 00:00:00;;"inc360ocea200290";"Inca";"200290";"360";"ocean";"Sortimentsverlasser";"Ausläufer- kein weiterer Wareneingang"
"  BASIC";"4054293103401";0,00;15.5.2026 00:00:00;;"inc361mult040060";"Inca";"040060";"361";"multi";"Sortimentsverlasser";"Ausläufer- kein weiterer Wareneingang"
"  BASIC";"4054293117446";0,00;15.5.2026 00:00:00;;"inc361mult060110";"Inca";"060110";"361";"multi";"Sortimentsverlasser";"Ausläufer- kein weiterer Wareneingang"
"  BASIC";"4054293103364";353,00;15.5.2026 00:00:00;;"inc361mult080150";"Inca";"080150";"361";"multi";"Sortiment";""
"  BASIC";"4054293103371";280,00;15.5.2026 00:00:00;;"inc361mult120170";"Inca";"120170";"361";"multi";"Sortiment";""
"  BASIC";"4054293103388";322,00;15.5.2026 00:00:00;;"inc361mult160230";"Inca";"160230";"361";"multi";"Sortiment";""
"  BASIC";"4054293103395";134,00;15.5.2026 00:00:00;;"inc361mult200290";"Inca";"200290";"361";"multi";"Sortiment";""
"  BASIC";"4054293097151";65,00;15.5.2026 00:00:00;;"isf740beig040060";"Isfahan";"040060";"740";"beige";"Sortiment";""
"  BASIC";"4054293071564";214,00;15.5.2026 00:00:00;;"isf740beig080150";"Isfahan";"080150";"740";"beige";"Sortiment";""
"  BASIC";"4054293071571";173,00;15.5.2026 00:00:00;;"isf740beig120170";"Isfahan";"120170";"740";"beige";"Sortiment";""
"  BASIC";"4054293071588";264,00;15.5.2026 00:00:00;;"isf740beig160230";"Isfahan";"160230";"740";"beige";"Sortiment";""
"  BASIC";"4054293071595";76,00;15.5.2026 00:00:00;;"isf740beig200290";"Isfahan";"200290";"740";"beige";"Sortiment";""
"  BASIC";"4054293091777";1,00;15.5.2026 00:00:00;;"isf740grey200290";"Isfahan";"200290";"740";"grey";"Sortiment";"Ware in Bestellung -Ankunft geplant  "
"  BASIC";"4054293097168";25,00;15.5.2026 00:00:00;;"isf740redd040060";"Isfahan";"040060";"740";"red";"Sortiment";""
"  BASIC";"4054293071618";109,00;15.5.2026 00:00:00;;"isf740redd080150";"Isfahan";"080150";"740";"red";"Sortiment";""
"  BASIC";"4054293071625";209,00;15.5.2026 00:00:00;;"isf740redd120170";"Isfahan";"120170";"740";"red";"Sortiment";""
"  BASIC";"4054293071632";151,00;15.5.2026 00:00:00;;"isf740redd160230";"Isfahan";"160230";"740";"red";"Sortiment";""
"  BASIC";"4054293071649";45,00;15.5.2026 00:00:00;;"isf740redd200290";"Isfahan";"200290";"740";"red";"Sortiment";""
"  BASIC";"4054293097199";50,00;15.5.2026 00:00:00;;"isf741navy040060";"Isfahan";"040060";"741";"navy";"Sortiment";""
"  BASIC";"4054293093979";74,00;15.5.2026 00:00:00;;"isf741navy080150";"Isfahan";"080150";"741";"navy";"Sortiment";""
"  BASIC";"4054293093986";108,00;15.5.2026 00:00:00;;"isf741navy120170";"Isfahan";"120170";"741";"navy";"Sortiment";""
"  BASIC";"4054293093993";100,00;15.5.2026 00:00:00;;"isf741navy160230";"Isfahan";"160230";"741";"navy";"Sortiment";""
"  BASIC";"4054293094006";18,00;15.5.2026 00:00:00;;"isf741navy200290";"Isfahan";"200290";"741";"navy";"Sortiment";""
"  BASIC";"4054293097182";0,00;15.5.2026 00:00:00;;"isf741redd040060";"Isfahan";"040060";"741";"red";"Sortiment";"Ware in Bestellung -Ankunft geplant  "
"  BASIC";"4054293071663";53,00;15.5.2026 00:00:00;;"isf741redd080150";"Isfahan";"080150";"741";"red";"Sortiment";""
"  BASIC";"4054293071670";45,00;15.5.2026 00:00:00;;"isf741redd120170";"Isfahan";"120170";"741";"red";"Sortiment";""
"  BASIC";"4054293071687";0,00;15.5.2026 00:00:00;;"isf741redd160230";"Isfahan";"160230";"741";"red";"Sortiment";"Ware in Bestellung -Ankunft geplant  "
"  BASIC";"4054293071694";51,00;15.5.2026 00:00:00;;"isf741redd200290";"Isfahan";"200290";"741";"red";"Sortiment";""
"  BASIC";"4054293069417";0,00;15.5.2026 00:00:00;;"Lao453blue040060";"Laos";"040060";"453";"blue";"Sortimentsverlasser";"Ausläufer- kein weiterer Wareneingang"
"  BASIC";"4054293065709";0,00;15.5.2026 00:00:00;;"Lao453blue080150";"Laos";"080150";"453";"blue";"Sortimentsverlasser";"Ausläufer- kein weiterer Wareneingang"
"  BASIC";"4054293066317";0,00;15.5.2026 00:00:00;;"Lao453blue080235";"Laos";"080235";"453";"blue";"Sortimentsverlasser";"Ausläufer- kein weiterer Wareneingang"
"  BASIC";"4054293065723";0,00;15.5.2026 00:00:00;;"Lao453blue120170";"Laos";"120170";"453";"blue";"Sortimentsverlasser";"Ausläufer- kein weiterer Wareneingang"
"  BASIC";"4054293065730";0,00;15.5.2026 00:00:00;;"Lao453blue160230";"Laos";"160230";"453";"blue";"Sortimentsverlasser";"Ausläufer- kein weiterer Wareneingang"
"  BASIC";"4054293078297";4,00;15.5.2026 00:00:00;;"Lao453blue200285";"Laos";"200285";"453";"blue";"Sortimentsverlasser";"Ausläufer- kein weiterer Wareneingang"
"  BASIC";"4054293069424";0,00;15.5.2026 00:00:00;;"Lao453terr040060";"Laos";"040060";"453";"terra";"Sortimentsverlasser";"Ausläufer- kein weiterer Wareneingang"
"  BASIC";"4054293065761";0,00;15.5.2026 00:00:00;;"Lao453terr080150";"Laos";"080150";"453";"terra";"Sortimentsverlasser";"Ausläufer- kein weiterer Wareneingang"
"  BASIC";"4054293078303";0,00;15.5.2026 00:00:00;;"Lao453terr080235";"Laos";"080235";"453";"terra";"Sortimentsverlasser";"Ausläufer- kein weiterer Wareneingang"
"  BASIC";"4054293065785";73,00;15.5.2026 00:00:00;;"Lao453terr120170";"Laos";"120170";"453";"terra";"Sortimentsverlasser";""
"  BASIC";"4054293065792";0,00;15.5.2026 00:00:00;;"Lao453terr160230";"Laos";"160230";"453";"terra";"Sortimentsverlasser";"Ausläufer- kein weiterer Wareneingang"
"  BASIC";"4054293078327";0,00;15.5.2026 00:00:00;;"Lao453terr200285";"Laos";"200285";"453";"terra";"Sortimentsverlasser";"Ausläufer- kein weiterer Wareneingang"
"  BASIC";"4054293065822";27,00;15.5.2026 00:00:00;;"Lao454beig080150";"Laos";"080150";"454";"beig";"Sortimentsverlasser";""
"  BASIC";"4054293065846";2,00;15.5.2026 00:00:00;;"Lao454beig120170";"Laos";"120170";"454";"beig";"Sortimentsverlasser";"Ausläufer- kein weiterer Wareneingang"
"  BASIC";"4054293090879";0,00;15.5.2026 00:00:00;;"Lao454blue040060";"Laos";"040060";"454";"blue";"Sortimentsverlasser";"Ausläufer- kein weiterer Wareneingang"
"  BASIC";"4054293065884";0,00;15.5.2026 00:00:00;;"Lao454blue080150";"Laos";"080150";"454";"blue";"Sortimentsverlasser";"Ausläufer- kein weiterer Wareneingang"
"  BASIC";"4054293078365";0,00;15.5.2026 00:00:00;;"Lao454blue080235";"Laos";"080235";"454";"blue";"Sortimentsverlasser";"Ausläufer- kein weiterer Wareneingang"
"  BASIC";"4054293065907";0,00;15.5.2026 00:00:00;;"Lao454blue120170";"Laos";"120170";"454";"blue";"Sortimentsverlasser";"Ausläufer- kein weiterer Wareneingang"
"  BASIC";"4054293065914";0,00;15.5.2026 00:00:00;;"Lao454blue160230";"Laos";"160230";"454";"blue";"Sortimentsverlasser";"Ausläufer- kein weiterer Wareneingang"
"  BASIC";"4054293078389";0,00;15.5.2026 00:00:00;;"Lao454blue200285";"Laos";"200285";"454";"blue";"Sortimentsverlasser";"Ausläufer- kein weiterer Wareneingang"
"  BASIC";"4054293104309";0,00;15.5.2026 00:00:00;;"Lao463mult040060";"Laos";"040060";"463";"multi";"Sortimentsverlasser";"Ausläufer- kein weiterer Wareneingang"
"  BASIC";"4054293104255";0,00;15.5.2026 00:00:00;;"Lao463mult080150";"Laos";"080150";"463";"multi";"Sortimentsverlasser";"Ausläufer- kein weiterer Wareneingang"
"  BASIC";"4054293104286";0,00;15.5.2026 00:00:00;;"Lao463mult080235";"Laos";"080235";"463";"multi";"Sortimentsverlasser";"Ausläufer- kein weiterer Wareneingang"
"  BASIC";"4054293104262";0,00;15.5.2026 00:00:00;;"Lao463mult120170";"Laos";"120170";"463";"multi";"Sortimentsverlasser";"Ausläufer- kein weiterer Wareneingang"
"  BASIC";"4054293104279";0,00;15.5.2026 00:00:00;;"Lao463mult160230";"Laos";"160230";"463";"multi";"Sortimentsverlasser";"Ausläufer- kein weiterer Wareneingang"
"  BASIC";"4054293104293";0,00;15.5.2026 00:00:00;;"Lao463mult200285";"Laos";"200285";"463";"multi";"Sortimentsverlasser";"Ausläufer- kein weiterer Wareneingang"
"  BASIC";"4054293107553";3,00;15.5.2026 00:00:00;;"Lao465beig040060";"Laos";"040060";"465";"beig";"Sortimentsverlasser";"Ausläufer- kein weiterer Wareneingang"
"  BASIC";"4054293107508";3,00;15.5.2026 00:00:00;;"Lao465beig080150";"Laos";"080150";"465";"beig";"Sortimentsverlasser";"Ausläufer- kein weiterer Wareneingang"
"  BASIC";"4054293107522";21,00;15.5.2026 00:00:00;;"Lao465beig160230";"Laos";"160230";"465";"beig";"Sortimentsverlasser";""
"  BASIC";"4054293107614";36,00;15.5.2026 00:00:00;;"Lao466taup040060";"Laos";"040060";"466";"taup";"Sortimentsverlasser";""
"  BASIC";"4054293107591";5,00;15.5.2026 00:00:00;;"Lao466taup080235";"Laos";"080235";"466";"taup";"Sortimentsverlasser";"Ausläufer- kein weiterer Wareneingang"
"  BASIC";"4054293107577";5,00;15.5.2026 00:00:00;;"Lao466taup120170";"Laos";"120170";"466";"taup";"Sortimentsverlasser";"Ausläufer- kein weiterer Wareneingang"
"  BASIC";"4054293107584";25,00;15.5.2026 00:00:00;;"Lao466taup160230";"Laos";"160230";"466";"taup";"Sortimentsverlasser";""
"  BASIC";"4054293107676";63,00;15.5.2026 00:00:00;;"Lao467silv040060";"Laos";"040060";"467";"silv";"Sortimentsverlasser";""
"  BASIC";"4054293107638";4,00;15.5.2026 00:00:00;;"Lao467silv120170";"Laos";"120170";"467";"silv";"Sortimentsverlasser";"Ausläufer- kein weiterer Wareneingang"
"  BASIC";"4054293107799";0,00;15.5.2026 00:00:00;;"Lao468cora040060";"Laos";"040060";"468";"cora";"Sortimentsverlasser";"Ausläufer- kein weiterer Wareneingang"
"  BASIC";"4054293107744";0,00;15.5.2026 00:00:00;;"Lao468cora080150";"Laos";"080150";"468";"cora";"Sortimentsverlasser";"Ausläufer- kein weiterer Wareneingang"
"  BASIC";"4054293107775";13,00;15.5.2026 00:00:00;;"Lao468cora080235";"Laos";"080235";"468";"cora";"Sortimentsverlasser";""
"  BASIC";"4054293107751";51,00;15.5.2026 00:00:00;;"Lao468cora120170";"Laos";"120170";"468";"cora";"Sortimentsverlasser";""
"  BASIC";"4054293107768";31,00;15.5.2026 00:00:00;;"Lao468cora160230";"Laos";"160230";"468";"cora";"Sortimentsverlasser";""
"  BASIC";"4054293107782";0,00;15.5.2026 00:00:00;;"Lao468cora200285";"Laos";"200285";"468";"cora";"Sortimentsverlasser";"Ausläufer- kein weiterer Wareneingang"
"  BASIC";"4054293107713";12,00;15.5.2026 00:00:00;;"Lao468magm080235";"Laos";"080235";"468";"magm";"Sortimentsverlasser";""
"  BASIC";"4054293107690";19,00;15.5.2026 00:00:00;;"Lao468magm120170";"Laos";"120170";"468";"magm";"Sortimentsverlasser";""
"  BASIC";"4054293107706";9,00;15.5.2026 00:00:00;;"Lao468magm160230";"Laos";"160230";"468";"magm";"Sortimentsverlasser";""
"  BASIC";"4054293116531";10,00;15.5.2026 00:00:00;;"mem380beig080150";"Memphis";"080150";"380";"beig";"Sortiment";""
"  BASIC";"4054293116524";77,00;15.5.2026 00:00:00;;"mem380beig120170";"Memphis";"120170";"380";"beig";"Sortiment";""
"  BASIC";"4054293116517";0,00;15.5.2026 00:00:00;;"mem380beig160230";"Memphis";"160230";"380";"beig";"Sortiment";"Ware in Bestellung -Ankunft geplant  "
"  BASIC";"4054293116500";1,00;15.5.2026 00:00:00;;"mem380beig200290";"Memphis";"200290";"380";"beig";"Sortiment";"Ware in Bestellung -Ankunft geplant  "
"  BASIC";"4054293116791";0,00;15.5.2026 00:00:00;;"mem380beig240330";"Memphis";"240330";"380";"beig";"Sortiment";"Ware in Bestellung -Ankunft geplant  "
"  BASIC";"4054293116586";9,00;15.5.2026 00:00:00;;"mem380grey080150";"Memphis";"080150";"380";"grey";"Sortimentsverlasser";""
"  BASIC";"4054293116579";2,00;15.5.2026 00:00:00;;"mem380grey120170";"Memphis";"120170";"380";"grey";"Sortiment";"Ware in Bestellung -Ankunft geplant  "
"  BASIC";"4054293116562";0,00;15.5.2026 00:00:00;;"mem380grey160230";"Memphis";"160230";"380";"grey";"Sortiment";"Ware in Bestellung -Ankunft geplant  "
"  BASIC";"4054293116555";0,00;15.5.2026 00:00:00;;"mem380grey200290";"Memphis";"200290";"380";"grey";"Sortimentsverlasser";"Ausläufer- kein weiterer Wareneingang"
"  BASIC";"4054293116807";0,00;15.5.2026 00:00:00;;"mem380grey240330";"Memphis";"240330";"380";"grey";"Sortimentsverlasser";"Ausläufer- kein weiterer Wareneingang"
"  BASIC";"4054293116630";0,00;15.5.2026 00:00:00;;"mem380redd080150";"Memphis";"080150";"380";"redd";"Sortimentsverlasser";"Ausläufer- kein weiterer Wareneingang"
"  BASIC";"4054293116623";0,00;15.5.2026 00:00:00;;"mem380redd120170";"Memphis";"120170";"380";"redd";"Sortimentsverlasser";"Ausläufer- kein weiterer Wareneingang"
"  BASIC";"4054293116616";0,00;15.5.2026 00:00:00;;"mem380redd160230";"Memphis";"160230";"380";"redd";"Sortimentsverlasser";"Ausläufer- kein weiterer Wareneingang"
"  BASIC";"4054293116609";0,00;15.5.2026 00:00:00;;"mem380redd200290";"Memphis";"200290";"380";"redd";"Sortimentsverlasser";"Ausläufer- kein weiterer Wareneingang"
"  BASIC";"4054293116814";0,00;15.5.2026 00:00:00;;"mem380redd240330";"Memphis";"240330";"380";"redd";"Sortimentsverlasser";"Ausläufer- kein weiterer Wareneingang"
"  BASIC";"4054293116685";0,00;15.5.2026 00:00:00;;"mem381grey080150";"Memphis";"080150";"381";"grey";"Sortiment";"Ware in Bestellung -Ankunft geplant  "
"  BASIC";"4054293116678";1,00;15.5.2026 00:00:00;;"mem381grey120170";"Memphis";"120170";"381";"grey";"Sortiment";"Ware in Bestellung -Ankunft geplant  "
"  BASIC";"4054293116661";0,00;15.5.2026 00:00:00;;"mem381grey160230";"Memphis";"160230";"381";"grey";"Sortiment";"Ware in Bestellung -Ankunft geplant  "
"  BASIC";"4054293116654";51,00;15.5.2026 00:00:00;;"mem381grey200290";"Memphis";"200290";"381";"grey";"Sortiment";""
"  BASIC";"4054293116821";0,00;15.5.2026 00:00:00;;"mem381grey240330";"Memphis";"240330";"381";"grey";"Sortiment";"Ware in Bestellung -Ankunft geplant  "
"  BASIC";"4054293116739";0,00;15.5.2026 00:00:00;;"mem381redd080150";"Memphis";"080150";"381";"redd";"Sortimentsverlasser";"Ausläufer- kein weiterer Wareneingang"
"  BASIC";"4054293116722";0,00;15.5.2026 00:00:00;;"mem381redd120170";"Memphis";"120170";"381";"redd";"Sortimentsverlasser";"Ausläufer- kein weiterer Wareneingang"
"  BASIC";"4054293116715";0,00;15.5.2026 00:00:00;;"mem381redd160230";"Memphis";"160230";"381";"redd";"Sortimentsverlasser";"Ausläufer- kein weiterer Wareneingang"
"  BASIC";"4054293116708";7,00;15.5.2026 00:00:00;;"mem381redd200290";"Memphis";"200290";"381";"redd";"Sortimentsverlasser";""
"  BASIC";"4054293116838";0,00;15.5.2026 00:00:00;;"mem381redd240330";"Memphis";"240330";"381";"redd";"Sortimentsverlasser";"Ausläufer- kein weiterer Wareneingang"
"  BASIC";"4054293116784";4,00;15.5.2026 00:00:00;;"mem382mult080150";"Memphis";"080150";"382";"mult";"Sortimentsverlasser";"Ausläufer- kein weiterer Wareneingang"
"  BASIC";"4054293116777";4,00;15.5.2026 00:00:00;;"mem382mult120170";"Memphis";"120170";"382";"mult";"Sortimentsverlasser";"Ausläufer- kein weiterer Wareneingang"
"  BASIC";"4054293116760";6,00;15.5.2026 00:00:00;;"mem382mult160230";"Memphis";"160230";"382";"mult";"Sortimentsverlasser";""
"  BASIC";"4054293116753";0,00;15.5.2026 00:00:00;;"mem382mult200290";"Memphis";"200290";"382";"mult";"Sortimentsverlasser";"Ausläufer- kein weiterer Wareneingang"
"  BASIC";"4054293116845";0,00;15.5.2026 00:00:00;;"mem382mult240330";"Memphis";"240330";"382";"mult";"Sortimentsverlasser";"Ausläufer- kein weiterer Wareneingang"
"  BASIC";"4054293107423";25,00;15.5.2026 00:00:00;;"nas772grey080150";"Nassau";"080150";"772";"grey";"Sortimentsverlasser";""
"  BASIC";"4054293107430";32,00;15.5.2026 00:00:00;;"nas772grey120170";"Nassau";"120170";"772";"grey";"Sortimentsverlasser";""
"  BASIC";"4054293107447";21,00;15.5.2026 00:00:00;;"nas772grey160230";"Nassau";"160230";"772";"grey";"Sortimentsverlasser";""
"  BASIC";"4054293107454";5,00;15.5.2026 00:00:00;;"nas772grey200290";"Nassau";"200290";"772";"grey";"Sortimentsverlasser";"Ausläufer- kein weiterer Wareneingang"
"  BASIC";"4054293107461";38,00;15.5.2026 00:00:00;;"nas772sand080150";"Nassau";"080150";"772";"sand";"Sortimentsverlasser";""
"  BASIC";"4054293107478";44,00;15.5.2026 00:00:00;;"nas772sand120170";"Nassau";"120170";"772";"sand";"Sortimentsverlasser";""
"  BASIC";"4054293107485";0,00;15.5.2026 00:00:00;;"nas772sand160230";"Nassau";"160230";"772";"sand";"Sortimentsverlasser";"Ausläufer- kein weiterer Wareneingang"
"  BASIC";"4054293107492";0,00;15.5.2026 00:00:00;;"nas772sand200290";"Nassau";"200290";"772";"sand";"Sortimentsverlasser";"Ausläufer- kein weiterer Wareneingang"
"  BASIC";"4054293119587";12,00;15.5.2026 00:00:00;;"nev340grey060110";"Nevada";"060110";"340";"grey";"Sortiment";""
"  BASIC";"4054293112335";147,00;15.5.2026 00:00:00;;"nev340grey080150";"Nevada";"080150";"340";"grey";"Sortimentsverlasser";""
"  BASIC";"4054293112342";174,00;15.5.2026 00:00:00;;"nev340grey120170";"Nevada";"120170";"340";"grey";"Sortimentsverlasser";""
"  BASIC";"4054293112359";87,00;15.5.2026 00:00:00;;"nev340grey160230";"Nevada";"160230";"340";"grey";"Sortimentsverlasser";""
"  BASIC";"4054293112366";50,00;15.5.2026 00:00:00;;"nev340grey200290";"Nevada";"200290";"340";"grey";"Sortimentsverlasser";""
"  BASIC";"4054293119570";13,00;15.5.2026 00:00:00;;"nev340taup060110";"Nevada";"060110";"340";"taup";"Sortiment";""
"  BASIC";"4054293112298";374,00;15.5.2026 00:00:00;;"nev340taup080150";"Nevada";"080150";"340";"taup";"Sortimentsverlasser";""
"  BASIC";"4054293112304";166,00;15.5.2026 00:00:00;;"nev340taup120170";"Nevada";"120170";"340";"taup";"Sortimentsverlasser";""
"  BASIC";"4054293112311";324,00;15.5.2026 00:00:00;;"nev340taup160230";"Nevada";"160230";"340";"taup";"Sortimentsverlasser";""
"  BASIC";"4054293112328";226,00;15.5.2026 00:00:00;;"nev340taup200290";"Nevada";"200290";"340";"taup";"Sortimentsverlasser";""
"  BASIC";"4054293119600";10,00;15.5.2026 00:00:00;;"nev341grey060110";"Nevada";"060110";"341";"grey";"Sortiment";""
"  BASIC";"4054293112410";121,00;15.5.2026 00:00:00;;"nev341grey080150";"Nevada";"080150";"341";"grey";"Sortimentsverlasser";""
"  BASIC";"4054293112427";144,00;15.5.2026 00:00:00;;"nev341grey120170";"Nevada";"120170";"341";"grey";"Sortimentsverlasser";""
"  BASIC";"4054293112434";36,00;15.5.2026 00:00:00;;"nev341grey160230";"Nevada";"160230";"341";"grey";"Sortimentsverlasser";""
"  BASIC";"4054293112441";68,00;15.5.2026 00:00:00;;"nev341grey200290";"Nevada";"200290";"341";"grey";"Sortimentsverlasser";""
"  BASIC";"4054293119594";11,00;15.5.2026 00:00:00;;"nev341taup060110";"Nevada";"060110";"341";"taup";"Sortiment";""
"  BASIC";"4054293112373";179,00;15.5.2026 00:00:00;;"nev341taup080150";"Nevada";"080150";"341";"taup";"Sortimentsverlasser";""
"  BASIC";"4054293112380";155,00;15.5.2026 00:00:00;;"nev341taup120170";"Nevada";"120170";"341";"taup";"Sortimentsverlasser";""
"  BASIC";"4054293112397";0,00;15.5.2026 00:00:00;;"nev341taup160230";"Nevada";"160230";"341";"taup";"Sortimentsverlasser";"Ausläufer- kein weiterer Wareneingang"
"  BASIC";"4054293112403";27,00;15.5.2026 00:00:00;;"nev341taup200290";"Nevada";"200290";"341";"taup";"Sortimentsverlasser";""
"  BASIC";"4054293119624";11,00;15.5.2026 00:00:00;;"nev342grey060110";"Nevada";"060110";"342";"grey";"Sortiment";""
"  BASIC";"4054293112496";166,00;15.5.2026 00:00:00;;"nev342grey080150";"Nevada";"080150";"342";"grey";"Sortimentsverlasser";""
"  BASIC";"4054293112502";147,00;15.5.2026 00:00:00;;"nev342grey120170";"Nevada";"120170";"342";"grey";"Sortimentsverlasser";""
"  BASIC";"4054293112519";93,00;15.5.2026 00:00:00;;"nev342grey160230";"Nevada";"160230";"342";"grey";"Sortimentsverlasser";""
"  BASIC";"4054293112526";32,00;15.5.2026 00:00:00;;"nev342grey200290";"Nevada";"200290";"342";"grey";"Sortimentsverlasser";""
"  BASIC";"4054293119617";13,00;15.5.2026 00:00:00;;"nev342taup060110";"Nevada";"060110";"342";"taup";"Sortiment";""
"  BASIC";"4054293112458";75,00;15.5.2026 00:00:00;;"nev342taup080150";"Nevada";"080150";"342";"taup";"Sortimentsverlasser";""
"  BASIC";"4054293112465";42,00;15.5.2026 00:00:00;;"nev342taup120170";"Nevada";"120170";"342";"taup";"Sortimentsverlasser";""
"  BASIC";"4054293112472";0,00;15.5.2026 00:00:00;;"nev342taup160230";"Nevada";"160230";"342";"taup";"Sortimentsverlasser";"Ausläufer- kein weiterer Wareneingang"
"  BASIC";"4054293112489";0,00;15.5.2026 00:00:00;;"nev342taup200290";"Nevada";"200290";"342";"taup";"Sortimentsverlasser";"Ausläufer- kein weiterer Wareneingang"
"  BASIC";"4054293119648";23,00;15.5.2026 00:00:00;;"nev343grey060110";"Nevada";"060110";"343";"grey";"Sortiment";""
"  BASIC";"4054293112571";41,00;15.5.2026 00:00:00;;"nev343grey080150";"Nevada";"080150";"343";"grey";"Sortimentsverlasser";""
"  BASIC";"4054293112588";75,00;15.5.2026 00:00:00;;"nev343grey120170";"Nevada";"120170";"343";"grey";"Sortimentsverlasser";""
"  BASIC";"4054293112595";35,00;15.5.2026 00:00:00;;"nev343grey160230";"Nevada";"160230";"343";"grey";"Sortimentsverlasser";""
"  BASIC";"4054293112601";25,00;15.5.2026 00:00:00;;"nev343grey200290";"Nevada";"200290";"343";"grey";"Sortimentsverlasser";""
"  BASIC";"4054293119631";10,00;15.5.2026 00:00:00;;"nev343taup060110";"Nevada";"060110";"343";"taup";"Sortiment";""
"  BASIC";"4054293112533";20,00;15.5.2026 00:00:00;;"nev343taup080150";"Nevada";"080150";"343";"taup";"Sortimentsverlasser";""
"  BASIC";"4054293112540";76,00;15.5.2026 00:00:00;;"nev343taup120170";"Nevada";"120170";"343";"taup";"Sortimentsverlasser";""
"  BASIC";"4054293112557";35,00;15.5.2026 00:00:00;;"nev343taup160230";"Nevada";"160230";"343";"taup";"Sortimentsverlasser";""
"  BASIC";"4054293112564";0,00;15.5.2026 00:00:00;;"nev343taup200290";"Nevada";"200290";"343";"taup";"Sortimentsverlasser";"Ausläufer- kein weiterer Wareneingang"
"  BASIC";"4054293118740";0,00;15.5.2026 00:00:00;;"nob801grey080150";"Noblesse";"080150";"801";"grey";"Sortimentsverlasser";"Ausläufer- kein weiterer Wareneingang"
"  BASIC";"4054293118733";0,00;15.5.2026 00:00:00;;"nob801grey120170";"Noblesse";"120170";"801";"grey";"Sortimentsverlasser";"Ausläufer- kein weiterer Wareneingang"
"  BASIC";"4054293118726";0,00;15.5.2026 00:00:00;;"nob801grey140200";"Noblesse";"140200";"801";"grey";"Sortimentsverlasser";"Ausläufer- kein weiterer Wareneingang"
"  BASIC";"4054293118719";0,00;15.5.2026 00:00:00;;"nob801grey160230";"Noblesse";"160230";"801";"grey";"Sortimentsverlasser";"Ausläufer- kein weiterer Wareneingang"
"  BASIC";"4054293118702";0,00;15.5.2026 00:00:00;;"nob801grey200290";"Noblesse";"200290";"801";"grey";"Sortimentsverlasser";"Ausläufer- kein weiterer Wareneingang"
"  BASIC";"4054293118696";0,00;15.5.2026 00:00:00;;"nob801grey240330";"Noblesse";"240330";"801";"grey";"Sortimentsverlasser";"Ausläufer- kein weiterer Wareneingang"
"  BASIC";"4054293118801";0,00;15.5.2026 00:00:00;;"nob802grey080150";"Noblesse";"080150";"802";"grey";"Sortimentsverlasser";"Ausläufer- kein weiterer Wareneingang"
"  BASIC";"4054293118795";0,00;15.5.2026 00:00:00;;"nob802grey120170";"Noblesse";"120170";"802";"grey";"Sortimentsverlasser";"Ausläufer- kein weiterer Wareneingang"
"  BASIC";"4054293118788";0,00;15.5.2026 00:00:00;;"nob802grey140200";"Noblesse";"140200";"802";"grey";"Sortimentsverlasser";"Ausläufer- kein weiterer Wareneingang"
"  BASIC";"4054293118771";0,00;15.5.2026 00:00:00;;"nob802grey160230";"Noblesse";"160230";"802";"grey";"Sortimentsverlasser";"Ausläufer- kein weiterer Wareneingang"
"  BASIC";"4054293118764";8,00;15.5.2026 00:00:00;;"nob802grey200290";"Noblesse";"200290";"802";"grey";"Sortimentsverlasser";""
"  BASIC";"4054293118757";0,00;15.5.2026 00:00:00;;"nob802grey240330";"Noblesse";"240330";"802";"grey";"Sortimentsverlasser";"Ausläufer- kein weiterer Wareneingang"
"  BASIC";"4054293118863";0,00;15.5.2026 00:00:00;;"nob803grey080150";"Noblesse";"080150";"803";"grey";"Sortimentsverlasser";"Ausläufer- kein weiterer Wareneingang"
"  BASIC";"4054293118856";0,00;15.5.2026 00:00:00;;"nob803grey120170";"Noblesse";"120170";"803";"grey";"Sortimentsverlasser";"Ausläufer- kein weiterer Wareneingang"
"  BASIC";"4054293118849";0,00;15.5.2026 00:00:00;;"nob803grey140200";"Noblesse";"140200";"803";"grey";"Sortimentsverlasser";"Ausläufer- kein weiterer Wareneingang"
"  BASIC";"4054293118832";0,00;15.5.2026 00:00:00;;"nob803grey160230";"Noblesse";"160230";"803";"grey";"Sortimentsverlasser";"Ausläufer- kein weiterer Wareneingang"
"  BASIC";"4054293118825";0,00;15.5.2026 00:00:00;;"nob803grey200290";"Noblesse";"200290";"803";"grey";"Sortimentsverlasser";"Ausläufer- kein weiterer Wareneingang"
"  BASIC";"4054293118818";0,00;15.5.2026 00:00:00;;"nob803grey240330";"Noblesse";"240330";"803";"grey";"Sortimentsverlasser";"Ausläufer- kein weiterer Wareneingang"
"  BASIC";"4054293118924";0,00;15.5.2026 00:00:00;;"nob804grey080150";"Noblesse";"080150";"804";"grey";"Sortimentsverlasser";"Ausläufer- kein weiterer Wareneingang"
"  BASIC";"4054293118917";5,00;15.5.2026 00:00:00;;"nob804grey120170";"Noblesse";"120170";"804";"grey";"Sortimentsverlasser";"Ausläufer- kein weiterer Wareneingang"
"  BASIC";"4054293118900";0,00;15.5.2026 00:00:00;;"nob804grey140200";"Noblesse";"140200";"804";"grey";"Sortimentsverlasser";"Ausläufer- kein weiterer Wareneingang"
"  BASIC";"4054293118894";0,00;15.5.2026 00:00:00;;"nob804grey160230";"Noblesse";"160230";"804";"grey";"Sortimentsverlasser";"Ausläufer- kein weiterer Wareneingang"
"  BASIC";"4054293118887";6,00;15.5.2026 00:00:00;;"nob804grey200290";"Noblesse";"200290";"804";"grey";"Sortimentsverlasser";""
"  BASIC";"4054293118870";0,00;15.5.2026 00:00:00;;"nob804grey240330";"Noblesse";"240330";"804";"grey";"Sortimentsverlasser";"Ausläufer- kein weiterer Wareneingang"
"  BASIC";"4054293118986";0,00;15.5.2026 00:00:00;;"nob805grey080150";"Noblesse";"080150";"805";"grey";"Sortimentsverlasser";"Ausläufer- kein weiterer Wareneingang"
"  BASIC";"4054293118979";0,00;15.5.2026 00:00:00;;"nob805grey120170";"Noblesse";"120170";"805";"grey";"Sortimentsverlasser";"Ausläufer- kein weiterer Wareneingang"
"  BASIC";"4054293118962";0,00;15.5.2026 00:00:00;;"nob805grey140200";"Noblesse";"140200";"805";"grey";"Sortimentsverlasser";"Ausläufer- kein weiterer Wareneingang"
"  BASIC";"4054293118955";0,00;15.5.2026 00:00:00;;"nob805grey160230";"Noblesse";"160230";"805";"grey";"Sortimentsverlasser";"Ausläufer- kein weiterer Wareneingang"
"  BASIC";"4054293118948";0,00;15.5.2026 00:00:00;;"nob805grey200290";"Noblesse";"200290";"805";"grey";"Sortimentsverlasser";"Ausläufer- kein weiterer Wareneingang"
"  BASIC";"4054293118931";0,00;15.5.2026 00:00:00;;"nob805grey240330";"Noblesse";"240330";"805";"grey";"Sortimentsverlasser";"Ausläufer- kein weiterer Wareneingang"
"  BASIC";"4054293119044";0,00;15.5.2026 00:00:00;;"nob806taup080150";"Noblesse";"080150";"806";"taup";"Sortimentsverlasser";"Ausläufer- kein weiterer Wareneingang"
"  BASIC";"4054293119037";3,00;15.5.2026 00:00:00;;"nob806taup120170";"Noblesse";"120170";"806";"taup";"Sortimentsverlasser";"Ausläufer- kein weiterer Wareneingang"
"  BASIC";"4054293119020";0,00;15.5.2026 00:00:00;;"nob806taup140200";"Noblesse";"140200";"806";"taup";"Sortimentsverlasser";"Ausläufer- kein weiterer Wareneingang"
"  BASIC";"4054293119013";0,00;15.5.2026 00:00:00;;"nob806taup160230";"Noblesse";"160230";"806";"taup";"Sortimentsverlasser";"Ausläufer- kein weiterer Wareneingang"
"  BASIC";"4054293119006";0,00;15.5.2026 00:00:00;;"nob806taup200290";"Noblesse";"200290";"806";"taup";"Sortimentsverlasser";"Ausläufer- kein weiterer Wareneingang"
"  BASIC";"4054293118993";0,00;15.5.2026 00:00:00;;"nob806taup240330";"Noblesse";"240330";"806";"taup";"Sortimentsverlasser";"Ausläufer- kein weiterer Wareneingang"
"  BASIC";"4054293119105";0,00;15.5.2026 00:00:00;;"nob807taup080150";"Noblesse";"080150";"807";"taup";"Sortimentsverlasser";"Ausläufer- kein weiterer Wareneingang"
"  BASIC";"4054293119099";6,00;15.5.2026 00:00:00;;"nob807taup120170";"Noblesse";"120170";"807";"taup";"Sortimentsverlasser";""
"  BASIC";"4054293119082";0,00;15.5.2026 00:00:00;;"nob807taup140200";"Noblesse";"140200";"807";"taup";"Sortimentsverlasser";"Ausläufer- kein weiterer Wareneingang"
"  BASIC";"4054293119075";0,00;15.5.2026 00:00:00;;"nob807taup160230";"Noblesse";"160230";"807";"taup";"Sortimentsverlasser";"Ausläufer- kein weiterer Wareneingang"
"  BASIC";"4054293119068";11,00;15.5.2026 00:00:00;;"nob807taup200290";"Noblesse";"200290";"807";"taup";"Sortimentsverlasser";""
"  BASIC";"4054293119051";0,00;15.5.2026 00:00:00;;"nob807taup240330";"Noblesse";"240330";"807";"taup";"Sortimentsverlasser";"Ausläufer- kein weiterer Wareneingang"
"  BASIC";"4054293119167";0,00;15.5.2026 00:00:00;;"nob808taup080150";"Noblesse";"080150";"808";"taup";"Sortimentsverlasser";"Ausläufer- kein weiterer Wareneingang"
"  BASIC";"4054293119150";11,00;15.5.2026 00:00:00;;"nob808taup120170";"Noblesse";"120170";"808";"taup";"Sortimentsverlasser";""
"  BASIC";"4054293119143";0,00;15.5.2026 00:00:00;;"nob808taup140200";"Noblesse";"140200";"808";"taup";"Sortimentsverlasser";"Ausläufer- kein weiterer Wareneingang"
"  BASIC";"4054293119136";0,00;15.5.2026 00:00:00;;"nob808taup160230";"Noblesse";"160230";"808";"taup";"Sortimentsverlasser";"Ausläufer- kein weiterer Wareneingang"
"  BASIC";"4054293119129";0,00;15.5.2026 00:00:00;;"nob808taup200290";"Noblesse";"200290";"808";"taup";"Sortimentsverlasser";"Ausläufer- kein weiterer Wareneingang"
"  BASIC";"4054293119112";0,00;15.5.2026 00:00:00;;"nob808taup240330";"Noblesse";"240330";"808";"taup";"Sortimentsverlasser";"Ausläufer- kein weiterer Wareneingang"
"  BASIC";"4054293119228";0,00;15.5.2026 00:00:00;;"nob810grey080150";"Noblesse";"080150";"810";"grey";"Sortimentsverlasser";"Ausläufer- kein weiterer Wareneingang"
"  BASIC";"4054293119211";6,00;15.5.2026 00:00:00;;"nob810grey120170";"Noblesse";"120170";"810";"grey";"Sortimentsverlasser";""
"  BASIC";"4054293119204";0,00;15.5.2026 00:00:00;;"nob810grey140200";"Noblesse";"140200";"810";"grey";"Sortimentsverlasser";"Ausläufer- kein weiterer Wareneingang"
"  BASIC";"4054293119198";0,00;15.5.2026 00:00:00;;"nob810grey160230";"Noblesse";"160230";"810";"grey";"Sortimentsverlasser";"Ausläufer- kein weiterer Wareneingang"
"  BASIC";"4054293119181";0,00;15.5.2026 00:00:00;;"nob810grey200290";"Noblesse";"200290";"810";"grey";"Sortimentsverlasser";"Ausläufer- kein weiterer Wareneingang"
"  BASIC";"4054293119174";0,00;15.5.2026 00:00:00;;"nob810grey240330";"Noblesse";"240330";"810";"grey";"Sortimentsverlasser";"Ausläufer- kein weiterer Wareneingang"
"  BASIC";"4054293119280";0,00;15.5.2026 00:00:00;;"nob810taup080150";"Noblesse";"080150";"810";"taup";"Sortimentsverlasser";"Ausläufer- kein weiterer Wareneingang"
"  BASIC";"4054293119273";4,00;15.5.2026 00:00:00;;"nob810taup120170";"Noblesse";"120170";"810";"taup";"Sortimentsverlasser";"Ausläufer- kein weiterer Wareneingang"
"  BASIC";"4054293119266";0,00;15.5.2026 00:00:00;;"nob810taup140200";"Noblesse";"140200";"810";"taup";"Sortimentsverlasser";"Ausläufer- kein weiterer Wareneingang"
"  BASIC";"4054293119259";1,00;15.5.2026 00:00:00;;"nob810taup160230";"Noblesse";"160230";"810";"taup";"Sortimentsverlasser";"Ausläufer- kein weiterer Wareneingang"
"  BASIC";"4054293119242";10,00;15.5.2026 00:00:00;;"nob810taup200290";"Noblesse";"200290";"810";"taup";"Sortimentsverlasser";""
"  BASIC";"4054293119235";0,00;15.5.2026 00:00:00;;"nob810taup240330";"Noblesse";"240330";"810";"taup";"Sortimentsverlasser";"Ausläufer- kein weiterer Wareneingang"
"  BASIC";"4054293097427";47,00;15.5.2026 00:00:00;;"opa911grey080150";"Opal";"080150";"911";"grey";"Sortiment";""
"  BASIC";"4054293097434";208,00;15.5.2026 00:00:00;;"opa911grey120170";"Opal";"120170";"911";"grey";"Sortiment";""
"  BASIC";"4054293097441";0,00;15.5.2026 00:00:00;;"opa911grey160230";"Opal";"160230";"911";"grey";"Sortiment";"Ware in Bestellung -Ankunft geplant  "
"  BASIC";"4054293097458";45,00;15.5.2026 00:00:00;;"opa911grey200290";"Opal";"200290";"911";"grey";"Sortiment";""
"  BASIC";"4054293091234";20,00;15.5.2026 00:00:00;;"opa911taup080150";"Opal";"080150";"911";"taupe";"Sortiment";""
"  BASIC";"4054293091241";16,00;15.5.2026 00:00:00;;"opa911taup120170";"Opal";"120170";"911";"taupe";"Sortiment";""
"  BASIC";"4054293091258";20,00;15.5.2026 00:00:00;;"opa911taup160230";"Opal";"160230";"911";"taupe";"Sortiment";""
"  BASIC";"4054293091265";27,00;15.5.2026 00:00:00;;"opa911taup200290";"Opal";"200290";"911";"taupe";"Sortiment";""
"  BASIC";"4054293092187";0,00;15.5.2026 00:00:00;;"opa912beig080150";"Opal";"080150";"912";"beige";"Sortiment";"Ware in Bestellung -Ankunft geplant  "
"  BASIC";"4054293092194";11,00;15.5.2026 00:00:00;;"opa912beig120170";"Opal";"120170";"912";"beige";"Sortiment";""
"  BASIC";"4054293092200";0,00;15.5.2026 00:00:00;;"opa912beig160230";"Opal";"160230";"912";"beige";"Sortiment";"Ware in Bestellung -Ankunft geplant  "
"  BASIC";"4054293092217";0,00;15.5.2026 00:00:00;;"opa912beig200290";"Opal";"200290";"912";"beige";"Sortiment";"Ware in Bestellung -Ankunft geplant  "
"  BASIC";"4054293070901";0,00;15.5.2026 00:00:00;;"opa912blue080150";"Opal";"080150";"912";"blue";"Sortiment";"Ware in Bestellung -Ankunft geplant  "
"  BASIC";"4054293070918";72,00;15.5.2026 00:00:00;;"opa912blue120170";"Opal";"120170";"912";"blue";"Sortiment";""
"  BASIC";"4054293070925";0,00;15.5.2026 00:00:00;;"opa912blue160230";"Opal";"160230";"912";"blue";"Sortiment";"Ware in Bestellung -Ankunft geplant  "
"  BASIC";"4054293070932";69,00;15.5.2026 00:00:00;;"opa912blue200290";"Opal";"200290";"912";"blue";"Sortiment";""
"  BASIC";"4054293097465";295,00;15.5.2026 00:00:00;;"opa912grey080150";"Opal";"080150";"912";"grey";"Sortiment";""
"  BASIC";"4054293097472";399,00;15.5.2026 00:00:00;;"opa912grey120170";"Opal";"120170";"912";"grey";"Sortiment";""
"  BASIC";"4054293097489";534,00;15.5.2026 00:00:00;;"opa912grey160230";"Opal";"160230";"912";"grey";"Sortiment";""
"  BASIC";"4054293097496";337,00;15.5.2026 00:00:00;;"opa912grey200290";"Opal";"200290";"912";"grey";"Sortiment";""
"  BASIC";"4054293092149";220,00;15.5.2026 00:00:00;;"opa912taup080150";"Opal";"080150";"912";"taupe";"Sortiment";""
"  BASIC";"4054293092156";258,00;15.5.2026 00:00:00;;"opa912taup120170";"Opal";"120170";"912";"taupe";"Sortiment";""
"  BASIC";"4054293092163";404,00;15.5.2026 00:00:00;;"opa912taup160230";"Opal";"160230";"912";"taupe";"Sortiment";""
"  BASIC";"4054293092170";280,00;15.5.2026 00:00:00;;"opa912taup200290";"Opal";"200290";"912";"taupe";"Sortiment";""
"  BASIC";"4054293070949";10,00;15.5.2026 00:00:00;;"opa913taup080150";"Opal";"080150";"913";"taupe";"Sortiment";""
"  BASIC";"4054293070956";37,00;15.5.2026 00:00:00;;"opa913taup120170";"Opal";"120170";"913";"taupe";"Sortiment";""
"  BASIC";"4054293070963";8,00;15.5.2026 00:00:00;;"opa913taup160230";"Opal";"160230";"913";"taupe";"Sortiment";""
"  BASIC";"4054293070970";79,00;15.5.2026 00:00:00;;"opa913taup200290";"Opal";"200290";"913";"taupe";"Sortiment";""
"  BASIC";"4054293091654";10,00;15.5.2026 00:00:00;;"opa914taup080150";"Opal";"080150";"914";"taupe";"Sortimentsverlasser";""
"  BASIC";"4054293091661";4,00;15.5.2026 00:00:00;;"opa914taup120170";"Opal";"120170";"914";"taupe";"Sortimentsverlasser";"Ausläufer- kein weiterer Wareneingang"
"  BASIC";"4054293091678";20,00;15.5.2026 00:00:00;;"opa914taup160230";"Opal";"160230";"914";"taupe";"Sortimentsverlasser";""
"  BASIC";"4054293091685";26,00;15.5.2026 00:00:00;;"opa914taup200290";"Opal";"200290";"914";"taupe";"Sortimentsverlasser";""
"  BASIC";"4054293117316";0,00;15.5.2026 00:00:00;;"opa917taup080150";"Opal";"080150";"917";"taup";"Sortimentsverlasser";"Ausläufer- kein weiterer Wareneingang"
"  BASIC";"4054293117323";1,00;15.5.2026 00:00:00;;"opa917taup120170";"Opal";"120170";"917";"taup";"Sortimentsverlasser";"Ausläufer- kein weiterer Wareneingang"
"  BASIC";"4054293117330";0,00;15.5.2026 00:00:00;;"opa917taup160230";"Opal";"160230";"917";"taup";"Sortimentsverlasser";"Ausläufer- kein weiterer Wareneingang"
"  BASIC";"4054293117347";0,00;15.5.2026 00:00:00;;"opa917taup200290";"Opal";"200290";"917";"taup";"Sortimentsverlasser";"Ausläufer- kein weiterer Wareneingang"
"  BASIC";"4054293119655";27,00;15.5.2026 00:00:00;;"opa918crea080150";"Opal";"080150";"918";"crea";"Sortiment";""
"  BASIC";"4054293119662";46,00;15.5.2026 00:00:00;;"opa918crea120170";"Opal";"120170";"918";"crea";"Sortiment";""
"  BASIC";"4054293119679";29,00;15.5.2026 00:00:00;;"opa918crea160230";"Opal";"160230";"918";"crea";"Sortiment";""
"  BASIC";"4054293119686";32,00;15.5.2026 00:00:00;;"opa918crea200290";"Opal";"200290";"918";"crea";"Sortiment";""
"  BASIC";"4054293098523";0,00;15.5.2026 00:00:00;;"pho120aqua080150";"Phoenix";"080150";"120";"aqua";"Sortiment";"Ware in Bestellung -Ankunft geplant  "
"  BASIC";"4054293098530";36,00;15.5.2026 00:00:00;;"pho120aqua120170";"Phoenix";"120170";"120";"aqua";"Sortiment";""
"  BASIC";"4054293098547";1,00;15.5.2026 00:00:00;;"pho120aqua140200";"Phoenix";"140200";"120";"aqua";"Sortiment";"Ware in Bestellung -Ankunft geplant  "
"  BASIC";"4054293098554";7,00;15.5.2026 00:00:00;;"pho120aqua160230";"Phoenix";"160230";"120";"aqua";"Sortiment";""
"  BASIC";"4054293098561";9,00;15.5.2026 00:00:00;;"pho120aqua200290";"Phoenix";"200290";"120";"aqua";"Sortiment";""
"  BASIC";"4054293099179";3,00;15.5.2026 00:00:00;;"pho120aqua240340";"Phoenix";"240340";"120";"aqua";"Sortiment";"Ware in Bestellung -Ankunft geplant  "
"  BASIC";"4054293098585";81,00;15.5.2026 00:00:00;;"pho120grey080150";"Phoenix";"080150";"120";"grey";"Sortiment";""
"  BASIC";"4054293098592";120,00;15.5.2026 00:00:00;;"pho120grey120170";"Phoenix";"120170";"120";"grey";"Sortiment";""
"  BASIC";"4054293098608";0,00;15.5.2026 00:00:00;;"pho120grey140200";"Phoenix";"140200";"120";"grey";"Sortiment";"Ware in Bestellung -Ankunft geplant  "
"  BASIC";"4054293098615";42,00;15.5.2026 00:00:00;;"pho120grey160230";"Phoenix";"160230";"120";"grey";"Sortiment";""
"  BASIC";"4054293098622";1,00;15.5.2026 00:00:00;;"pho120grey200290";"Phoenix";"200290";"120";"grey";"Sortiment";"Ware in Bestellung -Ankunft geplant  "
"  BASIC";"4054293099186";0,00;15.5.2026 00:00:00;;"pho120grey240340";"Phoenix";"240340";"120";"grey";"Sortiment";"Ware in Bestellung -Ankunft geplant  "
"  BASIC";"4054293098707";16,00;15.5.2026 00:00:00;;"pho120taup080150";"Phoenix";"080150";"120";"taupe";"Sortiment";""
"  BASIC";"4054293098714";56,00;15.5.2026 00:00:00;;"pho120taup120170";"Phoenix";"120170";"120";"taupe";"Sortiment";""
"  BASIC";"4054293098721";4,00;15.5.2026 00:00:00;;"pho120taup140200";"Phoenix";"140200";"120";"taupe";"Sortiment";"Ware in Bestellung -Ankunft geplant  "
"  BASIC";"4054293098738";7,00;15.5.2026 00:00:00;;"pho120taup160230";"Phoenix";"160230";"120";"taupe";"Sortiment";""
"  BASIC";"4054293098745";2,00;15.5.2026 00:00:00;;"pho120taup200290";"Phoenix";"200290";"120";"taupe";"Sortiment";"Ware in Bestellung -Ankunft geplant  "
"  BASIC";"4054293099209";0,00;15.5.2026 00:00:00;;"pho120taup240340";"Phoenix";"240340";"120";"taupe";"Sortiment";"Ware in Bestellung -Ankunft geplant  "
"  BASIC";"4054293103814";57,00;15.5.2026 00:00:00;;"pho124aqua080150";"Phoenix";"080150";"124";"aqua";"Sortiment";""
"  BASIC";"4054293103821";48,00;15.5.2026 00:00:00;;"pho124aqua120170";"Phoenix";"120170";"124";"aqua";"Sortiment";""
"  BASIC";"4054293103838";0,00;15.5.2026 00:00:00;;"pho124aqua140200";"Phoenix";"140200";"124";"aqua";"Sortiment";"Ware in Bestellung -Ankunft geplant  "
"  BASIC";"4054293103845";7,00;15.5.2026 00:00:00;;"pho124aqua160230";"Phoenix";"160230";"124";"aqua";"Sortiment";""
"  BASIC";"4054293103852";0,00;15.5.2026 00:00:00;;"pho124aqua200290";"Phoenix";"200290";"124";"aqua";"Sortiment";"Ware in Bestellung -Ankunft geplant  "
"  BASIC";"4054293103968";10,00;15.5.2026 00:00:00;;"pho124aqua240340";"Phoenix";"240340";"124";"aqua";"Sortiment";""
"  BASIC";"4054293103869";28,00;15.5.2026 00:00:00;;"pho124grey080150";"Phoenix";"080150";"124";"grey";"Sortiment";""
"  BASIC";"4054293103876";10,00;15.5.2026 00:00:00;;"pho124grey120170";"Phoenix";"120170";"124";"grey";"Sortiment";""
"  BASIC";"4054293103883";0,00;15.5.2026 00:00:00;;"pho124grey140200";"Phoenix";"140200";"124";"grey";"Sortiment";"Ware in Bestellung -Ankunft geplant  "
"  BASIC";"4054293103890";0,00;15.5.2026 00:00:00;;"pho124grey160230";"Phoenix";"160230";"124";"grey";"Sortiment";"Ware in Bestellung -Ankunft geplant  "
"  BASIC";"4054293103906";0,00;15.5.2026 00:00:00;;"pho124grey200290";"Phoenix";"200290";"124";"grey";"Sortiment";"Ware in Bestellung -Ankunft geplant  "
"  BASIC";"4054293103975";0,00;15.5.2026 00:00:00;;"pho124grey240340";"Phoenix";"240340";"124";"grey";"Sortiment";"Ware in Bestellung -Ankunft geplant  "
"  BASIC";"4054293103913";9,00;15.5.2026 00:00:00;;"pho124taup080150";"Phoenix";"080150";"124";"taup";"Sortiment";""
"  BASIC";"4054293103920";44,00;15.5.2026 00:00:00;;"pho124taup120170";"Phoenix";"120170";"124";"taup";"Sortiment";""
"  BASIC";"4054293103937";0,00;15.5.2026 00:00:00;;"pho124taup140200";"Phoenix";"140200";"124";"taup";"Sortiment";"Ware in Bestellung -Ankunft geplant  "
"  BASIC";"4054293103944";5,00;15.5.2026 00:00:00;;"pho124taup160230";"Phoenix";"160230";"124";"taup";"Sortiment";"Ware in Bestellung -Ankunft geplant  "
"  BASIC";"4054293103951";0,00;15.5.2026 00:00:00;;"pho124taup200290";"Phoenix";"200290";"124";"taup";"Sortiment";"Ware in Bestellung -Ankunft geplant  "
"  BASIC";"4054293103982";9,00;15.5.2026 00:00:00;;"pho124taup240340";"Phoenix";"240340";"124";"taup";"Sortiment";""
"  BASIC";"4054293120170";0,00;15.5.2026 00:00:00;;"rim311mult080150";"Rimini";"080150";"311";"mult";"Sortiment";"Ware in Bestellung -Ankunft geplant  "
"  BASIC";"4054293120163";0,00;15.5.2026 00:00:00;;"rim311mult120170";"Rimini";"120170";"311";"mult";"Sortiment";"Ware in Bestellung -Ankunft geplant  "
"  BASIC";"4054293120156";0,00;15.5.2026 00:00:00;;"rim311mult160230";"Rimini";"160230";"311";"mult";"Sortiment";"Ware in Bestellung -Ankunft geplant  "
"  BASIC";"4054293120149";0,00;15.5.2026 00:00:00;;"rim311mult200290";"Rimini";"200290";"311";"mult";"Sortiment";"Ware in Bestellung -Ankunft geplant  "
"  BASIC";"4054293071700";112,00;15.5.2026 00:00:00;;"sas690blue080150";"Salsa";"080150";"690";"blue";"Sortiment";""
"  BASIC";"4054293071717";6,00;15.5.2026 00:00:00;;"sas690blue120170";"Salsa";"120170";"690";"blue";"Sortiment";""
"  BASIC";"4054293071724";58,00;15.5.2026 00:00:00;;"sas690blue160230";"Salsa";"160230";"690";"blue";"Sortiment";""
"  BASIC";"4054293071731";0,00;15.5.2026 00:00:00;;"sas690blue200290";"Salsa";"200290";"690";"blue";"Sortiment";"Ware in Bestellung -Ankunft geplant  "
"  BASIC";"4054293071748";80,00;15.5.2026 00:00:00;;"sas690grey080150";"Salsa";"080150";"690";"grey";"Sortiment";""
"  BASIC";"4054293071755";72,00;15.5.2026 00:00:00;;"sas690grey120170";"Salsa";"120170";"690";"grey";"Sortiment";""
"  BASIC";"4054293071762";59,00;15.5.2026 00:00:00;;"sas690grey160230";"Salsa";"160230";"690";"grey";"Sortiment";""
"  BASIC";"4054293071779";27,00;15.5.2026 00:00:00;;"sas690grey200290";"Salsa";"200290";"690";"grey";"Sortiment";""
"  BASIC";"4054293071786";77,00;15.5.2026 00:00:00;;"sas690must080150";"Salsa";"080150";"690";"mustard";"Sortiment";""
"  BASIC";"4054293071793";26,00;15.5.2026 00:00:00;;"sas690must120170";"Salsa";"120170";"690";"mustard";"Sortiment";""
"  BASIC";"4054293071809";29,00;15.5.2026 00:00:00;;"sas690must160230";"Salsa";"160230";"690";"mustard";"Sortiment";""
"  BASIC";"4054293071816";0,00;15.5.2026 00:00:00;;"sas690must200290";"Salsa";"200290";"690";"mustard";"Sortiment";"Ware in Bestellung -Ankunft geplant  "
"  BASIC";"4054293071823";62,00;15.5.2026 00:00:00;;"sas690taup080150";"Salsa";"080150";"690";"taupe";"Sortiment";""
"  BASIC";"4054293071830";69,00;15.5.2026 00:00:00;;"sas690taup120170";"Salsa";"120170";"690";"taupe";"Sortiment";""
"  BASIC";"4054293071847";202,00;15.5.2026 00:00:00;;"sas690taup160230";"Salsa";"160230";"690";"taupe";"Sortiment";""
"  BASIC";"4054293071854";54,00;15.5.2026 00:00:00;;"sas690taup200290";"Salsa";"200290";"690";"taupe";"Sortiment";""
"  BASIC";"4054293091456";45,00;15.5.2026 00:00:00;;"sas691grey080150";"Salsa";"080150";"691";"grey";"Sortiment";""
"  BASIC";"4054293091463";55,00;15.5.2026 00:00:00;;"sas691grey120170";"Salsa";"120170";"691";"grey";"Sortiment";""
"  BASIC";"4054293091470";61,00;15.5.2026 00:00:00;;"sas691grey160230";"Salsa";"160230";"691";"grey";"Sortiment";""
"  BASIC";"4054293091487";44,00;15.5.2026 00:00:00;;"sas691grey200290";"Salsa";"200290";"691";"grey";"Sortiment";""
"  BASIC";"4054293091494";53,00;15.5.2026 00:00:00;;"sas691taup080150";"Salsa";"080150";"691";"taupe";"Sortiment";""
"  BASIC";"4054293091500";50,00;15.5.2026 00:00:00;;"sas691taup120170";"Salsa";"120170";"691";"taupe";"Sortiment";""
"  BASIC";"4054293091517";79,00;15.5.2026 00:00:00;;"sas691taup160230";"Salsa";"160230";"691";"taupe";"Sortiment";""
"  BASIC";"4054293091524";32,00;15.5.2026 00:00:00;;"sas691taup200290";"Salsa";"200290";"691";"taupe";"Sortiment";""
"  BASIC";"4054293091531";43,00;15.5.2026 00:00:00;;"sas692grey080150";"Salsa";"080150";"692";"grey";"Sortiment";""
"  BASIC";"4054293091548";117,00;15.5.2026 00:00:00;;"sas692grey120170";"Salsa";"120170";"692";"grey";"Sortiment";""
"  BASIC";"4054293091555";132,00;15.5.2026 00:00:00;;"sas692grey160230";"Salsa";"160230";"692";"grey";"Sortiment";""
"  BASIC";"4054293091562";61,00;15.5.2026 00:00:00;;"sas692grey200290";"Salsa";"200290";"692";"grey";"Sortiment";""
"  BASIC";"4054293091579";48,00;15.5.2026 00:00:00;;"sas692taup080150";"Salsa";"080150";"692";"taupe";"Sortiment";""
"  BASIC";"4054293091586";102,00;15.5.2026 00:00:00;;"sas692taup120170";"Salsa";"120170";"692";"taupe";"Sortiment";""
"  BASIC";"4054293091593";123,00;15.5.2026 00:00:00;;"sas692taup160230";"Salsa";"160230";"692";"taupe";"Sortiment";""
"  BASIC";"4054293091609";49,00;15.5.2026 00:00:00;;"sas692taup200290";"Salsa";"200290";"692";"taupe";"Sortiment";""
"  BASIC";"4054293107881";0,00;15.5.2026 00:00:00;;"sas694grey080150";"Salsa";"080150";"694";"grey";"Sortimentsverlasser";"Ausläufer- kein weiterer Wareneingang"
"  BASIC";"4054293107898";21,00;15.5.2026 00:00:00;;"sas694grey120170";"Salsa";"120170";"694";"grey";"Sortimentsverlasser";""
"  BASIC";"4054293107904";0,00;15.5.2026 00:00:00;;"sas694grey160230";"Salsa";"160230";"694";"grey";"Sortimentsverlasser";"Ausläufer- kein weiterer Wareneingang"
"  BASIC";"4054293107911";0,00;15.5.2026 00:00:00;;"sas694grey200290";"Salsa";"200290";"694";"grey";"Sortimentsverlasser";"Ausläufer- kein weiterer Wareneingang"
"  BASIC";"4054293107928";0,00;15.5.2026 00:00:00;;"sas694taup080150";"Salsa";"080150";"694";"taup";"Sortiment";"Ware in Bestellung -Ankunft geplant  "
"  BASIC";"4054293107935";2,00;15.5.2026 00:00:00;;"sas694taup120170";"Salsa";"120170";"694";"taup";"Sortiment";"Ware in Bestellung -Ankunft geplant  "
"  BASIC";"4054293107942";0,00;15.5.2026 00:00:00;;"sas694taup160230";"Salsa";"160230";"694";"taup";"Sortiment";"Ware in Bestellung -Ankunft geplant  "
"  BASIC";"4054293107959";0,00;15.5.2026 00:00:00;;"sas694taup200290";"Salsa";"200290";"694";"taup";"Sortiment";"Ware in Bestellung -Ankunft geplant  "
"  BASIC";"4054293119327";0,00;15.5.2026 00:00:00;;"tam130grey080150";"Tampa";"080150";"130";"grey";"Sortimentsverlasser";"Ausläufer- kein weiterer Wareneingang"
"  BASIC";"4054293119310";0,00;15.5.2026 00:00:00;;"tam130grey120170";"Tampa";"120170";"130";"grey";"Sortimentsverlasser";"Ausläufer- kein weiterer Wareneingang"
"  BASIC";"4054293119303";0,00;15.5.2026 00:00:00;;"tam130grey160230";"Tampa";"160230";"130";"grey";"Sortimentsverlasser";"Ausläufer- kein weiterer Wareneingang"
"  BASIC";"4054293119297";0,00;15.5.2026 00:00:00;;"tam130grey200290";"Tampa";"200290";"130";"grey";"Sortimentsverlasser";"Ausläufer- kein weiterer Wareneingang"
"  BASIC";"4054293119365";0,00;15.5.2026 00:00:00;;"tam131grey080150";"Tampa";"080150";"131";"grey";"Sortimentsverlasser";"Ausläufer- kein weiterer Wareneingang"
"  BASIC";"4054293119358";0,00;15.5.2026 00:00:00;;"tam131grey120170";"Tampa";"120170";"131";"grey";"Sortimentsverlasser";"Ausläufer- kein weiterer Wareneingang"
"  BASIC";"4054293119341";0,00;15.5.2026 00:00:00;;"tam131grey160230";"Tampa";"160230";"131";"grey";"Sortimentsverlasser";"Ausläufer- kein weiterer Wareneingang"
"  BASIC";"4054293119334";0,00;15.5.2026 00:00:00;;"tam131grey200290";"Tampa";"200290";"131";"grey";"Sortimentsverlasser";"Ausläufer- kein weiterer Wareneingang"
"  BASIC";"4054293119402";18,00;15.5.2026 00:00:00;;"tam132grey080150";"Tampa";"080150";"132";"grey";"Sortimentsverlasser";""
"  BASIC";"4054293119396";24,00;15.5.2026 00:00:00;;"tam132grey120170";"Tampa";"120170";"132";"grey";"Sortimentsverlasser";""
"  BASIC";"4054293119389";0,00;15.5.2026 00:00:00;;"tam132grey160230";"Tampa";"160230";"132";"grey";"Sortimentsverlasser";"Ausläufer- kein weiterer Wareneingang"
"  BASIC";"4054293119372";0,00;15.5.2026 00:00:00;;"tam132grey200290";"Tampa";"200290";"132";"grey";"Sortimentsverlasser";"Ausläufer- kein weiterer Wareneingang"
"  BASIC";"4054293119440";0,00;15.5.2026 00:00:00;;"tam133crea080150";"Tampa";"080150";"133";"crea";"Sortimentsverlasser";"Ausläufer- kein weiterer Wareneingang"
"  BASIC";"4054293119433";0,00;15.5.2026 00:00:00;;"tam133crea120170";"Tampa";"120170";"133";"crea";"Sortimentsverlasser";"Ausläufer- kein weiterer Wareneingang"
"  BASIC";"4054293119426";0,00;15.5.2026 00:00:00;;"tam133crea160230";"Tampa";"160230";"133";"crea";"Sortimentsverlasser";"Ausläufer- kein weiterer Wareneingang"
"  BASIC";"4054293119419";0,00;15.5.2026 00:00:00;;"tam133crea200290";"Tampa";"200290";"133";"crea";"Sortimentsverlasser";"Ausläufer- kein weiterer Wareneingang"
"  BASIC";"4054293119488";0,00;15.5.2026 00:00:00;;"tam133grey080150";"Tampa";"080150";"133";"grey";"Sortimentsverlasser";"Ausläufer- kein weiterer Wareneingang"
"  BASIC";"4054293119471";0,00;15.5.2026 00:00:00;;"tam133grey120170";"Tampa";"120170";"133";"grey";"Sortimentsverlasser";"Ausläufer- kein weiterer Wareneingang"
"  BASIC";"4054293119464";0,00;15.5.2026 00:00:00;;"tam133grey160230";"Tampa";"160230";"133";"grey";"Sortimentsverlasser";"Ausläufer- kein weiterer Wareneingang"
"  BASIC";"4054293119457";0,00;15.5.2026 00:00:00;;"tam133grey200290";"Tampa";"200290";"133";"grey";"Sortimentsverlasser";"Ausläufer- kein weiterer Wareneingang"
"  BASIC";"4054293119525";24,00;15.5.2026 00:00:00;;"tam134beig080150";"Tampa";"080150";"134";"beig";"Sortimentsverlasser";""
"  BASIC";"4054293119518";9,00;15.5.2026 00:00:00;;"tam134beig120170";"Tampa";"120170";"134";"beig";"Sortimentsverlasser";""
"  BASIC";"4054293119501";0,00;15.5.2026 00:00:00;;"tam134beig160230";"Tampa";"160230";"134";"beig";"Sortimentsverlasser";"Ausläufer- kein weiterer Wareneingang"
"  BASIC";"4054293119495";0,00;15.5.2026 00:00:00;;"tam134beig200290";"Tampa";"200290";"134";"beig";"Sortimentsverlasser";"Ausläufer- kein weiterer Wareneingang"
"  BASIC";"4054293119563";22,00;15.5.2026 00:00:00;;"tam134grey080150";"Tampa";"080150";"134";"grey";"Sortimentsverlasser";""
"  BASIC";"4054293119556";7,00;15.5.2026 00:00:00;;"tam134grey120170";"Tampa";"120170";"134";"grey";"Sortimentsverlasser";""
"  BASIC";"4054293119549";0,00;15.5.2026 00:00:00;;"tam134grey160230";"Tampa";"160230";"134";"grey";"Sortimentsverlasser";"Ausläufer- kein weiterer Wareneingang"
"  BASIC";"4054293119532";0,00;15.5.2026 00:00:00;;"tam134grey200290";"Tampa";"200290";"134";"grey";"Sortimentsverlasser";"Ausläufer- kein weiterer Wareneingang"
"  BASIC";"4054293114407";0,00;15.5.2026 00:00:00;;"twi215anth040060";"Twist";"040060";"215";"anth";"Sortimentsverlasser";"Ausläufer- kein weiterer Wareneingang"
"  BASIC";"4054293114629";0,00;15.5.2026 00:00:00;;"twi215anth060110";"Twist";"060110";"215";"anth";"Sortimentsverlasser";"Ausläufer- kein weiterer Wareneingang"
"  BASIC";"4054293114414";0,00;15.5.2026 00:00:00;;"twi215anth080080r";"Twist";"080080r";"215";"anth";"Sortimentsverlasser";"Ausläufer- kein weiterer Wareneingang"
"  BASIC";"4054293114377";0,00;15.5.2026 00:00:00;;"twi215anth080150";"Twist";"080150";"215";"anth";"Sortimentsverlasser";"Ausläufer- kein weiterer Wareneingang"
"  BASIC";"4054293114384";0,00;15.5.2026 00:00:00;;"twi215anth120170";"Twist";"120170";"215";"anth";"Sortimentsverlasser";"Ausläufer- kein weiterer Wareneingang"
"  BASIC";"4054293114391";0,00;15.5.2026 00:00:00;;"twi215anth160230";"Twist";"160230";"215";"anth";"Sortimentsverlasser";"Ausläufer- kein weiterer Wareneingang"
"  BASIC";"4054293114452";0,00;15.5.2026 00:00:00;;"twi215crea040060";"Twist";"040060";"215";"crea";"Sortimentsverlasser";"Ausläufer- kein weiterer Wareneingang"
"  BASIC";"4054293114636";0,00;15.5.2026 00:00:00;;"twi215crea060110";"Twist";"060110";"215";"crea";"Sortimentsverlasser";"Ausläufer- kein weiterer Wareneingang"
"  BASIC";"4054293114469";0,00;15.5.2026 00:00:00;;"twi215crea080080r";"Twist";"080080r";"215";"crea";"Sortimentsverlasser";"Ausläufer- kein weiterer Wareneingang"
"  BASIC";"4054293114421";0,00;15.5.2026 00:00:00;;"twi215crea080150";"Twist";"080150";"215";"crea";"Sortimentsverlasser";"Ausläufer- kein weiterer Wareneingang"
"  BASIC";"4054293114438";0,00;15.5.2026 00:00:00;;"twi215crea120170";"Twist";"120170";"215";"crea";"Sortimentsverlasser";"Ausläufer- kein weiterer Wareneingang"
"  BASIC";"4054293114445";0,00;15.5.2026 00:00:00;;"twi215crea160230";"Twist";"160230";"215";"crea";"Sortimentsverlasser";"Ausläufer- kein weiterer Wareneingang"
"  BASIC";"4054293114506";0,00;15.5.2026 00:00:00;;"twi215jade040060";"Twist";"040060";"215";"jade";"Sortimentsverlasser";"Ausläufer- kein weiterer Wareneingang"
"  BASIC";"4054293114643";0,00;15.5.2026 00:00:00;;"twi215jade060110";"Twist";"060110";"215";"jade";"Sortimentsverlasser";"Ausläufer- kein weiterer Wareneingang"
"  BASIC";"4054293114513";0,00;15.5.2026 00:00:00;;"twi215jade080080r";"Twist";"080080r";"215";"jade";"Sortimentsverlasser";"Ausläufer- kein weiterer Wareneingang"
"  BASIC";"4054293114476";0,00;15.5.2026 00:00:00;;"twi215jade080150";"Twist";"080150";"215";"jade";"Sortimentsverlasser";"Ausläufer- kein weiterer Wareneingang"
"  BASIC";"4054293114483";0,00;15.5.2026 00:00:00;;"twi215jade120170";"Twist";"120170";"215";"jade";"Sortimentsverlasser";"Ausläufer- kein weiterer Wareneingang"
"  BASIC";"4054293114490";0,00;15.5.2026 00:00:00;;"twi215jade160230";"Twist";"160230";"215";"jade";"Sortimentsverlasser";"Ausläufer- kein weiterer Wareneingang"
"  BASIC";"4054293114551";0,00;15.5.2026 00:00:00;;"twi215silv040060";"Twist";"040060";"215";"silv";"Sortimentsverlasser";"Ausläufer- kein weiterer Wareneingang"
"  BASIC";"4054293114650";0,00;15.5.2026 00:00:00;;"twi215silv060110";"Twist";"060110";"215";"silv";"Sortimentsverlasser";"Ausläufer- kein weiterer Wareneingang"
"  BASIC";"4054293114568";0,00;15.5.2026 00:00:00;;"twi215silv080080r";"Twist";"080080r";"215";"silv";"Sortimentsverlasser";"Ausläufer- kein weiterer Wareneingang"
"  BASIC";"4054293114520";0,00;15.5.2026 00:00:00;;"twi215silv080150";"Twist";"080150";"215";"silv";"Sortimentsverlasser";"Ausläufer- kein weiterer Wareneingang"
"  BASIC";"4054293114537";0,00;15.5.2026 00:00:00;;"twi215silv120170";"Twist";"120170";"215";"silv";"Sortimentsverlasser";"Ausläufer- kein weiterer Wareneingang"
"  BASIC";"4054293114544";0,00;15.5.2026 00:00:00;;"twi215silv160230";"Twist";"160230";"215";"silv";"Sortimentsverlasser";"Ausläufer- kein weiterer Wareneingang"
"  BASIC";"4054293114605";0,00;15.5.2026 00:00:00;;"twi215taup040060";"Twist";"040060";"215";"taup";"Sortimentsverlasser";"Ausläufer- kein weiterer Wareneingang"
"  BASIC";"4054293114667";0,00;15.5.2026 00:00:00;;"twi215taup060110";"Twist";"060110";"215";"taup";"Sortimentsverlasser";"Ausläufer- kein weiterer Wareneingang"
"  BASIC";"4054293114612";0,00;15.5.2026 00:00:00;;"twi215taup080080r";"Twist";"080080r";"215";"taup";"Sortimentsverlasser";"Ausläufer- kein weiterer Wareneingang"
"  BASIC";"4054293114575";0,00;15.5.2026 00:00:00;;"twi215taup080150";"Twist";"080150";"215";"taup";"Sortimentsverlasser";"Ausläufer- kein weiterer Wareneingang"
"  BASIC";"4054293114582";0,00;15.5.2026 00:00:00;;"twi215taup120170";"Twist";"120170";"215";"taup";"Sortimentsverlasser";"Ausläufer- kein weiterer Wareneingang"
"  BASIC";"4054293114599";0,00;15.5.2026 00:00:00;;"twi215taup160230";"Twist";"160230";"215";"taup";"Sortimentsverlasser";"Ausläufer- kein weiterer Wareneingang"
"  HAUTE COUTURE";"4054293105313";0,00;15.5.2026 00:00:00;;"bao300crea080150";"Babylon of Obsession";"080150";"300";"crea";"Sortimentsverlasser";"Ausläufer- kein weiterer Wareneingang"
"  HAUTE COUTURE";"4054293105375";0,00;15.5.2026 00:00:00;;"bao300crea080250";"Babylon of Obsession";"080250";"300";"crea";"Sortimentsverlasser";"Ausläufer- kein weiterer Wareneingang"
"  HAUTE COUTURE";"4054293105320";0,00;15.5.2026 00:00:00;;"bao300crea140200";"Babylon of Obsession";"140200";"300";"crea";"Sortimentsverlasser";"Ausläufer- kein weiterer Wareneingang"
"  HAUTE COUTURE";"4054293105337";15,00;15.5.2026 00:00:00;;"bao300crea160230";"Babylon of Obsession";"160230";"300";"crea";"Sortimentsverlasser";""
"  HAUTE COUTURE";"4054293105344";19,00;15.5.2026 00:00:00;;"bao300crea200290";"Babylon of Obsession";"200290";"300";"crea";"Sortimentsverlasser";""
"  HAUTE COUTURE";"4054293105351";0,00;15.5.2026 00:00:00;;"bao300crea240340";"Babylon of Obsession";"240340";"300";"crea";"Sortimentsverlasser";"Ausläufer- kein weiterer Wareneingang"
"  HAUTE COUTURE";"4054293105368";0,00;15.5.2026 00:00:00;;"bao300crea300400";"Babylon of Obsession";"300400";"300";"crea";"Sortimentsverlasser";"Ausläufer- kein weiterer Wareneingang"
"  HAUTE COUTURE";"4054293105177";2,00;15.5.2026 00:00:00;;"bao300navy080150";"Babylon of Obsession";"080150";"300";"navy";"Sortimentsverlasser";"Ausläufer- kein weiterer Wareneingang"
"  HAUTE COUTURE";"4054293105238";0,00;15.5.2026 00:00:00;;"bao300navy080250";"Babylon of Obsession";"080250";"300";"navy";"Sortimentsverlasser";"Ausläufer- kein weiterer Wareneingang"
"  HAUTE COUTURE";"4054293105184";10,00;15.5.2026 00:00:00;;"bao300navy140200";"Babylon of Obsession";"140200";"300";"navy";"Sortimentsverlasser";""
"  HAUTE COUTURE";"4054293105191";3,00;15.5.2026 00:00:00;;"bao300navy160230";"Babylon of Obsession";"160230";"300";"navy";"Sortimentsverlasser";"Ausläufer- kein weiterer Wareneingang"
"  HAUTE COUTURE";"4054293105207";5,00;15.5.2026 00:00:00;;"bao300navy200290";"Babylon of Obsession";"200290";"300";"navy";"Sortimentsverlasser";"Ausläufer- kein weiterer Wareneingang"
"  HAUTE COUTURE";"4054293105214";0,00;15.5.2026 00:00:00;;"bao300navy240340";"Babylon of Obsession";"240340";"300";"navy";"Sortimentsverlasser";"Ausläufer- kein weiterer Wareneingang"
"  HAUTE COUTURE";"4054293105221";3,00;15.5.2026 00:00:00;;"bao300navy300400";"Babylon of Obsession";"300400";"300";"navy";"Sortimentsverlasser";"Ausläufer- kein weiterer Wareneingang"
"  HAUTE COUTURE";"4054293105245";0,00;15.5.2026 00:00:00;;"bao300redd080150";"Babylon of Obsession";"080150";"300";"redd";"Sortimentsverlasser";"Ausläufer- kein weiterer Wareneingang"
"  HAUTE COUTURE";"4054293105306";0,00;15.5.2026 00:00:00;;"bao300redd080250";"Babylon of Obsession";"080250";"300";"redd";"Sortimentsverlasser";"Ausläufer- kein weiterer Wareneingang"
"  HAUTE COUTURE";"4054293105252";3,00;15.5.2026 00:00:00;;"bao300redd140200";"Babylon of Obsession";"140200";"300";"redd";"Sortimentsverlasser";"Ausläufer- kein weiterer Wareneingang"
"  HAUTE COUTURE";"4054293105269";23,00;15.5.2026 00:00:00;;"bao300redd160230";"Babylon of Obsession";"160230";"300";"redd";"Sortimentsverlasser";""
"  HAUTE COUTURE";"4054293105276";17,00;15.5.2026 00:00:00;;"bao300redd200290";"Babylon of Obsession";"200290";"300";"redd";"Sortimentsverlasser";""
"  HAUTE COUTURE";"4054293105283";0,00;15.5.2026 00:00:00;;"bao300redd240340";"Babylon of Obsession";"240340";"300";"redd";"Sortimentsverlasser";"Ausläufer- kein weiterer Wareneingang"
"  HAUTE COUTURE";"4054293105290";2,00;15.5.2026 00:00:00;;"bao300redd300400";"Babylon of Obsession";"300400";"300";"redd";"Sortimentsverlasser";"Ausläufer- kein weiterer Wareneingang"
"  HAUTE COUTURE";"4054293105382";1,00;15.5.2026 00:00:00;;"bao301navy080150";"Babylon of Obsession";"080150";"301";"navy";"Sortimentsverlasser";"Ausläufer- kein weiterer Wareneingang"
"  HAUTE COUTURE";"4054293105443";0,00;15.5.2026 00:00:00;;"bao301navy080250";"Babylon of Obsession";"080250";"301";"navy";"Sortimentsverlasser";"Ausläufer- kein weiterer Wareneingang"
"  HAUTE COUTURE";"4054293105399";7,00;15.5.2026 00:00:00;;"bao301navy140200";"Babylon of Obsession";"140200";"301";"navy";"Sortimentsverlasser";""
"  HAUTE COUTURE";"4054293105405";0,00;15.5.2026 00:00:00;;"bao301navy160230";"Babylon of Obsession";"160230";"301";"navy";"Sortimentsverlasser";"Ausläufer- kein weiterer Wareneingang"
"  HAUTE COUTURE";"4054293105412";1,00;15.5.2026 00:00:00;;"bao301navy200290";"Babylon of Obsession";"200290";"301";"navy";"Sortimentsverlasser";"Ausläufer- kein weiterer Wareneingang"
"  HAUTE COUTURE";"4054293105429";0,00;15.5.2026 00:00:00;;"bao301navy240340";"Babylon of Obsession";"240340";"301";"navy";"Sortimentsverlasser";"Ausläufer- kein weiterer Wareneingang"
"  HAUTE COUTURE";"4054293105436";0,00;15.5.2026 00:00:00;;"bao301navy300400";"Babylon of Obsession";"300400";"301";"navy";"Sortimentsverlasser";"Ausläufer- kein weiterer Wareneingang"
"  HAUTE COUTURE";"4054293105450";0,00;15.5.2026 00:00:00;;"bao302crea080150";"Babylon of Obsession";"080150";"302";"crea";"Sortimentsverlasser";"Ausläufer- kein weiterer Wareneingang"
"  HAUTE COUTURE";"4054293105511";0,00;15.5.2026 00:00:00;;"bao302crea080250";"Babylon of Obsession";"080250";"302";"crea";"Sortimentsverlasser";"Ausläufer- kein weiterer Wareneingang"
"  HAUTE COUTURE";"4054293105467";0,00;15.5.2026 00:00:00;;"bao302crea140200";"Babylon of Obsession";"140200";"302";"crea";"Sortimentsverlasser";"Ausläufer- kein weiterer Wareneingang"
"  HAUTE COUTURE";"4054293105474";0,00;15.5.2026 00:00:00;;"bao302crea160230";"Babylon of Obsession";"160230";"302";"crea";"Sortimentsverlasser";"Ausläufer- kein weiterer Wareneingang"
"  HAUTE COUTURE";"4054293105481";0,00;15.5.2026 00:00:00;;"bao302crea200290";"Babylon of Obsession";"200290";"302";"crea";"Sortimentsverlasser";"Ausläufer- kein weiterer Wareneingang"
"  HAUTE COUTURE";"4054293105498";0,00;15.5.2026 00:00:00;;"bao302crea240340";"Babylon of Obsession";"240340";"302";"crea";"Sortimentsverlasser";"Ausläufer- kein weiterer Wareneingang"
"  HAUTE COUTURE";"4054293105504";1,00;15.5.2026 00:00:00;;"bao302crea300400";"Babylon of Obsession";"300400";"302";"crea";"Sortimentsverlasser";"Ausläufer- kein weiterer Wareneingang"
"  HAUTE COUTURE";"4054293105528";0,00;15.5.2026 00:00:00;;"bao303navy080150";"Babylon of Obsession";"080150";"303";"navy";"Sortimentsverlasser";"Ausläufer- kein weiterer Wareneingang"
"  HAUTE COUTURE";"4054293105580";0,00;15.5.2026 00:00:00;;"bao303navy080250";"Babylon of Obsession";"080250";"303";"navy";"Sortimentsverlasser";"Ausläufer- kein weiterer Wareneingang"
"  HAUTE COUTURE";"4054293105535";0,00;15.5.2026 00:00:00;;"bao303navy140200";"Babylon of Obsession";"140200";"303";"navy";"Sortimentsverlasser";"Ausläufer- kein weiterer Wareneingang"
"  HAUTE COUTURE";"4054293105542";0,00;15.5.2026 00:00:00;;"bao303navy160230";"Babylon of Obsession";"160230";"303";"navy";"Sortimentsverlasser";"Ausläufer- kein weiterer Wareneingang"
"  HAUTE COUTURE";"4054293105559";0,00;15.5.2026 00:00:00;;"bao303navy200290";"Babylon of Obsession";"200290";"303";"navy";"Sortimentsverlasser";"Ausläufer- kein weiterer Wareneingang"
"  HAUTE COUTURE";"4054293105566";0,00;15.5.2026 00:00:00;;"bao303navy240340";"Babylon of Obsession";"240340";"303";"navy";"Sortimentsverlasser";"Ausläufer- kein weiterer Wareneingang"
"  HAUTE COUTURE";"4054293105573";2,00;15.5.2026 00:00:00;;"bao303navy300400";"Babylon of Obsession";"300400";"303";"navy";"Sortimentsverlasser";"Ausläufer- kein weiterer Wareneingang"
"  HAUTE COUTURE";"4054293104613";1,00;15.5.2026 00:00:00;;"edo200grey080150";"Eden of Obsession";"080150";"200";"grey";"Sortimentsverlasser";"Ausläufer- kein weiterer Wareneingang"
"  HAUTE COUTURE";"4054293104620";0,00;15.5.2026 00:00:00;;"edo200grey120170";"Eden of Obsession";"120170";"200";"grey";"Sortimentsverlasser";"Ausläufer- kein weiterer Wareneingang"
"  HAUTE COUTURE";"4054293104637";3,00;15.5.2026 00:00:00;;"edo200grey140200";"Eden of Obsession";"140200";"200";"grey";"Sortimentsverlasser";"Ausläufer- kein weiterer Wareneingang"
"  HAUTE COUTURE";"4054293104644";0,00;15.5.2026 00:00:00;;"edo200grey160230";"Eden of Obsession";"160230";"200";"grey";"Sortimentsverlasser";"Ausläufer- kein weiterer Wareneingang"
"  HAUTE COUTURE";"4054293104651";0,00;15.5.2026 00:00:00;;"edo200grey200290";"Eden of Obsession";"200290";"200";"grey";"Sortimentsverlasser";"Ausläufer- kein weiterer Wareneingang"
"  HAUTE COUTURE";"4054293104668";1,00;15.5.2026 00:00:00;;"edo200grey240340";"Eden of Obsession";"240340";"200";"grey";"Sortimentsverlasser";"Ausläufer- kein weiterer Wareneingang"
"  HAUTE COUTURE";"4054293104675";0,00;15.5.2026 00:00:00;;"edo201grey080150";"Eden of Obsession";"080150";"201";"grey";"Sortimentsverlasser";"Ausläufer- kein weiterer Wareneingang"
"  HAUTE COUTURE";"4054293104682";12,00;15.5.2026 00:00:00;;"edo201grey120170";"Eden of Obsession";"120170";"201";"grey";"Sortimentsverlasser";""
"  HAUTE COUTURE";"4054293104699";0,00;15.5.2026 00:00:00;;"edo201grey140200";"Eden of Obsession";"140200";"201";"grey";"Sortimentsverlasser";"Ausläufer- kein weiterer Wareneingang"
"  HAUTE COUTURE";"4054293104705";0,00;15.5.2026 00:00:00;;"edo201grey160230";"Eden of Obsession";"160230";"201";"grey";"Sortimentsverlasser";"Ausläufer- kein weiterer Wareneingang"
"  HAUTE COUTURE";"4054293104712";1,00;15.5.2026 00:00:00;;"edo201grey200290";"Eden of Obsession";"200290";"201";"grey";"Sortimentsverlasser";"Ausläufer- kein weiterer Wareneingang"
"  HAUTE COUTURE";"4054293104729";0,00;15.5.2026 00:00:00;;"edo201grey240340";"Eden of Obsession";"240340";"201";"grey";"Sortimentsverlasser";"Ausläufer- kein weiterer Wareneingang"
"  HAUTE COUTURE";"4054293104736";16,00;15.5.2026 00:00:00;;"edo202grey080150";"Eden of Obsession";"080150";"202";"grey";"Sortimentsverlasser";""
"  HAUTE COUTURE";"4054293104743";9,00;15.5.2026 00:00:00;;"edo202grey120170";"Eden of Obsession";"120170";"202";"grey";"Sortimentsverlasser";""
"  HAUTE COUTURE";"4054293104750";0,00;15.5.2026 00:00:00;;"edo202grey140200";"Eden of Obsession";"140200";"202";"grey";"Sortimentsverlasser";"Ausläufer- kein weiterer Wareneingang"
"  HAUTE COUTURE";"4054293104767";3,00;15.5.2026 00:00:00;;"edo202grey160230";"Eden of Obsession";"160230";"202";"grey";"Sortimentsverlasser";"Ausläufer- kein weiterer Wareneingang"
"  HAUTE COUTURE";"4054293104774";4,00;15.5.2026 00:00:00;;"edo202grey200290";"Eden of Obsession";"200290";"202";"grey";"Sortimentsverlasser";"Ausläufer- kein weiterer Wareneingang"
"  HAUTE COUTURE";"4054293104781";2,00;15.5.2026 00:00:00;;"edo202grey240340";"Eden of Obsession";"240340";"202";"grey";"Sortimentsverlasser";"Ausläufer- kein weiterer Wareneingang"
"  HAUTE COUTURE";"4054293104798";4,00;15.5.2026 00:00:00;;"edo203grey080150";"Eden of Obsession";"080150";"203";"grey";"Sortimentsverlasser";"Ausläufer- kein weiterer Wareneingang"
"  HAUTE COUTURE";"4054293104804";1,00;15.5.2026 00:00:00;;"edo203grey120170";"Eden of Obsession";"120170";"203";"grey";"Sortimentsverlasser";"Ausläufer- kein weiterer Wareneingang"
"  HAUTE COUTURE";"4054293104811";2,00;15.5.2026 00:00:00;;"edo203grey140200";"Eden of Obsession";"140200";"203";"grey";"Sortimentsverlasser";"Ausläufer- kein weiterer Wareneingang"
"  HAUTE COUTURE";"4054293104828";6,00;15.5.2026 00:00:00;;"edo203grey160230";"Eden of Obsession";"160230";"203";"grey";"Sortimentsverlasser";""
"  HAUTE COUTURE";"4054293104835";3,00;15.5.2026 00:00:00;;"edo203grey200290";"Eden of Obsession";"200290";"203";"grey";"Sortimentsverlasser";"Ausläufer- kein weiterer Wareneingang"
"  HAUTE COUTURE";"4054293104842";1,00;15.5.2026 00:00:00;;"edo203grey240340";"Eden of Obsession";"240340";"203";"grey";"Sortimentsverlasser";"Ausläufer- kein weiterer Wareneingang"
"  HAUTE COUTURE";"4054293104859";16,00;15.5.2026 00:00:00;;"edo204grey080150";"Eden of Obsession";"080150";"204";"grey";"Sortimentsverlasser";""
"  HAUTE COUTURE";"4054293104866";19,00;15.5.2026 00:00:00;;"edo204grey120170";"Eden of Obsession";"120170";"204";"grey";"Sortimentsverlasser";""
"  HAUTE COUTURE";"4054293104873";7,00;15.5.2026 00:00:00;;"edo204grey140200";"Eden of Obsession";"140200";"204";"grey";"Sortimentsverlasser";""
"  HAUTE COUTURE";"4054293104880";12,00;15.5.2026 00:00:00;;"edo204grey160230";"Eden of Obsession";"160230";"204";"grey";"Sortimentsverlasser";""
"  HAUTE COUTURE";"4054293104897";17,00;15.5.2026 00:00:00;;"edo204grey200290";"Eden of Obsession";"200290";"204";"grey";"Sortimentsverlasser";""
"  HAUTE COUTURE";"4054293104903";14,00;15.5.2026 00:00:00;;"edo204grey240340";"Eden of Obsession";"240340";"204";"grey";"Sortimentsverlasser";""
"  HAUTE COUTURE";"4054293104910";34,00;15.5.2026 00:00:00;;"edo205grey080150";"Eden of Obsession";"080150";"205";"grey";"Sortimentsverlasser";""
"  HAUTE COUTURE";"4054293104927";11,00;15.5.2026 00:00:00;;"edo205grey120170";"Eden of Obsession";"120170";"205";"grey";"Sortimentsverlasser";""
"  HAUTE COUTURE";"4054293104934";4,00;15.5.2026 00:00:00;;"edo205grey140200";"Eden of Obsession";"140200";"205";"grey";"Sortimentsverlasser";"Ausläufer- kein weiterer Wareneingang"
"  HAUTE COUTURE";"4054293104941";34,00;15.5.2026 00:00:00;;"edo205grey160230";"Eden of Obsession";"160230";"205";"grey";"Sortimentsverlasser";""
"  HAUTE COUTURE";"4054293104958";23,00;15.5.2026 00:00:00;;"edo205grey200290";"Eden of Obsession";"200290";"205";"grey";"Sortimentsverlasser";""
"  HAUTE COUTURE";"4054293104965";5,00;15.5.2026 00:00:00;;"edo205grey240340";"Eden of Obsession";"240340";"205";"grey";"Sortimentsverlasser";"Ausläufer- kein weiterer Wareneingang"
"  HAUTE COUTURE";"4054293124291";0,00;15.5.2026 00:00:00;;"fdo938crea080150";"Farah Diba of Obsession";"080150";"938";"crea";"Sortiment";"Ware in Bestellung -Ankunft geplant  "
"  HAUTE COUTURE";"4054293124277";0,00;15.5.2026 00:00:00;;"fdo938crea120170";"Farah Diba of Obsession";"120170";"938";"crea";"Sortiment";"Ware in Bestellung -Ankunft geplant  "
"  HAUTE COUTURE";"4054293124260";0,00;15.5.2026 00:00:00;;"fdo938crea160230";"Farah Diba of Obsession";"160230";"938";"crea";"Sortiment";"Ware in Bestellung -Ankunft geplant  "
"  HAUTE COUTURE";"4054293124253";0,00;15.5.2026 00:00:00;;"fdo938crea200300";"Farah Diba of Obsession";"200300";"938";"crea";"Sortiment";"Ware in Bestellung -Ankunft geplant  "
"  HAUTE COUTURE";"4054293124246";0,00;15.5.2026 00:00:00;;"fdo938crea250350";"Farah Diba of Obsession";"250350";"938";"crea";"Sortiment";"Ware in Bestellung -Ankunft geplant  "
"  HAUTE COUTURE";"4054293124239";0,00;15.5.2026 00:00:00;;"fdo938crea300400";"Farah Diba of Obsession";"300400";"938";"crea";"Sortiment";"Ware in Bestellung -Ankunft geplant  "
"  HAUTE COUTURE";"4054293124369";0,00;15.5.2026 00:00:00;;"fdo939navy080150";"Farah Diba of Obsession";"080150";"939";"navy";"Sortiment";"Ware in Bestellung -Ankunft geplant  "
"  HAUTE COUTURE";"4054293124345";0,00;15.5.2026 00:00:00;;"fdo939navy120170";"Farah Diba of Obsession";"120170";"939";"navy";"Sortiment";"Ware in Bestellung -Ankunft geplant  "
"  HAUTE COUTURE";"4054293124338";0,00;15.5.2026 00:00:00;;"fdo939navy160230";"Farah Diba of Obsession";"160230";"939";"navy";"Sortiment";"Ware in Bestellung -Ankunft geplant  "
"  HAUTE COUTURE";"4054293124321";0,00;15.5.2026 00:00:00;;"fdo939navy200300";"Farah Diba of Obsession";"200300";"939";"navy";"Sortiment";"Ware in Bestellung -Ankunft geplant  "
"  HAUTE COUTURE";"4054293124314";0,00;15.5.2026 00:00:00;;"fdo939navy250350";"Farah Diba of Obsession";"250350";"939";"navy";"Sortiment";"Ware in Bestellung -Ankunft geplant  "
"  HAUTE COUTURE";"4054293124307";0,00;15.5.2026 00:00:00;;"fdo939navy300400";"Farah Diba of Obsession";"300400";"939";"navy";"Sortiment";"Ware in Bestellung -Ankunft geplant  "
"  HAUTE COUTURE";"4054293122082";0,00;15.5.2026 00:00:00;;"fdo940redd080150";"Farah Diba of Obsession";"080150";"940";"redd";"Sortiment";"Ware in Bestellung -Ankunft geplant  "
"  HAUTE COUTURE";"4054293122068";0,00;15.5.2026 00:00:00;;"fdo940redd120170";"Farah Diba of Obsession";"120170";"940";"redd";"Sortiment";"Ware in Bestellung -Ankunft geplant  "
"  HAUTE COUTURE";"4054293122044";0,00;15.5.2026 00:00:00;;"fdo940redd160230";"Farah Diba of Obsession";"160230";"940";"redd";"Sortiment";"Ware in Bestellung -Ankunft geplant  "
"  HAUTE COUTURE";"4054293122037";0,00;15.5.2026 00:00:00;;"fdo940redd200300";"Farah Diba of Obsession";"200300";"940";"redd";"Sortiment";"Ware in Bestellung -Ankunft geplant  "
"  HAUTE COUTURE";"4054293122020";0,00;15.5.2026 00:00:00;;"fdo940redd250350";"Farah Diba of Obsession";"250350";"940";"redd";"Sortiment";"Ware in Bestellung -Ankunft geplant  "
"  HAUTE COUTURE";"4054293122013";0,00;15.5.2026 00:00:00;;"fdo940redd300400";"Farah Diba of Obsession";"300400";"940";"redd";"Sortiment";"Ware in Bestellung -Ankunft geplant  "
"  HAUTE COUTURE";"4054293122167";0,00;15.5.2026 00:00:00;;"fdo941waln080150";"Farah Diba of Obsession";"080150";"941";"waln";"Sortiment";"Ware in Bestellung -Ankunft geplant  "
"  HAUTE COUTURE";"4054293122143";0,00;15.5.2026 00:00:00;;"fdo941waln120170";"Farah Diba of Obsession";"120170";"941";"waln";"Sortiment";"Ware in Bestellung -Ankunft geplant  "
"  HAUTE COUTURE";"4054293122129";0,00;15.5.2026 00:00:00;;"fdo941waln160230";"Farah Diba of Obsession";"160230";"941";"waln";"Sortiment";"Ware in Bestellung -Ankunft geplant  "
"  HAUTE COUTURE";"4054293122112";0,00;15.5.2026 00:00:00;;"fdo941waln200300";"Farah Diba of Obsession";"200300";"941";"waln";"Sortiment";"Ware in Bestellung -Ankunft geplant  "
"  HAUTE COUTURE";"4054293122105";0,00;15.5.2026 00:00:00;;"fdo941waln250350";"Farah Diba of Obsession";"250350";"941";"waln";"Sortiment";"Ware in Bestellung -Ankunft geplant  "
"  HAUTE COUTURE";"4054293122099";0,00;15.5.2026 00:00:00;;"fdo941waln300400";"Farah Diba of Obsession";"300400";"941";"waln";"Sortiment";"Ware in Bestellung -Ankunft geplant  "
"  HAUTE COUTURE";"4054293122242";0,00;15.5.2026 00:00:00;;"fdo942navy080150";"Farah Diba of Obsession";"080150";"942";"navy";"Sortiment";"Ware in Bestellung -Ankunft geplant  "
"  HAUTE COUTURE";"4054293122228";0,00;15.5.2026 00:00:00;;"fdo942navy120170";"Farah Diba of Obsession";"120170";"942";"navy";"Sortiment";"Ware in Bestellung -Ankunft geplant  "
"  HAUTE COUTURE";"4054293122204";0,00;15.5.2026 00:00:00;;"fdo942navy160230";"Farah Diba of Obsession";"160230";"942";"navy";"Sortiment";"Ware in Bestellung -Ankunft geplant  "
"  HAUTE COUTURE";"4054293122198";0,00;15.5.2026 00:00:00;;"fdo942navy200300";"Farah Diba of Obsession";"200300";"942";"navy";"Sortiment";"Ware in Bestellung -Ankunft geplant  "
"  HAUTE COUTURE";"4054293122181";0,00;15.5.2026 00:00:00;;"fdo942navy250350";"Farah Diba of Obsession";"250350";"942";"navy";"Sortiment";"Ware in Bestellung -Ankunft geplant  "
"  HAUTE COUTURE";"4054293122174";0,00;15.5.2026 00:00:00;;"fdo942navy300400";"Farah Diba of Obsession";"300400";"942";"navy";"Sortiment";"Ware in Bestellung -Ankunft geplant  "
"  HAUTE COUTURE";"4054293122327";0,00;15.5.2026 00:00:00;;"fdo943blue080150";"Farah Diba of Obsession";"080150";"943";"blue";"Sortiment";"Ware in Bestellung -Ankunft geplant  "
"  HAUTE COUTURE";"4054293122303";0,00;15.5.2026 00:00:00;;"fdo943blue120170";"Farah Diba of Obsession";"120170";"943";"blue";"Sortiment";"Ware in Bestellung -Ankunft geplant  "
"  HAUTE COUTURE";"4054293122280";0,00;15.5.2026 00:00:00;;"fdo943blue160230";"Farah Diba of Obsession";"160230";"943";"blue";"Sortiment";"Ware in Bestellung -Ankunft geplant  "
"  HAUTE COUTURE";"4054293122273";0,00;15.5.2026 00:00:00;;"fdo943blue200300";"Farah Diba of Obsession";"200300";"943";"blue";"Sortiment";"Ware in Bestellung -Ankunft geplant  "
"  HAUTE COUTURE";"4054293122266";0,00;15.5.2026 00:00:00;;"fdo943blue250350";"Farah Diba of Obsession";"250350";"943";"blue";"Sortiment";"Ware in Bestellung -Ankunft geplant  "
"  HAUTE COUTURE";"4054293122259";0,00;15.5.2026 00:00:00;;"fdo943blue300400";"Farah Diba of Obsession";"300400";"943";"blue";"Sortiment";"Ware in Bestellung -Ankunft geplant  "
"  HAUTE COUTURE";"4054293122402";0,00;15.5.2026 00:00:00;;"fdo945beig080150";"Farah Diba of Obsession";"080150";"945";"beig";"Sortiment";"Ware in Bestellung -Ankunft geplant  "
"  HAUTE COUTURE";"4054293122389";0,00;15.5.2026 00:00:00;;"fdo945beig120170";"Farah Diba of Obsession";"120170";"945";"beig";"Sortiment";"Ware in Bestellung -Ankunft geplant  "
"  HAUTE COUTURE";"4054293122365";0,00;15.5.2026 00:00:00;;"fdo945beig160230";"Farah Diba of Obsession";"160230";"945";"beig";"Sortiment";"Ware in Bestellung -Ankunft geplant  "
"  HAUTE COUTURE";"4054293122358";0,00;15.5.2026 00:00:00;;"fdo945beig200300";"Farah Diba of Obsession";"200300";"945";"beig";"Sortiment";"Ware in Bestellung -Ankunft geplant  "
"  HAUTE COUTURE";"4054293122341";0,00;15.5.2026 00:00:00;;"fdo945beig250350";"Farah Diba of Obsession";"250350";"945";"beig";"Sortiment";"Ware in Bestellung -Ankunft geplant  "
"  HAUTE COUTURE";"4054293122334";0,00;15.5.2026 00:00:00;;"fdo945beig300400";"Farah Diba of Obsession";"300400";"945";"beig";"Sortiment";"Ware in Bestellung -Ankunft geplant  "
"  HAUTE COUTURE";"4054293122488";0,00;15.5.2026 00:00:00;;"fdo946beig080150";"Farah Diba of Obsession";"080150";"946";"beig";"Sortiment";"Ware in Bestellung -Ankunft geplant  "
"  HAUTE COUTURE";"4054293122464";0,00;15.5.2026 00:00:00;;"fdo946beig120170";"Farah Diba of Obsession";"120170";"946";"beig";"Sortiment";"Ware in Bestellung -Ankunft geplant  "
"  HAUTE COUTURE";"4054293122440";0,00;15.5.2026 00:00:00;;"fdo946beig160230";"Farah Diba of Obsession";"160230";"946";"beig";"Sortiment";"Ware in Bestellung -Ankunft geplant  "
"  HAUTE COUTURE";"4054293122433";0,00;15.5.2026 00:00:00;;"fdo946beig200300";"Farah Diba of Obsession";"200300";"946";"beig";"Sortiment";"Ware in Bestellung -Ankunft geplant  "
"  HAUTE COUTURE";"4054293122426";0,00;15.5.2026 00:00:00;;"fdo946beig250350";"Farah Diba of Obsession";"250350";"946";"beig";"Sortiment";"Ware in Bestellung -Ankunft geplant  "
"  HAUTE COUTURE";"4054293122419";0,00;15.5.2026 00:00:00;;"fdo946beig300400";"Farah Diba of Obsession";"300400";"946";"beig";"Sortiment";"Ware in Bestellung -Ankunft geplant  "
"  HAUTE COUTURE";"4054293122563";0,00;15.5.2026 00:00:00;;"fdo947crea080150";"Farah Diba of Obsession";"080150";"947";"crea";"Sortiment";"Ware in Bestellung -Ankunft geplant  "
"  HAUTE COUTURE";"4054293122549";0,00;15.5.2026 00:00:00;;"fdo947crea120170";"Farah Diba of Obsession";"120170";"947";"crea";"Sortiment";"Ware in Bestellung -Ankunft geplant  "
"  HAUTE COUTURE";"4054293122525";0,00;15.5.2026 00:00:00;;"fdo947crea160230";"Farah Diba of Obsession";"160230";"947";"crea";"Sortiment";"Ware in Bestellung -Ankunft geplant  "
"  HAUTE COUTURE";"4054293122518";0,00;15.5.2026 00:00:00;;"fdo947crea200300";"Farah Diba of Obsession";"200300";"947";"crea";"Sortiment";"Ware in Bestellung -Ankunft geplant  "
"  HAUTE COUTURE";"4054293122501";0,00;15.5.2026 00:00:00;;"fdo947crea250350";"Farah Diba of Obsession";"250350";"947";"crea";"Sortiment";"Ware in Bestellung -Ankunft geplant  "
"  HAUTE COUTURE";"4054293122495";0,00;15.5.2026 00:00:00;;"fdo947crea300400";"Farah Diba of Obsession";"300400";"947";"crea";"Sortiment";"Ware in Bestellung -Ankunft geplant  "
"  HAUTE COUTURE";"4054293122648";0,00;15.5.2026 00:00:00;;"fdo948redd080150";"Farah Diba of Obsession";"080150";"948";"redd";"Sortiment";"Ware in Bestellung -Ankunft geplant  "
"  HAUTE COUTURE";"4054293122624";0,00;15.5.2026 00:00:00;;"fdo948redd120170";"Farah Diba of Obsession";"120170";"948";"redd";"Sortiment";"Ware in Bestellung -Ankunft geplant  "
"  HAUTE COUTURE";"4054293122600";0,00;15.5.2026 00:00:00;;"fdo948redd160230";"Farah Diba of Obsession";"160230";"948";"redd";"Sortiment";"Ware in Bestellung -Ankunft geplant  "
"  HAUTE COUTURE";"4054293122594";0,00;15.5.2026 00:00:00;;"fdo948redd200300";"Farah Diba of Obsession";"200300";"948";"redd";"Sortiment";"Ware in Bestellung -Ankunft geplant  "
"  HAUTE COUTURE";"4054293122587";0,00;15.5.2026 00:00:00;;"fdo948redd250350";"Farah Diba of Obsession";"250350";"948";"redd";"Sortiment";"Ware in Bestellung -Ankunft geplant  "
"  HAUTE COUTURE";"4054293122570";0,00;15.5.2026 00:00:00;;"fdo948redd300400";"Farah Diba of Obsession";"300400";"948";"redd";"Sortiment";"Ware in Bestellung -Ankunft geplant  "
"  HAUTE COUTURE";"4054293122723";0,00;15.5.2026 00:00:00;;"fdo949crea080150";"Farah Diba of Obsession";"080150";"949";"crea";"Sortiment";"Ware in Bestellung -Ankunft geplant  "
"  HAUTE COUTURE";"4054293122709";0,00;15.5.2026 00:00:00;;"fdo949crea120170";"Farah Diba of Obsession";"120170";"949";"crea";"Sortiment";"Ware in Bestellung -Ankunft geplant  "
"  HAUTE COUTURE";"4054293122686";0,00;15.5.2026 00:00:00;;"fdo949crea160230";"Farah Diba of Obsession";"160230";"949";"crea";"Sortiment";"Ware in Bestellung -Ankunft geplant  "
"  HAUTE COUTURE";"4054293122679";0,00;15.5.2026 00:00:00;;"fdo949crea200300";"Farah Diba of Obsession";"200300";"949";"crea";"Sortiment";"Ware in Bestellung -Ankunft geplant  "
"  HAUTE COUTURE";"4054293122662";0,00;15.5.2026 00:00:00;;"fdo949crea250350";"Farah Diba of Obsession";"250350";"949";"crea";"Sortiment";"Ware in Bestellung -Ankunft geplant  "
"  HAUTE COUTURE";"4054293122655";0,00;15.5.2026 00:00:00;;"fdo949crea300400";"Farah Diba of Obsession";"300400";"949";"crea";"Sortiment";"Ware in Bestellung -Ankunft geplant  "
"  HAUTE COUTURE";"4054293097502";21,00;15.5.2026 00:00:00;;"jeo950taup080150";"Jewel of Obsession";"080150";"950";"taupe";"Sortimentsverlasser";""
"  HAUTE COUTURE";"4054293097519";31,00;15.5.2026 00:00:00;;"jeo950taup120170";"Jewel of Obsession";"120170";"950";"taupe";"Sortimentsverlasser";""
"  HAUTE COUTURE";"4054293097526";3,00;15.5.2026 00:00:00;;"jeo950taup140200";"Jewel of Obsession";"140200";"950";"taupe";"Sortimentsverlasser";"Ausläufer- kein weiterer Wareneingang"
"  HAUTE COUTURE";"4054293097533";0,00;15.5.2026 00:00:00;;"jeo950taup160230";"Jewel of Obsession";"160230";"950";"taupe";"Sortimentsverlasser";"Ausläufer- kein weiterer Wareneingang"
"  HAUTE COUTURE";"4054293097540";0,00;15.5.2026 00:00:00;;"jeo950taup200290";"Jewel of Obsession";"200290";"950";"taupe";"Sortimentsverlasser";"Ausläufer- kein weiterer Wareneingang"
"  HAUTE COUTURE";"4054293099254";0,00;15.5.2026 00:00:00;;"jeo950taup240340";"Jewel of Obsession";"240340";"950";"taupe";"Sortimentsverlasser";"Ausläufer- kein weiterer Wareneingang"
"  HAUTE COUTURE";"4054293097564";14,00;15.5.2026 00:00:00;;"jeo951taup080150";"Jewel of Obsession";"080150";"951";"taupe";"Sortimentsverlasser";""
"  HAUTE COUTURE";"4054293097571";5,00;15.5.2026 00:00:00;;"jeo951taup120170";"Jewel of Obsession";"120170";"951";"taupe";"Sortimentsverlasser";"Ausläufer- kein weiterer Wareneingang"
"  HAUTE COUTURE";"4054293097588";13,00;15.5.2026 00:00:00;;"jeo951taup140200";"Jewel of Obsession";"140200";"951";"taupe";"Sortimentsverlasser";""
"  HAUTE COUTURE";"4054293097595";0,00;15.5.2026 00:00:00;;"jeo951taup160230";"Jewel of Obsession";"160230";"951";"taupe";"Sortimentsverlasser";"Ausläufer- kein weiterer Wareneingang"
"  HAUTE COUTURE";"4054293097601";0,00;15.5.2026 00:00:00;;"jeo951taup200290";"Jewel of Obsession";"200290";"951";"taupe";"Sortimentsverlasser";"Ausläufer- kein weiterer Wareneingang"
"  HAUTE COUTURE";"4054293099261";0,00;15.5.2026 00:00:00;;"jeo951taup240340";"Jewel of Obsession";"240340";"951";"taupe";"Sortimentsverlasser";"Ausläufer- kein weiterer Wareneingang"
"  HAUTE COUTURE";"4054293097625";1,00;15.5.2026 00:00:00;;"jeo952grey080150";"Jewel of Obsession";"080150";"952";"grey";"Sortimentsverlasser";"Ausläufer- kein weiterer Wareneingang"
"  HAUTE COUTURE";"4054293097632";0,00;15.5.2026 00:00:00;;"jeo952grey120170";"Jewel of Obsession";"120170";"952";"grey";"Sortimentsverlasser";"Ausläufer- kein weiterer Wareneingang"
"  HAUTE COUTURE";"4054293097649";0,00;15.5.2026 00:00:00;;"jeo952grey140200";"Jewel of Obsession";"140200";"952";"grey";"Sortimentsverlasser";"Ausläufer- kein weiterer Wareneingang"
"  HAUTE COUTURE";"4054293097656";0,00;15.5.2026 00:00:00;;"jeo952grey160230";"Jewel of Obsession";"160230";"952";"grey";"Sortimentsverlasser";"Ausläufer- kein weiterer Wareneingang"
"  HAUTE COUTURE";"4054293097663";0,00;15.5.2026 00:00:00;;"jeo952grey200290";"Jewel of Obsession";"200290";"952";"grey";"Sortimentsverlasser";"Ausläufer- kein weiterer Wareneingang"
"  HAUTE COUTURE";"4054293099278";0,00;15.5.2026 00:00:00;;"jeo952grey240340";"Jewel of Obsession";"240340";"952";"grey";"Sortimentsverlasser";"Ausläufer- kein weiterer Wareneingang"
"  HAUTE COUTURE";"4054293097687";0,00;15.5.2026 00:00:00;;"jeo953taup080150";"Jewel of Obsession";"080150";"953";"taupe";"Sortimentsverlasser";"Ausläufer- kein weiterer Wareneingang"
"  HAUTE COUTURE";"4054293097694";0,00;15.5.2026 00:00:00;;"jeo953taup120170";"Jewel of Obsession";"120170";"953";"taupe";"Sortimentsverlasser";"Ausläufer- kein weiterer Wareneingang"
"  HAUTE COUTURE";"4054293097700";0,00;15.5.2026 00:00:00;;"jeo953taup140200";"Jewel of Obsession";"140200";"953";"taupe";"Sortimentsverlasser";"Ausläufer- kein weiterer Wareneingang"
"  HAUTE COUTURE";"4054293097717";0,00;15.5.2026 00:00:00;;"jeo953taup160230";"Jewel of Obsession";"160230";"953";"taupe";"Sortimentsverlasser";"Ausläufer- kein weiterer Wareneingang"
"  HAUTE COUTURE";"4054293097724";0,00;15.5.2026 00:00:00;;"jeo953taup200290";"Jewel of Obsession";"200290";"953";"taupe";"Sortimentsverlasser";"Ausläufer- kein weiterer Wareneingang"
"  HAUTE COUTURE";"4054293099285";0,00;15.5.2026 00:00:00;;"jeo953taup240340";"Jewel of Obsession";"240340";"953";"taupe";"Sortimentsverlasser";"Ausläufer- kein weiterer Wareneingang"
"  HAUTE COUTURE";"4054293097748";3,00;15.5.2026 00:00:00;;"jeo954taup080150";"Jewel of Obsession";"080150";"954";"taupe";"Sortimentsverlasser";"Ausläufer- kein weiterer Wareneingang"
"  HAUTE COUTURE";"4054293097755";3,00;15.5.2026 00:00:00;;"jeo954taup120170";"Jewel of Obsession";"120170";"954";"taupe";"Sortimentsverlasser";"Ausläufer- kein weiterer Wareneingang"
"  HAUTE COUTURE";"4054293097762";3,00;15.5.2026 00:00:00;;"jeo954taup140200";"Jewel of Obsession";"140200";"954";"taupe";"Sortimentsverlasser";"Ausläufer- kein weiterer Wareneingang"
"  HAUTE COUTURE";"4054293097779";6,00;15.5.2026 00:00:00;;"jeo954taup160230";"Jewel of Obsession";"160230";"954";"taupe";"Sortimentsverlasser";""
"  HAUTE COUTURE";"4054293097786";9,00;15.5.2026 00:00:00;;"jeo954taup200290";"Jewel of Obsession";"200290";"954";"taupe";"Sortimentsverlasser";""
"  HAUTE COUTURE";"4054293099292";0,00;15.5.2026 00:00:00;;"jeo954taup240340";"Jewel of Obsession";"240340";"954";"taupe";"Sortimentsverlasser";"Ausläufer- kein weiterer Wareneingang"
"  HAUTE COUTURE";"4054293097809";33,00;15.5.2026 00:00:00;;"jeo955taup080150";"Jewel of Obsession";"080150";"955";"taupe";"Sortimentsverlasser";""
"  HAUTE COUTURE";"4054293097816";18,00;15.5.2026 00:00:00;;"jeo955taup120170";"Jewel of Obsession";"120170";"955";"taupe";"Sortimentsverlasser";""
"  HAUTE COUTURE";"4054293097823";15,00;15.5.2026 00:00:00;;"jeo955taup140200";"Jewel of Obsession";"140200";"955";"taupe";"Sortimentsverlasser";""
"  HAUTE COUTURE";"4054293097830";0,00;15.5.2026 00:00:00;;"jeo955taup160230";"Jewel of Obsession";"160230";"955";"taupe";"Sortimentsverlasser";"Ausläufer- kein weiterer Wareneingang"
"  HAUTE COUTURE";"4054293097847";11,00;15.5.2026 00:00:00;;"jeo955taup200290";"Jewel of Obsession";"200290";"955";"taupe";"Sortimentsverlasser";""
"  HAUTE COUTURE";"4054293099308";0,00;15.5.2026 00:00:00;;"jeo955taup240340";"Jewel of Obsession";"240340";"955";"taupe";"Sortimentsverlasser";"Ausläufer- kein weiterer Wareneingang"
"  HAUTE COUTURE";"4054293098042";18,00;15.5.2026 00:00:00;;"jeo959grey080150";"Jewel of Obsession";"080150";"959";"grey";"Sortimentsverlasser";""
"  HAUTE COUTURE";"4054293098059";5,00;15.5.2026 00:00:00;;"jeo959grey120170";"Jewel of Obsession";"120170";"959";"grey";"Sortimentsverlasser";"Ausläufer- kein weiterer Wareneingang"
"  HAUTE COUTURE";"4054293098066";3,00;15.5.2026 00:00:00;;"jeo959grey140200";"Jewel of Obsession";"140200";"959";"grey";"Sortimentsverlasser";"Ausläufer- kein weiterer Wareneingang"
"  HAUTE COUTURE";"4054293098073";0,00;15.5.2026 00:00:00;;"jeo959grey160230";"Jewel of Obsession";"160230";"959";"grey";"Sortimentsverlasser";"Ausläufer- kein weiterer Wareneingang"
"  HAUTE COUTURE";"4054293098080";0,00;15.5.2026 00:00:00;;"jeo959grey200290";"Jewel of Obsession";"200290";"959";"grey";"Sortimentsverlasser";"Ausläufer- kein weiterer Wareneingang"
"  HAUTE COUTURE";"4054293099346";0,00;15.5.2026 00:00:00;;"jeo959grey240340";"Jewel of Obsession";"240340";"959";"grey";"Sortimentsverlasser";"Ausläufer- kein weiterer Wareneingang"
"  HAUTE COUTURE";"4054293098103";27,00;15.5.2026 00:00:00;;"jeo960taup080150";"Jewel of Obsession";"080150";"960";"taupe";"Sortimentsverlasser";""
"  HAUTE COUTURE";"4054293098110";29,00;15.5.2026 00:00:00;;"jeo960taup120170";"Jewel of Obsession";"120170";"960";"taupe";"Sortimentsverlasser";""
"  HAUTE COUTURE";"4054293098127";13,00;15.5.2026 00:00:00;;"jeo960taup140200";"Jewel of Obsession";"140200";"960";"taupe";"Sortimentsverlasser";""
"  HAUTE COUTURE";"4054293098134";11,00;15.5.2026 00:00:00;;"jeo960taup160230";"Jewel of Obsession";"160230";"960";"taupe";"Sortimentsverlasser";""
"  HAUTE COUTURE";"4054293098141";11,00;15.5.2026 00:00:00;;"jeo960taup200290";"Jewel of Obsession";"200290";"960";"taupe";"Sortimentsverlasser";""
"  HAUTE COUTURE";"4054293099353";3,00;15.5.2026 00:00:00;;"jeo960taup240340";"Jewel of Obsession";"240340";"960";"taupe";"Sortimentsverlasser";"Ausläufer- kein weiterer Wareneingang"
"  KIDS";"4054293101490";125,00;15.5.2026 00:00:00;;"gre600spac115170";"Greta";"115170";"600";"spac";"Sortiment";""
"  KIDS";"4054293103807";59,00;15.5.2026 00:00:00;;"gre600spgr115170";"Greta";"115170";"600";"spgr";"Sortimentsverlasser";""
"  KIDS";"4054293101520";41,00;15.5.2026 00:00:00;;"gre601shhh115170";"Greta";"115170";"601";"shhh";"Sortiment";""
"  KIDS";"4054293101551";8,00;15.5.2026 00:00:00;;"gre602gira075150";"Greta";"075150";"602";"gira";"Sortiment";""
"  KIDS";"4054293101568";0,00;15.5.2026 00:00:00;;"gre602gira115170";"Greta";"115170";"602";"gira";"Sortimentsverlasser";"Ausläufer- kein weiterer Wareneingang"
"  KIDS";"4054293101599";195,00;15.5.2026 00:00:00;;"gre603anim115170";"Greta";"115170";"603";"anim";"Sortiment";""
"  KIDS";"4054293119693";125,00;15.5.2026 00:00:00;;"gre603anim155230";"Greta";"155230";"603";"anim";"Sortiment";""
"  KIDS";"4054293101629";0,00;15.5.2026 00:00:00;;"gre604slot115170";"Greta";"115170";"604";"slot";"Sortimentsverlasser";"Ausläufer- kein weiterer Wareneingang"
"  KIDS";"4054293101650";34,00;15.5.2026 00:00:00;;"gre605ball115170";"Greta";"115170";"605";"ball";"Sortimentsverlasser";""
"  KIDS";"4054293101681";255,00;15.5.2026 00:00:00;;"gre606frie115170";"Greta";"115170";"606";"frie";"Sortiment";""
"  KIDS";"4054293103661";0,00;15.5.2026 00:00:00;;"gre608muuh115170";"Greta";"115170";"608";"muuh";"Sortimentsverlasser";"Ausläufer- kein weiterer Wareneingang"
"  KIDS";"4054293103715";80,00;15.5.2026 00:00:00;;"gre613brum115170";"Greta";"115170";"613";"brum";"Sortiment";""
"  KIDS";"4054293103722";130,00;15.5.2026 00:00:00;;"gre614zebr115170";"Greta";"115170";"614";"zebr";"Sortiment";""
"  KIDS";"4054293103739";4,00;15.5.2026 00:00:00;;"gre615hüüh115170";"Greta";"115170";"615";"hüüh";"Sortiment";"Ware in Bestellung -Ankunft geplant  "
"  KIDS";"4054293103746";79,00;15.5.2026 00:00:00;;"gre616roar115170";"Greta";"115170";"616";"roar";"Sortimentsverlasser";""
"  KIDS";"4054293103753";176,00;15.5.2026 00:00:00;;"gre617huhu115170";"Greta";"115170";"617";"huhu";"Sortimentsverlasser";""
"  KIDS";"4054293103784";0,00;15.5.2026 00:00:00;;"gre620butt115170";"Greta";"115170";"620";"butt";"Sortimentsverlasser";"Ausläufer- kein weiterer Wareneingang"
"  KIDS";"4054293117224";429,00;15.5.2026 00:00:00;;"gre622stre115170";"Greta";"115170";"622";"stre";"Sortiment";""
"  KIDS";"4054293119709";149,00;15.5.2026 00:00:00;;"gre622stre155230";"Greta";"155230";"622";"stre";"Sortiment";""
"  KIDS";"4054293117231";366,00;15.5.2026 00:00:00;;"gre623flow115170";"Greta";"115170";"623";"flow";"Sortiment";""
"  KIDS";"4054293119716";238,00;15.5.2026 00:00:00;;"gre623flow155230";"Greta";"155230";"623";"flow";"Sortiment";""
"  KIDS";"4054293117248";80,00;15.5.2026 00:00:00;;"gre624zebr115170";"Greta";"115170";"624";"zebr";"Sortimentsverlasser";""
"  KIDS";"4054293117255";53,00;15.5.2026 00:00:00;;"gre625gira115170";"Greta";"115170";"625";"gira";"Sortimentsverlasser";""
"  KIDS";"4054293117262";215,00;15.5.2026 00:00:00;;"gre626lion115170";"Greta";"115170";"626";"lion";"Sortiment";""
"  KIDS";"4054293117279";250,00;15.5.2026 00:00:00;;"gre627moos115170";"Greta";"115170";"627";"moos";"Sortiment";""
"  KIDS";"4054293117286";304,00;15.5.2026 00:00:00;;"gre628foxx115170";"Greta";"115170";"628";"foxx";"Sortiment";""
"  KIDS";"4054293117293";0,00;15.5.2026 00:00:00;;"gre629rabb115170";"Greta";"115170";"629";"rabb";"Sortimentsverlasser";"Ausläufer- kein weiterer Wareneingang"
"  KIDS";"4054293117309";0,00;15.5.2026 00:00:00;;"gre630fawn115170";"Greta";"115170";"630";"fawn";"Sortimentsverlasser";"Ausläufer- kein weiterer Wareneingang"
"  KIDS";"4054293093528";0,00;15.5.2026 00:00:00;;"jun470sava120170";"Juno";"120170";"470";"savannah";"Sortimentsverlasser";"Ausläufer- kein weiterer Wareneingang"
"  KIDS";"4054293093535";0,00;15.5.2026 00:00:00;;"jun470sava160230";"Juno";"160230";"470";"savannah";"Sortimentsverlasser";"Ausläufer- kein weiterer Wareneingang"
"  KIDS";"4054293093542";0,00;15.5.2026 00:00:00;;"jun471jung120170";"Juno";"120170";"471";"jungle";"Sortimentsverlasser";"Ausläufer- kein weiterer Wareneingang"
"  KIDS";"4054293093559";0,00;15.5.2026 00:00:00;;"jun471jung160230";"Juno";"160230";"471";"jungle";"Sortimentsverlasser";"Ausläufer- kein weiterer Wareneingang"
"  KIDS";"4054293093566";0,00;15.5.2026 00:00:00;;"jun472farm120170";"Juno";"120170";"472";"farm";"Sortimentsverlasser";"Ausläufer- kein weiterer Wareneingang"
"  KIDS";"4054293093573";0,00;15.5.2026 00:00:00;;"jun472farm160230";"Juno";"160230";"472";"farm";"Sortimentsverlasser";"Ausläufer- kein weiterer Wareneingang"
"  KIDS";"4054293093603";0,00;15.5.2026 00:00:00;;"jun474unic120170";"Juno";"120170";"474";"unicorn";"Sortimentsverlasser";"Ausläufer- kein weiterer Wareneingang"
"  KIDS";"4054293093610";0,00;15.5.2026 00:00:00;;"jun474unic160230";"Juno";"160230";"474";"unicorn";"Sortimentsverlasser";"Ausläufer- kein weiterer Wareneingang"
"  KIDS";"4054293093641";0,00;15.5.2026 00:00:00;;"jun476moun080080r";"Juno";"080080r";"476";"mountains";"Sortimentsverlasser";"Ausläufer- kein weiterer Wareneingang"
"  KIDS";"4054293094846";0,00;15.5.2026 00:00:00;;"jun476moun120120r";"Juno";"120120r";"476";"mountains";"Sortimentsverlasser";"Ausläufer- kein weiterer Wareneingang"
"  KIDS";"4054293093658";0,00;15.5.2026 00:00:00;;"jun477worl080080r";"Juno";"080080r";"477";"world";"Sortimentsverlasser";"Ausläufer- kein weiterer Wareneingang"
"  KIDS";"4054293094853";0,00;15.5.2026 00:00:00;;"jun477worl120120r";"Juno";"120120r";"477";"world";"Sortimentsverlasser";"Ausläufer- kein weiterer Wareneingang"
"  KIDS";"4054293093665";0,00;15.5.2026 00:00:00;;"jun478unic080080r";"Juno";"080080r";"478";"unicorn";"Sortimentsverlasser";"Ausläufer- kein weiterer Wareneingang"
"  KIDS";"4054293094860";0,00;15.5.2026 00:00:00;;"jun478unic120120r";"Juno";"120120r";"478";"unicorn";"Sortimentsverlasser";"Ausläufer- kein weiterer Wareneingang"
"  KIDS";"4054293093702";0,00;15.5.2026 00:00:00;;"lun850taup100100";"Luna";"100100";"850";"taupe";"Sortimentsverlasser";"Ausläufer- kein weiterer Wareneingang"
"  KIDS";"4054293093719";0,00;15.5.2026 00:00:00;;"lun851grey100100";"Luna";"100100";"851";"grey";"Sortimentsverlasser";"Ausläufer- kein weiterer Wareneingang"
"  KIDS";"4054293093726";34,00;15.5.2026 00:00:00;;"lun852silv100100";"Luna";"100100";"852";"silver";"Sortimentsverlasser";""
"  KIDS";"4054293093733";201,00;15.5.2026 00:00:00;;"lun853grey100100";"Luna";"100100";"853";"grey";"Sortimentsverlasser";""
"  KIDS";"4054293093740";123,00;15.5.2026 00:00:00;;"lun854silv100100";"Luna";"100100";"854";"silver";"Sortimentsverlasser";""
"  KIDS";"4054293093757";0,00;15.5.2026 00:00:00;;"lun855popi100100";"Luna";"100100";"855";"powder pink";"Sortimentsverlasser";"Ausläufer- kein weiterer Wareneingang"
"  KIDS";"4054293093764";0,00;15.5.2026 00:00:00;;"lun856crea100100";"Luna";"100100";"856";"cream";"Sortimentsverlasser";"Ausläufer- kein weiterer Wareneingang"
"  KIDS";"4054293093771";0,00;15.5.2026 00:00:00;;"lun857taup100100";"Luna";"100100";"857";"taupe";"Sortimentsverlasser";"Ausläufer- kein weiterer Wareneingang"
"  KIDS";"4054293093788";52,00;15.5.2026 00:00:00;;"lun858silv100100";"Luna";"100100";"858";"silver";"Sortimentsverlasser";""
"  KIDS";"4054293093795";0,00;15.5.2026 00:00:00;;"lun859popi100100";"Luna";"100100";"859";"powder pink";"Sortimentsverlasser";"Ausläufer- kein weiterer Wareneingang"
"  KIDS";"4054293093443";0,00;15.5.2026 00:00:00;;"sts410blue120170";"Stars";"120170";"410";"blue";"Sortimentsverlasser";"Ausläufer- kein weiterer Wareneingang"
"  KIDS";"4054293093450";0,00;15.5.2026 00:00:00;;"sts410blue160230";"Stars";"160230";"410";"blue";"Sortimentsverlasser";"Ausläufer- kein weiterer Wareneingang"
"  KIDS";"4054293093429";0,00;15.5.2026 00:00:00;;"sts410pink120170";"Stars";"120170";"410";"pink";"Sortimentsverlasser";"Ausläufer- kein weiterer Wareneingang"
"  KIDS";"4054293093436";0,00;15.5.2026 00:00:00;;"sts410pink160230";"Stars";"160230";"410";"pink";"Sortimentsverlasser";"Ausläufer- kein weiterer Wareneingang"
"  KIDS";"4054293093481";0,00;15.5.2026 00:00:00;;"sts411blue120170";"Stars";"120170";"411";"blue";"Sortimentsverlasser";"Ausläufer- kein weiterer Wareneingang"
"  KIDS";"4054293093498";0,00;15.5.2026 00:00:00;;"sts411blue160230";"Stars";"160230";"411";"blue";"Sortimentsverlasser";"Ausläufer- kein weiterer Wareneingang"
"  KIDS";"4054293093467";0,00;15.5.2026 00:00:00;;"sts411pink120170";"Stars";"120170";"411";"pink";"Sortimentsverlasser";"Ausläufer- kein weiterer Wareneingang"
"  KIDS";"4054293093474";0,00;15.5.2026 00:00:00;;"sts411pink160230";"Stars";"160230";"411";"pink";"Sortimentsverlasser";"Ausläufer- kein weiterer Wareneingang"
"  KIDS";"4054293064078";376,00;15.5.2026 00:00:00;;"tok230sosy080120";"Torino Kids";"080120";"230";"solar system";"Sortiment";""
"  KIDS";"4054293064085";294,00;15.5.2026 00:00:00;;"tok230sosy120170";"Torino Kids";"120170";"230";"solar system";"Sortiment";""
"  KIDS";"4054293073582";166,00;15.5.2026 00:00:00;;"tok230sosy160230";"Torino Kids";"160230";"230";"solar system";"Sortiment";""
"  KIDS";"4054293073599";236,00;15.5.2026 00:00:00;;"tok231stre080120";"Torino Kids";"080120";"231";"street";"Sortiment";""
"  KIDS";"4054293073605";287,00;15.5.2026 00:00:00;;"tok231stre120170";"Torino Kids";"120170";"231";"street";"Sortiment";""
"  KIDS";"4054293073612";208,00;15.5.2026 00:00:00;;"tok231stre160230";"Torino Kids";"160230";"231";"street";"Sortiment";""
"  KIDS";"4054293073629";486,00;15.5.2026 00:00:00;;"tok233wmap080120";"Torino Kids";"080120";"233";"world map";"Sortiment";""
"  KIDS";"4054293073636";464,00;15.5.2026 00:00:00;;"tok233wmap120170";"Torino Kids";"120170";"233";"world map";"Sortiment";""
"  KIDS";"4054293073643";128,00;15.5.2026 00:00:00;;"tok233wmap160230";"Torino Kids";"160230";"233";"world map";"Sortiment";""
"  KIDS";"4054293069585";117,00;15.5.2026 00:00:00;;"tok235whho080120";"Torino Kids";"080120";"235";"white horse";"Sortiment";""
"  KIDS";"4054293069592";592,00;15.5.2026 00:00:00;;"tok235whho120170";"Torino Kids";"120170";"235";"white horse";"Sortiment";""
"  KIDS";"4054293091142";0,00;15.5.2026 00:00:00;;"tok235whho160230";"Torino Kids";"160230";"235";"white horse";"Sortiment";"Ware in Bestellung -Ankunft geplant  "
"  KIDS";"4054293091159";5,00;15.5.2026 00:00:00;;"tok236brbe080120";"Torino Kids";"080120";"236";"brown beauty";"Sortiment";"Ware in Bestellung -Ankunft geplant  "
"  KIDS";"4054293091166";453,00;15.5.2026 00:00:00;;"tok236brbe120170";"Torino Kids";"120170";"236";"brown beauty";"Sortiment";""
"  KIDS";"4054293091173";23,00;15.5.2026 00:00:00;;"tok236brbe160230";"Torino Kids";"160230";"236";"brown beauty";"Sortiment";""
"  KIDS";"4054293070871";9,00;15.5.2026 00:00:00;;"tok239jung080120";"Torino Kids";"080120";"239";"jungle";"Sortiment";""
"  KIDS";"4054293070888";84,00;15.5.2026 00:00:00;;"tok239jung120170";"Torino Kids";"120170";"239";"jungle";"Sortiment";""
"  KIDS";"4054293070895";28,00;15.5.2026 00:00:00;;"tok239jung160230";"Torino Kids";"160230";"239";"jungle";"Sortiment";""
"  NATURELINE";"4054293070628";24,00;15.5.2026 00:00:00;;"esl515anth080150";"Eskil";"080150";"515";"anthracite";"Sortimentsverlasser";""
"  NATURELINE";"4054293070611";13,00;15.5.2026 00:00:00;;"esl515anth120170";"Eskil";"120170";"515";"anthracite";"Sortimentsverlasser";""
"  NATURELINE";"4054293070642";10,00;15.5.2026 00:00:00;;"esl515anth140200";"Eskil";"140200";"515";"anthracite";"Sortimentsverlasser";""
"  NATURELINE";"4054293070604";18,00;15.5.2026 00:00:00;;"esl515anth160230";"Eskil";"160230";"515";"anthracite";"Sortimentsverlasser";""
"  NATURELINE";"4054293070598";5,00;15.5.2026 00:00:00;;"esl515anth200290";"Eskil";"200290";"515";"anthracite";"Sortimentsverlasser";"Ausläufer- kein weiterer Wareneingang"
"  NATURELINE";"4054293070741";0,00;15.5.2026 00:00:00;;"esl515crea080150";"Eskil";"080150";"515";"cream";"Sortimentsverlasser";"Ausläufer- kein weiterer Wareneingang"
"  NATURELINE";"4054293070734";4,00;15.5.2026 00:00:00;;"esl515crea120170";"Eskil";"120170";"515";"cream";"Sortimentsverlasser";"Ausläufer- kein weiterer Wareneingang"
"  NATURELINE";"4054293070765";0,00;15.5.2026 00:00:00;;"esl515crea140200";"Eskil";"140200";"515";"cream";"Sortimentsverlasser";"Ausläufer- kein weiterer Wareneingang"
"  NATURELINE";"4054293070727";0,00;15.5.2026 00:00:00;;"esl515crea160230";"Eskil";"160230";"515";"cream";"Sortimentsverlasser";"Ausläufer- kein weiterer Wareneingang"
"  NATURELINE";"4054293070710";18,00;15.5.2026 00:00:00;;"esl515crea200290";"Eskil";"200290";"515";"cream";"Sortimentsverlasser";""
"  NATURELINE";"4054293070680";0,00;15.5.2026 00:00:00;;"esl515grey080150";"Eskil";"080150";"515";"grey";"Sortimentsverlasser";"Ausläufer- kein weiterer Wareneingang"
"  NATURELINE";"4054293070673";10,00;15.5.2026 00:00:00;;"esl515grey120170";"Eskil";"120170";"515";"grey";"Sortimentsverlasser";""
"  NATURELINE";"4054293070703";0,00;15.5.2026 00:00:00;;"esl515grey140200";"Eskil";"140200";"515";"grey";"Sortimentsverlasser";"Ausläufer- kein weiterer Wareneingang"
"  NATURELINE";"4054293070666";15,00;15.5.2026 00:00:00;;"esl515grey160230";"Eskil";"160230";"515";"grey";"Sortimentsverlasser";""
"  NATURELINE";"4054293070659";12,00;15.5.2026 00:00:00;;"esl515grey200290";"Eskil";"200290";"515";"grey";"Sortimentsverlasser";""
"  NATURELINE";"4054293070802";0,00;15.5.2026 00:00:00;;"esl515taup080150";"Eskil";"080150";"515";"taupe";"Sortimentsverlasser";"Ausläufer- kein weiterer Wareneingang"
"  NATURELINE";"4054293070796";0,00;15.5.2026 00:00:00;;"esl515taup120170";"Eskil";"120170";"515";"taupe";"Sortimentsverlasser";"Ausläufer- kein weiterer Wareneingang"
"  NATURELINE";"4054293070826";0,00;15.5.2026 00:00:00;;"esl515taup140200";"Eskil";"140200";"515";"taupe";"Sortimentsverlasser";"Ausläufer- kein weiterer Wareneingang"
"  NATURELINE";"4054293070789";0,00;15.5.2026 00:00:00;;"esl515taup160230";"Eskil";"160230";"515";"taupe";"Sortimentsverlasser";"Ausläufer- kein weiterer Wareneingang"
"  NATURELINE";"4054293070772";0,00;15.5.2026 00:00:00;;"esl515taup200290";"Eskil";"200290";"515";"taupe";"Sortimentsverlasser";"Ausläufer- kein weiterer Wareneingang"
"  NATURELINE";"4054293113103";6,00;15.5.2026 00:00:00;;"fry270crea080150";"Freya";"080150";"270";"crea";"Sortimentsverlasser";""
"  NATURELINE";"4054293113097";14,00;15.5.2026 00:00:00;;"fry270crea120170";"Freya";"120170";"270";"crea";"Sortimentsverlasser";""
"  NATURELINE";"4054293113080";0,00;15.5.2026 00:00:00;;"fry270crea140200";"Freya";"140200";"270";"crea";"Sortimentsverlasser";"Ausläufer- kein weiterer Wareneingang"
"  NATURELINE";"4054293113073";0,00;15.5.2026 00:00:00;;"fry270crea160230";"Freya";"160230";"270";"crea";"Sortimentsverlasser";"Ausläufer- kein weiterer Wareneingang"
"  NATURELINE";"4054293113066";0,00;15.5.2026 00:00:00;;"fry270crea200290";"Freya";"200290";"270";"crea";"Sortimentsverlasser";"Ausläufer- kein weiterer Wareneingang"
"  NATURELINE";"4054293113158";8,00;15.5.2026 00:00:00;;"fry271crea080150";"Freya";"080150";"271";"crea";"Sortimentsverlasser";""
"  NATURELINE";"4054293113141";14,00;15.5.2026 00:00:00;;"fry271crea120170";"Freya";"120170";"271";"crea";"Sortimentsverlasser";""
"  NATURELINE";"4054293113134";2,00;15.5.2026 00:00:00;;"fry271crea140200";"Freya";"140200";"271";"crea";"Sortimentsverlasser";"Ausläufer- kein weiterer Wareneingang"
"  NATURELINE";"4054293113127";0,00;15.5.2026 00:00:00;;"fry271crea160230";"Freya";"160230";"271";"crea";"Sortimentsverlasser";"Ausläufer- kein weiterer Wareneingang"
"  NATURELINE";"4054293113110";0,00;15.5.2026 00:00:00;;"fry271crea200290";"Freya";"200290";"271";"crea";"Sortimentsverlasser";"Ausläufer- kein weiterer Wareneingang"
"  NATURELINE";"4054293113202";0,00;15.5.2026 00:00:00;;"fry272crea080150";"Freya";"080150";"272";"crea";"Sortimentsverlasser";"Ausläufer- kein weiterer Wareneingang"
"  NATURELINE";"4054293113196";0,00;15.5.2026 00:00:00;;"fry272crea120170";"Freya";"120170";"272";"crea";"Sortimentsverlasser";"Ausläufer- kein weiterer Wareneingang"
"  NATURELINE";"4054293113189";0,00;15.5.2026 00:00:00;;"fry272crea140200";"Freya";"140200";"272";"crea";"Sortimentsverlasser";"Ausläufer- kein weiterer Wareneingang"
"  NATURELINE";"4054293113172";0,00;15.5.2026 00:00:00;;"fry272crea160230";"Freya";"160230";"272";"crea";"Sortimentsverlasser";"Ausläufer- kein weiterer Wareneingang"
"  NATURELINE";"4054293113165";0,00;15.5.2026 00:00:00;;"fry272crea200290";"Freya";"200290";"272";"crea";"Sortimentsverlasser";"Ausläufer- kein weiterer Wareneingang"
"  NATURELINE";"4054293018941";21,00;15.5.2026 00:00:00;;"jai333beig080150";"Jaipur";"080150";"333";"beige";"Sortiment";""
"  NATURELINE";"4054293018958";37,00;15.5.2026 00:00:00;;"jai333beig120170";"Jaipur";"120170";"333";"beige";"Sortiment";""
"  NATURELINE";"4054293066881";0,00;15.5.2026 00:00:00;;"jai333beig140200";"Jaipur";"140200";"333";"beige";"Sortiment";"Ware in Bestellung -Ankunft geplant  "
"  NATURELINE";"4054293018965";8,00;15.5.2026 00:00:00;;"jai333beig160230";"Jaipur";"160230";"333";"beige";"Sortiment";""
"  NATURELINE";"4054293018972";12,00;15.5.2026 00:00:00;;"jai333beig200290";"Jaipur";"200290";"333";"beige";"Sortiment";""
"  NATURELINE";"4054293018385";1,00;15.5.2026 00:00:00;;"jai333brow200290";"Jaipur";"200290";"333";"brown";"Sortimentsverlasser";"Ausläufer- kein weiterer Wareneingang"
"  NATURELINE";"4054293043141";6,00;15.5.2026 00:00:00;;"jai333mult080150";"Jaipur";"080150";"333";"multi";"Sortiment";""
"  NATURELINE";"4054293043134";8,00;15.5.2026 00:00:00;;"jai333mult120170";"Jaipur";"120170";"333";"multi";"Sortiment";""
"  NATURELINE";"4054293080580";0,00;15.5.2026 00:00:00;;"jai333mult140200";"Jaipur";"140200";"333";"multi";"Sortiment";"Ware in Bestellung -Ankunft geplant  "
"  NATURELINE";"4054293043127";5,00;15.5.2026 00:00:00;;"jai333mult160230";"Jaipur";"160230";"333";"multi";"Sortiment";"Ware in Bestellung -Ankunft geplant  "
"  NATURELINE";"4054293043110";0,00;15.5.2026 00:00:00;;"jai333mult200290";"Jaipur";"200290";"333";"multi";"Sortiment";"Ware in Bestellung -Ankunft geplant  "
"  NATURELINE";"4054293088845";27,00;15.5.2026 00:00:00;;"jai333silv080150";"Jaipur";"080150";"333";"silver";"Sortimentsverlasser";""
"  NATURELINE";"4054293088838";18,00;15.5.2026 00:00:00;;"jai333silv120170";"Jaipur";"120170";"333";"silver";"Sortimentsverlasser";""
"  NATURELINE";"4054293088852";9,00;15.5.2026 00:00:00;;"jai333silv140200";"Jaipur";"140200";"333";"silver";"Sortimentsverlasser";""
"  NATURELINE";"4054293069011";8,00;15.5.2026 00:00:00;;"jai333silv160230";"Jaipur";"160230";"333";"silver";"Sortimentsverlasser";""
"  NATURELINE";"4054293069004";5,00;15.5.2026 00:00:00;;"jai333silv200290";"Jaipur";"200290";"333";"silver";"Sortimentsverlasser";"Ausläufer- kein weiterer Wareneingang"
"  NATURELINE";"4054293063941";20,00;15.5.2026 00:00:00;;"jai334grap080150";"Jaipur";"080150";"334";"graphite";"Sortiment";""
"  NATURELINE";"4054293063934";59,00;15.5.2026 00:00:00;;"jai334grap120170";"Jaipur";"120170";"334";"graphite";"Sortiment";""
"  NATURELINE";"4054293080627";66,00;15.5.2026 00:00:00;;"jai334grap140200";"Jaipur";"140200";"334";"graphite";"Sortiment";""
"  NATURELINE";"4054293063927";63,00;15.5.2026 00:00:00;;"jai334grap160230";"Jaipur";"160230";"334";"graphite";"Sortiment";""
"  NATURELINE";"4054293063910";3,00;15.5.2026 00:00:00;;"jai334grap200290";"Jaipur";"200290";"334";"graphite";"Sortiment";"Ware in Bestellung -Ankunft geplant  "
"  NATURELINE";"4054293063798";0,00;15.5.2026 00:00:00;;"jai334mult080150";"Jaipur";"080150";"334";"multi";"Sortiment";"Ware in Bestellung -Ankunft geplant  "
"  NATURELINE";"4054293063781";23,00;15.5.2026 00:00:00;;"jai334mult120170";"Jaipur";"120170";"334";"multi";"Sortiment";""
"  NATURELINE";"4054293080597";4,00;15.5.2026 00:00:00;;"jai334mult140200";"Jaipur";"140200";"334";"multi";"Sortiment";"Ware in Bestellung -Ankunft geplant  "
"  NATURELINE";"4054293063774";0,00;15.5.2026 00:00:00;;"jai334mult160230";"Jaipur";"160230";"334";"multi";"Sortiment";"Ware in Bestellung -Ankunft geplant  "
"  NATURELINE";"4054293063767";3,00;15.5.2026 00:00:00;;"jai334mult200290";"Jaipur";"200290";"334";"multi";"Sortiment";"Ware in Bestellung -Ankunft geplant  "
"  NATURELINE";"4054293063897";57,00;15.5.2026 00:00:00;;"jai334taup080150";"Jaipur";"080150";"334";"taupe";"Sortiment";""
"  NATURELINE";"4054293063880";2,00;15.5.2026 00:00:00;;"jai334taup120170";"Jaipur";"120170";"334";"taupe";"Sortiment";"Ware in Bestellung -Ankunft geplant  "
"  NATURELINE";"4054293080610";52,00;15.5.2026 00:00:00;;"jai334taup140200";"Jaipur";"140200";"334";"taupe";"Sortiment";""
"  NATURELINE";"4054293063873";22,00;15.5.2026 00:00:00;;"jai334taup160230";"Jaipur";"160230";"334";"taupe";"Sortiment";""
"  NATURELINE";"4054293063866";23,00;15.5.2026 00:00:00;;"jai334taup200290";"Jaipur";"200290";"334";"taupe";"Sortiment";""
"  NATURELINE";"4054293116883";80,00;15.5.2026 00:00:00;;"jai335grey080150";"Jaipur";"080150";"335";"grey";"Sortimentsverlasser";""
"  NATURELINE";"4054293116876";120,00;15.5.2026 00:00:00;;"jai335grey120170";"Jaipur";"120170";"335";"grey";"Sortimentsverlasser";""
"  NATURELINE";"4054293116890";19,00;15.5.2026 00:00:00;;"jai335grey140200";"Jaipur";"140200";"335";"grey";"Sortimentsverlasser";""
"  NATURELINE";"4054293116869";130,00;15.5.2026 00:00:00;;"jai335grey160230";"Jaipur";"160230";"335";"grey";"Sortimentsverlasser";""
"  NATURELINE";"4054293116852";52,00;15.5.2026 00:00:00;;"jai335grey200290";"Jaipur";"200290";"335";"grey";"Sortimentsverlasser";""
"  NATURELINE";"4054293116937";53,00;15.5.2026 00:00:00;;"jai335taup080150";"Jaipur";"080150";"335";"taup";"Sortimentsverlasser";""
"  NATURELINE";"4054293116920";122,00;15.5.2026 00:00:00;;"jai335taup120170";"Jaipur";"120170";"335";"taup";"Sortimentsverlasser";""
"  NATURELINE";"4054293116944";16,00;15.5.2026 00:00:00;;"jai335taup140200";"Jaipur";"140200";"335";"taup";"Sortimentsverlasser";""
"  NATURELINE";"4054293116913";113,00;15.5.2026 00:00:00;;"jai335taup160230";"Jaipur";"160230";"335";"taup";"Sortimentsverlasser";""
"  NATURELINE";"4054293116906";52,00;15.5.2026 00:00:00;;"jai335taup200290";"Jaipur";"200290";"335";"taup";"Sortimentsverlasser";""
"  NATURELINE";"4054293109809";21,00;15.5.2026 00:00:00;;"jar935anth080150";"Jarven";"080150";"935";"anth";"Sortimentsverlasser";""
"  NATURELINE";"4054293109793";17,00;15.5.2026 00:00:00;;"jar935anth120170";"Jarven";"120170";"935";"anth";"Sortimentsverlasser";""
"  NATURELINE";"4054293109816";8,00;15.5.2026 00:00:00;;"jar935anth140200";"Jarven";"140200";"935";"anth";"Sortimentsverlasser";""
"  NATURELINE";"4054293109786";31,00;15.5.2026 00:00:00;;"jar935anth160230";"Jarven";"160230";"935";"anth";"Sortimentsverlasser";""
"  NATURELINE";"4054293109779";19,00;15.5.2026 00:00:00;;"jar935anth200290";"Jarven";"200290";"935";"anth";"Sortimentsverlasser";""
"  NATURELINE";"4054293109700";58,00;15.5.2026 00:00:00;;"jar935ivor080150";"Jarven";"080150";"935";"ivor";"Sortimentsverlasser";""
"  NATURELINE";"4054293109694";24,00;15.5.2026 00:00:00;;"jar935ivor120170";"Jarven";"120170";"935";"ivor";"Sortimentsverlasser";""
"  NATURELINE";"4054293109717";31,00;15.5.2026 00:00:00;;"jar935ivor140200";"Jarven";"140200";"935";"ivor";"Sortimentsverlasser";""
"  NATURELINE";"4054293109687";41,00;15.5.2026 00:00:00;;"jar935ivor160230";"Jarven";"160230";"935";"ivor";"Sortimentsverlasser";""
"  NATURELINE";"4054293109670";13,00;15.5.2026 00:00:00;;"jar935ivor200290";"Jarven";"200290";"935";"ivor";"Sortimentsverlasser";""
"  NATURELINE";"4054293109922";1,00;15.5.2026 00:00:00;;"jar935mixxSpecialsize";"Jarven";"Specialsize";"935";"mixx";"Sortiment";"Ware in Bestellung -Ankunft geplant  "
"  NATURELINE";"4054293109755";24,00;15.5.2026 00:00:00;;"jar935mult080150";"Jarven";"080150";"935";"mult";"Sortimentsverlasser";""
"  NATURELINE";"4054293109748";24,00;15.5.2026 00:00:00;;"jar935mult120170";"Jarven";"120170";"935";"mult";"Sortimentsverlasser";""
"  NATURELINE";"4054293109762";11,00;15.5.2026 00:00:00;;"jar935mult140200";"Jarven";"140200";"935";"mult";"Sortimentsverlasser";""
"  NATURELINE";"4054293109731";26,00;15.5.2026 00:00:00;;"jar935mult160230";"Jarven";"160230";"935";"mult";"Sortimentsverlasser";""
"  NATURELINE";"4054293109724";33,00;15.5.2026 00:00:00;;"jar935mult200290";"Jarven";"200290";"935";"mult";"Sortimentsverlasser";""
"  NATURELINE";"4054293109908";28,00;15.5.2026 00:00:00;;"jar935sand080150";"Jarven";"080150";"935";"sand";"Sortimentsverlasser";""
"  NATURELINE";"4054293109892";25,00;15.5.2026 00:00:00;;"jar935sand120170";"Jarven";"120170";"935";"sand";"Sortimentsverlasser";""
"  NATURELINE";"4054293109915";12,00;15.5.2026 00:00:00;;"jar935sand140200";"Jarven";"140200";"935";"sand";"Sortimentsverlasser";""
"  NATURELINE";"4054293109885";46,00;15.5.2026 00:00:00;;"jar935sand160230";"Jarven";"160230";"935";"sand";"Sortimentsverlasser";""
"  NATURELINE";"4054293109878";26,00;15.5.2026 00:00:00;;"jar935sand200290";"Jarven";"200290";"935";"sand";"Sortimentsverlasser";""
"  NATURELINE";"4054293109854";31,00;15.5.2026 00:00:00;;"jar935taup080150";"Jarven";"080150";"935";"taup";"Sortimentsverlasser";""
"  NATURELINE";"4054293109847";29,00;15.5.2026 00:00:00;;"jar935taup120170";"Jarven";"120170";"935";"taup";"Sortimentsverlasser";""
"  NATURELINE";"4054293109861";10,00;15.5.2026 00:00:00;;"jar935taup140200";"Jarven";"140200";"935";"taup";"Sortimentsverlasser";""
"  NATURELINE";"4054293109830";28,00;15.5.2026 00:00:00;;"jar935taup160230";"Jarven";"160230";"935";"taup";"Sortimentsverlasser";""
"  NATURELINE";"4054293109823";13,00;15.5.2026 00:00:00;;"jar935taup200290";"Jarven";"200290";"935";"taup";"Sortimentsverlasser";""
"  NATURELINE";"4054293087466";25,00;15.5.2026 00:00:00;;"kje865grap080150";"Kjell";"080150";"865";"graphite";"Sortimentsverlasser";""
"  NATURELINE";"4054293087459";49,00;15.5.2026 00:00:00;;"kje865grap120170";"Kjell";"120170";"865";"graphite";"Sortimentsverlasser";""
"  NATURELINE";"4054293087480";18,00;15.5.2026 00:00:00;;"kje865grap140200";"Kjell";"140200";"865";"graphite";"Sortimentsverlasser";""
"  NATURELINE";"4054293068854";22,00;15.5.2026 00:00:00;;"kje865grap160230";"Kjell";"160230";"865";"graphite";"Sortimentsverlasser";""
"  NATURELINE";"4054293068847";4,00;15.5.2026 00:00:00;;"kje865grap200290";"Kjell";"200290";"865";"graphite";"Sortimentsverlasser";"Ausläufer- kein weiterer Wareneingang"
"  NATURELINE";"4054293087527";0,00;15.5.2026 00:00:00;;"kje865ivor080150";"Kjell";"080150";"865";"ivory";"Sortiment";"Ware in Bestellung -Ankunft geplant  "
"  NATURELINE";"4054293087510";0,00;15.5.2026 00:00:00;;"kje865ivor120170";"Kjell";"120170";"865";"ivory";"Sortiment";"Ware in Bestellung -Ankunft geplant  "
"  NATURELINE";"4054293087541";0,00;15.5.2026 00:00:00;;"kje865ivor140200";"Kjell";"140200";"865";"ivory";"Sortiment";"Ware in Bestellung -Ankunft geplant  "
"  NATURELINE";"4054293087503";0,00;15.5.2026 00:00:00;;"kje865ivor160230";"Kjell";"160230";"865";"ivory";"Sortiment";"Ware in Bestellung -Ankunft geplant  "
"  NATURELINE";"4054293087497";0,00;15.5.2026 00:00:00;;"kje865ivor200290";"Kjell";"200290";"865";"ivory";"Sortiment";"Ware in Bestellung -Ankunft geplant  "
"  NATURELINE";"4054293087589";1,00;15.5.2026 00:00:00;;"kje865silv080150";"Kjell";"080150";"865";"silver";"Sortimentsverlasser";"Ausläufer- kein weiterer Wareneingang"
"  NATURELINE";"4054293087572";13,00;15.5.2026 00:00:00;;"kje865silv120170";"Kjell";"120170";"865";"silver";"Sortimentsverlasser";""
"  NATURELINE";"4054293087602";1,00;15.5.2026 00:00:00;;"kje865silv140200";"Kjell";"140200";"865";"silver";"Sortimentsverlasser";"Ausläufer- kein weiterer Wareneingang"
"  NATURELINE";"4054293087565";0,00;15.5.2026 00:00:00;;"kje865silv160230";"Kjell";"160230";"865";"silver";"Sortimentsverlasser";"Ausläufer- kein weiterer Wareneingang"
"  NATURELINE";"4054293087558";0,00;15.5.2026 00:00:00;;"kje865silv200290";"Kjell";"200290";"865";"silver";"Sortimentsverlasser";"Ausläufer- kein weiterer Wareneingang"
"  NATURELINE";"4054293062111";0,00;15.5.2026 00:00:00;;"lof580grap080150";"Loft";"080150";"580";"graphite";"Sortiment";"Ware in Bestellung -Ankunft geplant  "
"  NATURELINE";"4054293062128";0,00;15.5.2026 00:00:00;;"lof580grap120170";"Loft";"120170";"580";"graphite";"Sortiment";"Ware in Bestellung -Ankunft geplant  "
"  NATURELINE";"4054293062135";0,00;15.5.2026 00:00:00;;"lof580grap160230";"Loft";"160230";"580";"graphite";"Sortiment";"Ware in Bestellung -Ankunft geplant  "
"  NATURELINE";"4054293062142";0,00;15.5.2026 00:00:00;;"lof580grap200290";"Loft";"200290";"580";"graphite";"Sortiment";"Ware in Bestellung -Ankunft geplant  "
"  NATURELINE";"4054293062197";0,00;15.5.2026 00:00:00;;"lof580ivor080150";"Loft";"080150";"580";"ivory";"Sortiment";"Ware in Bestellung -Ankunft geplant  "
"  NATURELINE";"4054293062203";0,00;15.5.2026 00:00:00;;"lof580ivor120170";"Loft";"120170";"580";"ivory";"Sortiment";"Ware in Bestellung -Ankunft geplant  "
"  NATURELINE";"4054293062210";0,00;15.5.2026 00:00:00;;"lof580ivor160230";"Loft";"160230";"580";"ivory";"Sortiment";"Ware in Bestellung -Ankunft geplant  "
"  NATURELINE";"4054293062227";0,00;15.5.2026 00:00:00;;"lof580ivor200290";"Loft";"200290";"580";"ivory";"Sortiment";"Ware in Bestellung -Ankunft geplant  "
"  NATURELINE";"4054293062159";0,00;15.5.2026 00:00:00;;"lof580silv080150";"Loft";"080150";"580";"silver";"Sortimentsverlasser";"Ausläufer- kein weiterer Wareneingang"
"  NATURELINE";"4054293062166";12,00;15.5.2026 00:00:00;;"lof580silv120170";"Loft";"120170";"580";"silver";"Sortimentsverlasser";""
"  NATURELINE";"4054293062173";9,00;15.5.2026 00:00:00;;"lof580silv160230";"Loft";"160230";"580";"silver";"Sortimentsverlasser";""
"  NATURELINE";"4054293062180";3,00;15.5.2026 00:00:00;;"lof580silv200290";"Loft";"200290";"580";"silver";"Sortimentsverlasser";"Ausläufer- kein weiterer Wareneingang"
"  NATURELINE";"4054293062074";0,00;15.5.2026 00:00:00;;"lof580taup080150";"Loft";"080150";"580";"taupe";"Sortiment";"Ware in Bestellung -Ankunft geplant  "
"  NATURELINE";"4054293062081";0,00;15.5.2026 00:00:00;;"lof580taup120170";"Loft";"120170";"580";"taupe";"Sortiment";"Ware in Bestellung -Ankunft geplant  "
"  NATURELINE";"4054293062098";0,00;15.5.2026 00:00:00;;"lof580taup160230";"Loft";"160230";"580";"taupe";"Sortiment";"Ware in Bestellung -Ankunft geplant  "
"  NATURELINE";"4054293062104";0,00;15.5.2026 00:00:00;;"lof580taup200290";"Loft";"200290";"580";"taupe";"Sortiment";"Ware in Bestellung -Ankunft geplant  "
"  NATURELINE";"4054293016176";15,00;15.5.2026 00:00:00;;"mao220antr080150";"Maori";"080150";"220";"anthracite";"Sortiment";""
"  NATURELINE";"4054293016169";23,00;15.5.2026 00:00:00;;"mao220antr120170";"Maori";"120170";"220";"anthracite";"Sortiment";""
"  NATURELINE";"4054293043073";0,00;15.5.2026 00:00:00;;"mao220antr140200";"Maori";"140200";"220";"anthracite";"Sortiment";"Ware in Bestellung -Ankunft geplant  "
"  NATURELINE";"4054293016220";0,00;15.5.2026 00:00:00;;"mao220antr160230";"Maori";"160230";"220";"anthracite";"Sortiment";"Ware in Bestellung -Ankunft geplant  "
"  NATURELINE";"4054293016145";0,00;15.5.2026 00:00:00;;"mao220antr200290";"Maori";"200290";"220";"anthracite";"Sortiment";"Ware in Bestellung -Ankunft geplant  "
"  NATURELINE";"4054293016428";25,00;15.5.2026 00:00:00;;"mao220beig080150";"Maori";"080150";"220";"beige";"Sortiment";""
"  NATURELINE";"4054293016558";28,00;15.5.2026 00:00:00;;"mao220beig120170";"Maori";"120170";"220";"beige";"Sortiment";""
"  NATURELINE";"4054293043066";9,00;15.5.2026 00:00:00;;"mao220beig140200";"Maori";"140200";"220";"beige";"Sortiment";""
"  NATURELINE";"4054293016589";18,00;15.5.2026 00:00:00;;"mao220beig160230";"Maori";"160230";"220";"beige";"Sortiment";""
"  NATURELINE";"4054293016596";0,00;15.5.2026 00:00:00;;"mao220beig200290";"Maori";"200290";"220";"beige";"Sortiment";"Ware in Bestellung -Ankunft geplant  "
"  NATURELINE";"4054293082126";6,00;15.5.2026 00:00:00;;"mao220deni140200";"Maori";"140200";"220";"deni";"Sortiment";""
"  NATURELINE";"4054293082089";12,00;15.5.2026 00:00:00;;"mao220deni160230";"Maori";"160230";"220";"deni";"Sortiment";""
"  NATURELINE";"4054293082096";1,00;15.5.2026 00:00:00;;"mao220deni200290";"Maori";"200290";"220";"deni";"Sortiment";"Ware in Bestellung -Ankunft geplant  "
"  NATURELINE";"4054293082218";4,00;15.5.2026 00:00:00;;"mao220ivor080150";"Maori";"080150";"220";"ivory";"Sortiment";"Ware in Bestellung -Ankunft geplant  "
"  NATURELINE";"4054293082201";0,00;15.5.2026 00:00:00;;"mao220ivor120170";"Maori";"120170";"220";"ivory";"Sortiment";"Ware in Bestellung -Ankunft geplant  "
"  NATURELINE";"4054293082225";0,00;15.5.2026 00:00:00;;"mao220ivor140200";"Maori";"140200";"220";"ivory";"Sortiment";"Ware in Bestellung -Ankunft geplant  "
"  NATURELINE";"4054293082188";0,00;15.5.2026 00:00:00;;"mao220ivor160230";"Maori";"160230";"220";"ivory";"Sortiment";"Ware in Bestellung -Ankunft geplant  "
"  NATURELINE";"4054293082195";0,00;15.5.2026 00:00:00;;"mao220ivor200290";"Maori";"200290";"220";"ivory";"Sortiment";"Ware in Bestellung -Ankunft geplant  "
"  NATURELINE";"4054293082164";5,00;15.5.2026 00:00:00;;"mao220popi080150";"Maori";"080150";"220";"popi";"Sortiment";"Ware in Bestellung -Ankunft geplant  "
"  NATURELINE";"4054293082140";1,00;15.5.2026 00:00:00;;"mao220popi200290";"Maori";"200290";"220";"popi";"Sortiment";"Ware in Bestellung -Ankunft geplant  "
"  NATURELINE";"4054293016138";11,00;15.5.2026 00:00:00;;"mao220silv080150";"Maori";"080150";"220";"silver";"Sortiment";""
"  NATURELINE";"4054293016121";10,00;15.5.2026 00:00:00;;"mao220silv120170";"Maori";"120170";"220";"silver";"Sortiment";""
"  NATURELINE";"4054293043080";15,00;15.5.2026 00:00:00;;"mao220silv140200";"Maori";"140200";"220";"silver";"Sortiment";""
"  NATURELINE";"4054293016152";47,00;15.5.2026 00:00:00;;"mao220silv160230";"Maori";"160230";"220";"silver";"Sortiment";""
"  NATURELINE";"4054293016305";19,00;15.5.2026 00:00:00;;"mao220silv200290";"Maori";"200290";"220";"silver";"Sortiment";""
"  NATURELINE";"4054293082263";6,00;15.5.2026 00:00:00;;"mao220taup080150";"Maori";"080150";"220";"taupe";"Sortiment";""
"  NATURELINE";"4054293082256";22,00;15.5.2026 00:00:00;;"mao220taup120170";"Maori";"120170";"220";"taupe";"Sortiment";""
"  NATURELINE";"4054293082270";1,00;15.5.2026 00:00:00;;"mao220taup140200";"Maori";"140200";"220";"taupe";"Sortiment";"Ware in Bestellung -Ankunft geplant  "
"  NATURELINE";"4054293082232";11,00;15.5.2026 00:00:00;;"mao220taup160230";"Maori";"160230";"220";"taupe";"Sortiment";""
"  NATURELINE";"4054293082249";0,00;15.5.2026 00:00:00;;"mao220taup200290";"Maori";"200290";"220";"taupe";"Sortiment";"Ware in Bestellung -Ankunft geplant  "
"  NATURELINE";"4054293087299";10,00;15.5.2026 00:00:00;;"stn675grap080150";"Stellan";"080150";"675";"grap";"Sortimentsverlasser";""
"  NATURELINE";"4054293087282";17,00;15.5.2026 00:00:00;;"stn675grap120170";"Stellan";"120170";"675";"grap";"Sortimentsverlasser";""
"  NATURELINE";"4054293087312";1,00;15.5.2026 00:00:00;;"stn675grap140200";"Stellan";"140200";"675";"grap";"Sortimentsverlasser";"Ausläufer- kein weiterer Wareneingang"
"  NATURELINE";"4054293087367";21,00;15.5.2026 00:00:00;;"stn675ivor030030";"Stellan";"030030";"675-1";"Muster 30x30";"Sortimentsverlasser";""
"  NATURELINE";"4054293087350";0,00;15.5.2026 00:00:00;;"stn675ivor080150";"Stellan";"080150";"675";"ivory";"Sortimentsverlasser";"Ausläufer- kein weiterer Wareneingang"
"  NATURELINE";"4054293087343";0,00;15.5.2026 00:00:00;;"stn675ivor120170";"Stellan";"120170";"675";"ivory";"Sortimentsverlasser";"Ausläufer- kein weiterer Wareneingang"
"  NATURELINE";"4054293087374";0,00;15.5.2026 00:00:00;;"stn675ivor140200";"Stellan";"140200";"675";"ivory";"Sortimentsverlasser";"Ausläufer- kein weiterer Wareneingang"
"  NATURELINE";"4054293087336";0,00;15.5.2026 00:00:00;;"stn675ivor160230";"Stellan";"160230";"675";"ivory";"Sortimentsverlasser";"Ausläufer- kein weiterer Wareneingang"
"  NATURELINE";"4054293087329";0,00;15.5.2026 00:00:00;;"stn675ivor200290";"Stellan";"200290";"675";"ivory";"Sortimentsverlasser";"Ausläufer- kein weiterer Wareneingang"
"  NATURELINE";"4054293087428";15,00;15.5.2026 00:00:00;;"stn675silv030030";"Stellan";"030030";"675-1";"Muster 30x30";"Sortimentsverlasser";""
"  NATURELINE";"4054293087411";13,00;15.5.2026 00:00:00;;"stn675silv080150";"Stellan";"080150";"675";"silver";"Sortimentsverlasser";""
"  NATURELINE";"4054293087404";15,00;15.5.2026 00:00:00;;"stn675silv120170";"Stellan";"120170";"675";"silver";"Sortimentsverlasser";""
"  NATURELINE";"4054293087435";2,00;15.5.2026 00:00:00;;"stn675silv140200";"Stellan";"140200";"675";"silver";"Sortimentsverlasser";"Ausläufer- kein weiterer Wareneingang"
"  NATURELINE";"4054293087398";11,00;15.5.2026 00:00:00;;"stn675silv160230";"Stellan";"160230";"675";"silver";"Sortimentsverlasser";""
"  NATURELINE";"4054293087381";0,00;15.5.2026 00:00:00;;"stn675silv200290";"Stellan";"200290";"675";"silver";"Sortimentsverlasser";"Ausläufer- kein weiterer Wareneingang"
"  OUTDOOR";"4054293102909";0,00;15.5.2026 00:00:00;;"gob640mult080150";"Gobelina";"080150";"640";"multi";"Sortimentsverlasser";"Ausläufer- kein weiterer Wareneingang"
"  OUTDOOR";"4054293102916";0,00;15.5.2026 00:00:00;;"gob640mult120170";"Gobelina";"120170";"640";"multi";"Sortimentsverlasser";"Ausläufer- kein weiterer Wareneingang"
"  OUTDOOR";"4054293102923";0,00;15.5.2026 00:00:00;;"gob640mult160230";"Gobelina";"160230";"640";"multi";"Sortimentsverlasser";"Ausläufer- kein weiterer Wareneingang"
"  OUTDOOR";"4054293102930";0,00;15.5.2026 00:00:00;;"gob640mult200290";"Gobelina";"200290";"640";"multi";"Sortimentsverlasser";"Ausläufer- kein weiterer Wareneingang"
"  OUTDOOR";"4054293102947";0,00;15.5.2026 00:00:00;;"gob641mult080150";"Gobelina";"080150";"641";"multi";"Sortiment";"Ware in Bestellung -Ankunft geplant  "
"  OUTDOOR";"4054293102954";0,00;15.5.2026 00:00:00;;"gob641mult120170";"Gobelina";"120170";"641";"multi";"Sortiment";"Ware in Bestellung -Ankunft geplant  "
"  OUTDOOR";"4054293102961";0,00;15.5.2026 00:00:00;;"gob641mult160230";"Gobelina";"160230";"641";"multi";"Sortiment";"Ware in Bestellung -Ankunft geplant  "
"  OUTDOOR";"4054293102978";0,00;15.5.2026 00:00:00;;"gob641mult200290";"Gobelina";"200290";"641";"multi";"Sortiment";"Ware in Bestellung -Ankunft geplant  "
"  OUTDOOR";"4054293103029";0,00;15.5.2026 00:00:00;;"gob643ocea080150";"Gobelina";"080150";"643";"ocean";"Sortimentsverlasser";"Ausläufer- kein weiterer Wareneingang"
"  OUTDOOR";"4054293103036";0,00;15.5.2026 00:00:00;;"gob643ocea120170";"Gobelina";"120170";"643";"ocean";"Sortimentsverlasser";"Ausläufer- kein weiterer Wareneingang"
"  OUTDOOR";"4054293103043";0,00;15.5.2026 00:00:00;;"gob643ocea160230";"Gobelina";"160230";"643";"ocean";"Sortimentsverlasser";"Ausläufer- kein weiterer Wareneingang"
"  OUTDOOR";"4054293103050";2,00;15.5.2026 00:00:00;;"gob643ocea200290";"Gobelina";"200290";"643";"ocean";"Sortimentsverlasser";"Ausläufer- kein weiterer Wareneingang"
"  OUTDOOR";"4054293103067";0,00;15.5.2026 00:00:00;;"gob643redd080150";"Gobelina";"080150";"643";"red";"Sortimentsverlasser";"Ausläufer- kein weiterer Wareneingang"
"  OUTDOOR";"4054293103074";0,00;15.5.2026 00:00:00;;"gob643redd120170";"Gobelina";"120170";"643";"red";"Sortimentsverlasser";"Ausläufer- kein weiterer Wareneingang"
"  OUTDOOR";"4054293103081";16,00;15.5.2026 00:00:00;;"gob643redd160230";"Gobelina";"160230";"643";"red";"Sortimentsverlasser";""
"  OUTDOOR";"4054293103098";0,00;15.5.2026 00:00:00;;"gob643redd200290";"Gobelina";"200290";"643";"red";"Sortimentsverlasser";"Ausläufer- kein weiterer Wareneingang"
"  OUTDOOR";"4054293103104";0,00;15.5.2026 00:00:00;;"gob644grey080150";"Gobelina";"080150";"644";"grey";"Sortimentsverlasser";"Ausläufer- kein weiterer Wareneingang"
"  OUTDOOR";"4054293103111";0,00;15.5.2026 00:00:00;;"gob644grey120170";"Gobelina";"120170";"644";"grey";"Sortimentsverlasser";"Ausläufer- kein weiterer Wareneingang"
"  OUTDOOR";"4054293103128";0,00;15.5.2026 00:00:00;;"gob644grey160230";"Gobelina";"160230";"644";"grey";"Sortimentsverlasser";"Ausläufer- kein weiterer Wareneingang"
"  OUTDOOR";"4054293103135";1,00;15.5.2026 00:00:00;;"gob644grey200290";"Gobelina";"200290";"644";"grey";"Sortimentsverlasser";"Ausläufer- kein weiterer Wareneingang"
"  OUTDOOR";"4054293103142";0,00;15.5.2026 00:00:00;;"gob644mult080150";"Gobelina";"080150";"644";"multi";"Sortimentsverlasser";"Ausläufer- kein weiterer Wareneingang"
"  OUTDOOR";"4054293103159";0,00;15.5.2026 00:00:00;;"gob644mult120170";"Gobelina";"120170";"644";"multi";"Sortimentsverlasser";"Ausläufer- kein weiterer Wareneingang"
"  OUTDOOR";"4054293103166";0,00;15.5.2026 00:00:00;;"gob644mult160230";"Gobelina";"160230";"644";"multi";"Sortimentsverlasser";"Ausläufer- kein weiterer Wareneingang"
"  OUTDOOR";"4054293103173";0,00;15.5.2026 00:00:00;;"gob644mult200290";"Gobelina";"200290";"644";"multi";"Sortimentsverlasser";"Ausläufer- kein weiterer Wareneingang"
"  OUTDOOR";"4054293103180";0,00;15.5.2026 00:00:00;;"gob645mult080150";"Gobelina";"080150";"645";"multi";"Sortimentsverlasser";"Ausläufer- kein weiterer Wareneingang"
"  OUTDOOR";"4054293103197";0,00;15.5.2026 00:00:00;;"gob645mult120170";"Gobelina";"120170";"645";"multi";"Sortimentsverlasser";"Ausläufer- kein weiterer Wareneingang"
"  OUTDOOR";"4054293103203";0,00;15.5.2026 00:00:00;;"gob645mult160230";"Gobelina";"160230";"645";"multi";"Sortimentsverlasser";"Ausläufer- kein weiterer Wareneingang"
"  OUTDOOR";"4054293103210";0,00;15.5.2026 00:00:00;;"gob645mult200290";"Gobelina";"200290";"645";"multi";"Sortimentsverlasser";"Ausläufer- kein weiterer Wareneingang"
"  OUTDOOR";"4054293069684";0,00;15.5.2026 00:00:00;;"nic870grey080150";"nordic";"080150";"870";"grey";"Sortiment";"Ware in Bestellung -Ankunft geplant  "
"  OUTDOOR";"4054293069691";31,00;15.5.2026 00:00:00;;"nic870grey120170";"nordic";"120170";"870";"grey";"Sortiment";""
"  OUTDOOR";"4054293069707";0,00;15.5.2026 00:00:00;;"nic870grey160230";"nordic";"160230";"870";"grey";"Sortiment";"Ware in Bestellung -Ankunft geplant  "
"  OUTDOOR";"4054293069714";0,00;15.5.2026 00:00:00;;"nic870grey200290";"nordic";"200290";"870";"grey";"Sortiment";"Ware in Bestellung -Ankunft geplant  "
"  OUTDOOR";"4054293069721";93,00;15.5.2026 00:00:00;;"nic871grey080150";"nordic";"080150";"871";"grey";"Sortiment";""
"  OUTDOOR";"4054293069738";174,00;15.5.2026 00:00:00;;"nic871grey120170";"nordic";"120170";"871";"grey";"Sortiment";""
"  OUTDOOR";"4054293069745";212,00;15.5.2026 00:00:00;;"nic871grey160230";"nordic";"160230";"871";"grey";"Sortiment";""
"  OUTDOOR";"4054293069752";0,00;15.5.2026 00:00:00;;"nic871grey200290";"nordic";"200290";"871";"grey";"Sortiment";"Ware in Bestellung -Ankunft geplant  "
"  OUTDOOR";"4054293069769";0,00;15.5.2026 00:00:00;;"nic872taup080150";"nordic";"080150";"872";"taupe";"Sortiment";"Ware in Bestellung -Ankunft geplant  "
"  OUTDOOR";"4054293069776";20,00;15.5.2026 00:00:00;;"nic872taup120170";"nordic";"120170";"872";"taupe";"Sortiment";""
"  OUTDOOR";"4054293069783";0,00;15.5.2026 00:00:00;;"nic872taup160230";"nordic";"160230";"872";"taupe";"Sortiment";"Ware in Bestellung -Ankunft geplant  "
"  OUTDOOR";"4054293069790";0,00;15.5.2026 00:00:00;;"nic872taup200290";"nordic";"200290";"872";"taupe";"Sortiment";"Ware in Bestellung -Ankunft geplant  "
"  OUTDOOR";"4054293104972";1,00;15.5.2026 00:00:00;;"nic875grey080150";"nordic";"080150";"875";"grey";"Sortiment";"Ware in Bestellung -Ankunft geplant  "
"  OUTDOOR";"4054293104989";6,00;15.5.2026 00:00:00;;"nic875grey120170";"nordic";"120170";"875";"grey";"Sortiment";""
"  OUTDOOR";"4054293104996";0,00;15.5.2026 00:00:00;;"nic875grey160230";"nordic";"160230";"875";"grey";"Sortiment";"Ware in Bestellung -Ankunft geplant  "
"  OUTDOOR";"4054293105009";0,00;15.5.2026 00:00:00;;"nic875grey200290";"nordic";"200290";"875";"grey";"Sortiment";"Ware in Bestellung -Ankunft geplant  "
"  OUTDOOR";"4054293105016";21,00;15.5.2026 00:00:00;;"nic875navy080150";"nordic";"080150";"875";"navy";"Sortiment";""
"  OUTDOOR";"4054293105023";5,00;15.5.2026 00:00:00;;"nic875navy120170";"nordic";"120170";"875";"navy";"Sortiment";"Ware in Bestellung -Ankunft geplant  "
"  OUTDOOR";"4054293105030";4,00;15.5.2026 00:00:00;;"nic875navy160230";"nordic";"160230";"875";"navy";"Sortiment";"Ware in Bestellung -Ankunft geplant  "
"  OUTDOOR";"4054293105047";0,00;15.5.2026 00:00:00;;"nic875navy200290";"nordic";"200290";"875";"navy";"Sortiment";"Ware in Bestellung -Ankunft geplant  "
"  OUTDOOR";"4054293105054";0,00;15.5.2026 00:00:00;;"nic876grey080150";"nordic";"080150";"876";"grey";"Sortimentsverlasser";"Ausläufer- kein weiterer Wareneingang"
"  OUTDOOR";"4054293105061";0,00;15.5.2026 00:00:00;;"nic876grey120170";"nordic";"120170";"876";"grey";"Sortimentsverlasser";"Ausläufer- kein weiterer Wareneingang"
"  OUTDOOR";"4054293105078";0,00;15.5.2026 00:00:00;;"nic876grey160230";"nordic";"160230";"876";"grey";"Sortimentsverlasser";"Ausläufer- kein weiterer Wareneingang"
"  OUTDOOR";"4054293105085";0,00;15.5.2026 00:00:00;;"nic876grey200290";"nordic";"200290";"876";"grey";"Sortimentsverlasser";"Ausläufer- kein weiterer Wareneingang"
"  OUTDOOR";"4054293105092";81,00;15.5.2026 00:00:00;;"nic877grey080150";"nordic";"080150";"877";"grey";"Sortimentsverlasser";""
"  OUTDOOR";"4054293105108";45,00;15.5.2026 00:00:00;;"nic877grey120170";"nordic";"120170";"877";"grey";"Sortimentsverlasser";""
"  OUTDOOR";"4054293105115";0,00;15.5.2026 00:00:00;;"nic877grey160230";"nordic";"160230";"877";"grey";"Sortimentsverlasser";"Ausläufer- kein weiterer Wareneingang"
"  OUTDOOR";"4054293105122";0,00;15.5.2026 00:00:00;;"nic877grey200290";"nordic";"200290";"877";"grey";"Sortimentsverlasser";"Ausläufer- kein weiterer Wareneingang"
"  OUTDOOR";"4054293105139";53,00;15.5.2026 00:00:00;;"nic877navy080150";"nordic";"080150";"877";"navy";"Sortimentsverlasser";""
"  OUTDOOR";"4054293105146";11,00;15.5.2026 00:00:00;;"nic877navy120170";"nordic";"120170";"877";"navy";"Sortimentsverlasser";""
"  OUTDOOR";"4054293105153";0,00;15.5.2026 00:00:00;;"nic877navy160230";"nordic";"160230";"877";"navy";"Sortimentsverlasser";"Ausläufer- kein weiterer Wareneingang"
"  OUTDOOR";"4054293105160";0,00;15.5.2026 00:00:00;;"nic877navy200290";"nordic";"200290";"877";"navy";"Sortimentsverlasser";"Ausläufer- kein weiterer Wareneingang"
"  OUTDOOR";"4054293110294";0,00;15.5.2026 00:00:00;;"osl705taup080150";"Oslo";"080150";"705";"taup";"Sortiment";"Ware in Bestellung -Ankunft geplant  "
"  OUTDOOR";"4054293110300";0,00;15.5.2026 00:00:00;;"osl705taup120170";"Oslo";"120170";"705";"taup";"Sortiment";"Ware in Bestellung -Ankunft geplant  "
"  OUTDOOR";"4054293110317";0,00;15.5.2026 00:00:00;;"osl705taup160230";"Oslo";"160230";"705";"taup";"Sortiment";"Ware in Bestellung -Ankunft geplant  "
"  OUTDOOR";"4054293110324";0,00;15.5.2026 00:00:00;;"osl705taup200290";"Oslo";"200290";"705";"taup";"Sortiment";"Ware in Bestellung -Ankunft geplant  "
"  OUTDOOR";"4054293110331";0,00;15.5.2026 00:00:00;;"osl705taup240340";"Oslo";"240340";"705";"taup";"Sortiment";"Ware in Bestellung -Ankunft geplant  "
"  OUTDOOR";"4054293110348";11,00;15.5.2026 00:00:00;;"osl706taup080150";"Oslo";"080150";"706";"taup";"Sortimentsverlasser";""
"  OUTDOOR";"4054293110355";10,00;15.5.2026 00:00:00;;"osl706taup120170";"Oslo";"120170";"706";"taup";"Sortimentsverlasser";""
"  OUTDOOR";"4054293110362";0,00;15.5.2026 00:00:00;;"osl706taup160230";"Oslo";"160230";"706";"taup";"Sortimentsverlasser";"Ausläufer- kein weiterer Wareneingang"
"  OUTDOOR";"4054293110379";0,00;15.5.2026 00:00:00;;"osl706taup200290";"Oslo";"200290";"706";"taup";"Sortimentsverlasser";"Ausläufer- kein weiterer Wareneingang"
"  OUTDOOR";"4054293110386";0,00;15.5.2026 00:00:00;;"osl706taup240340";"Oslo";"240340";"706";"taup";"Sortimentsverlasser";"Ausläufer- kein weiterer Wareneingang"
"  OUTDOOR";"4054293110393";0,00;15.5.2026 00:00:00;;"osl707taup080150";"Oslo";"080150";"707";"taup";"Sortimentsverlasser";"Ware in Bestellung -Ankunft geplant  "
"  OUTDOOR";"4054293110409";9,00;15.5.2026 00:00:00;;"osl707taup120170";"Oslo";"120170";"707";"taup";"Sortimentsverlasser";""
"  OUTDOOR";"4054293110416";0,00;15.5.2026 00:00:00;;"osl707taup160230";"Oslo";"160230";"707";"taup";"Sortimentsverlasser";"Ware in Bestellung -Ankunft geplant  "
"  OUTDOOR";"4054293110423";0,00;15.5.2026 00:00:00;;"osl707taup200290";"Oslo";"200290";"707";"taup";"Sortimentsverlasser";"Ware in Bestellung -Ankunft geplant  "
"  OUTDOOR";"4054293110430";0,00;15.5.2026 00:00:00;;"osl707taup240340";"Oslo";"240340";"707";"taup";"Sortimentsverlasser";"Ware in Bestellung -Ankunft geplant  "
"  OUTDOOR";"4054293112915";0,00;15.5.2026 00:00:00;;"osl708taup080150";"Oslo";"080150";"708";"taup";"Sortiment";"Ware in Bestellung -Ankunft geplant  "
"  OUTDOOR";"4054293112922";48,00;15.5.2026 00:00:00;;"osl708taup120170";"Oslo";"120170";"708";"taup";"Sortiment";""
"  OUTDOOR";"4054293112939";7,00;15.5.2026 00:00:00;;"osl708taup160230";"Oslo";"160230";"708";"taup";"Sortiment";""
"  OUTDOOR";"4054293112946";0,00;15.5.2026 00:00:00;;"osl708taup200290";"Oslo";"200290";"708";"taup";"Sortiment";"Ware in Bestellung -Ankunft geplant  "
"  OUTDOOR";"4054293112953";0,00;15.5.2026 00:00:00;;"osl708taup240340";"Oslo";"240340";"708";"taup";"Sortiment";"Ware in Bestellung -Ankunft geplant  "
"  OUTDOOR";"4054293112960";5,00;15.5.2026 00:00:00;;"osl709taup080150";"Oslo";"080150";"709";"taup";"Sortimentsverlasser";"Ausläufer- kein weiterer Wareneingang"
"  OUTDOOR";"4054293112977";18,00;15.5.2026 00:00:00;;"osl709taup120170";"Oslo";"120170";"709";"taup";"Sortimentsverlasser";""
"  OUTDOOR";"4054293112984";3,00;15.5.2026 00:00:00;;"osl709taup160230";"Oslo";"160230";"709";"taup";"Sortimentsverlasser";"Ausläufer- kein weiterer Wareneingang"
"  OUTDOOR";"4054293112991";0,00;15.5.2026 00:00:00;;"osl709taup200290";"Oslo";"200290";"709";"taup";"Sortimentsverlasser";"Ausläufer- kein weiterer Wareneingang"
"  OUTDOOR";"4054293113004";0,00;15.5.2026 00:00:00;;"osl709taup240340";"Oslo";"240340";"709";"taup";"Sortimentsverlasser";"Ausläufer- kein weiterer Wareneingang"
"  OUTDOOR";"4054293113011";5,00;15.5.2026 00:00:00;;"osl710taup080150";"Oslo";"080150";"710";"taup";"Sortimentsverlasser";"Ausläufer- kein weiterer Wareneingang"
"  OUTDOOR";"4054293113028";34,00;15.5.2026 00:00:00;;"osl710taup120170";"Oslo";"120170";"710";"taup";"Sortimentsverlasser";""
"  OUTDOOR";"4054293113035";13,00;15.5.2026 00:00:00;;"osl710taup160230";"Oslo";"160230";"710";"taup";"Sortimentsverlasser";""
"  OUTDOOR";"4054293113042";0,00;15.5.2026 00:00:00;;"osl710taup200290";"Oslo";"200290";"710";"taup";"Sortimentsverlasser";"Ausläufer- kein weiterer Wareneingang"
"  OUTDOOR";"4054293113059";0,00;15.5.2026 00:00:00;;"osl710taup240340";"Oslo";"240340";"710";"taup";"Sortimentsverlasser";"Ausläufer- kein weiterer Wareneingang"
"  OUTDOOR";"4054293113257";94,00;15.5.2026 00:00:00;;"tal540grey080150";"Tallinn";"080150";"540";"grey";"Sortiment";""
"  OUTDOOR";"4054293113240";110,00;15.5.2026 00:00:00;;"tal540grey120170";"Tallinn";"120170";"540";"grey";"Sortiment";""
"  OUTDOOR";"4054293113233";130,00;15.5.2026 00:00:00;;"tal540grey160230";"Tallinn";"160230";"540";"grey";"Sortiment";""
"  OUTDOOR";"4054293113226";58,00;15.5.2026 00:00:00;;"tal540grey200290";"Tallinn";"200290";"540";"grey";"Sortiment";""
"  OUTDOOR";"4054293113219";32,00;15.5.2026 00:00:00;;"tal540grey240340";"Tallinn";"240340";"540";"grey";"Sortiment";""
"  OUTDOOR";"4054293113301";132,00;15.5.2026 00:00:00;;"tal540taup080150";"Tallinn";"080150";"540";"taup";"Sortiment";""
"  OUTDOOR";"4054293113295";60,00;15.5.2026 00:00:00;;"tal540taup120170";"Tallinn";"120170";"540";"taup";"Sortiment";""
"  OUTDOOR";"4054293113288";74,00;15.5.2026 00:00:00;;"tal540taup160230";"Tallinn";"160230";"540";"taup";"Sortiment";""
"  OUTDOOR";"4054293113271";65,00;15.5.2026 00:00:00;;"tal540taup200290";"Tallinn";"200290";"540";"taup";"Sortiment";""
"  OUTDOOR";"4054293113264";20,00;15.5.2026 00:00:00;;"tal540taup240340";"Tallinn";"240340";"540";"taup";"Sortiment";""
"  OUTDOOR";"4054293113356";66,00;15.5.2026 00:00:00;;"tal541grey080150";"Tallinn";"080150";"541";"grey";"Sortiment";""
"  OUTDOOR";"4054293113349";48,00;15.5.2026 00:00:00;;"tal541grey120170";"Tallinn";"120170";"541";"grey";"Sortiment";""
"  OUTDOOR";"4054293113332";58,00;15.5.2026 00:00:00;;"tal541grey160230";"Tallinn";"160230";"541";"grey";"Sortiment";""
"  OUTDOOR";"4054293113325";20,00;15.5.2026 00:00:00;;"tal541grey200290";"Tallinn";"200290";"541";"grey";"Sortiment";""
"  OUTDOOR";"4054293113318";0,00;15.5.2026 00:00:00;;"tal541grey240340";"Tallinn";"240340";"541";"grey";"Sortiment";"Ware in Bestellung -Ankunft geplant  "
"  OUTDOOR";"4054293113400";47,00;15.5.2026 00:00:00;;"tal541taup080150";"Tallinn";"080150";"541";"taup";"Sortiment";""
"  OUTDOOR";"4054293113394";39,00;15.5.2026 00:00:00;;"tal541taup120170";"Tallinn";"120170";"541";"taup";"Sortiment";""
"  OUTDOOR";"4054293113387";39,00;15.5.2026 00:00:00;;"tal541taup160230";"Tallinn";"160230";"541";"taup";"Sortiment";""
"  OUTDOOR";"4054293113370";8,00;15.5.2026 00:00:00;;"tal541taup200290";"Tallinn";"200290";"541";"taup";"Sortiment";""
"  OUTDOOR";"4054293113363";0,00;15.5.2026 00:00:00;;"tal541taup240340";"Tallinn";"240340";"541";"taup";"Sortiment";"Ware in Bestellung -Ankunft geplant  "
"  OUTDOOR";"4054293113455";97,00;15.5.2026 00:00:00;;"tal542grey080150";"Tallinn";"080150";"542";"grey";"Sortimentsverlasser";""
"  OUTDOOR";"4054293113448";83,00;15.5.2026 00:00:00;;"tal542grey120170";"Tallinn";"120170";"542";"grey";"Sortimentsverlasser";""
"  OUTDOOR";"4054293113431";54,00;15.5.2026 00:00:00;;"tal542grey160230";"Tallinn";"160230";"542";"grey";"Sortimentsverlasser";""
"  OUTDOOR";"4054293113424";26,00;15.5.2026 00:00:00;;"tal542grey200290";"Tallinn";"200290";"542";"grey";"Sortimentsverlasser";""
"  OUTDOOR";"4054293113417";0,00;15.5.2026 00:00:00;;"tal542grey240340";"Tallinn";"240340";"542";"grey";"Sortimentsverlasser";"Ausläufer- kein weiterer Wareneingang"
"  OUTDOOR";"4054293113509";104,00;15.5.2026 00:00:00;;"tal542taup080150";"Tallinn";"080150";"542";"taup";"Sortimentsverlasser";""
"  OUTDOOR";"4054293113493";56,00;15.5.2026 00:00:00;;"tal542taup120170";"Tallinn";"120170";"542";"taup";"Sortimentsverlasser";""
"  OUTDOOR";"4054293113486";46,00;15.5.2026 00:00:00;;"tal542taup160230";"Tallinn";"160230";"542";"taup";"Sortimentsverlasser";""
"  OUTDOOR";"4054293113479";0,00;15.5.2026 00:00:00;;"tal542taup200290";"Tallinn";"200290";"542";"taup";"Sortimentsverlasser";"Ausläufer- kein weiterer Wareneingang"
"  OUTDOOR";"4054293113462";0,00;15.5.2026 00:00:00;;"tal542taup240340";"Tallinn";"240340";"542";"taup";"Sortimentsverlasser";"Ausläufer- kein weiterer Wareneingang"
"  RECYCLE";"4054293111970";13,00;15.5.2026 00:00:00;;"dar365anth080150";"Dakar";"080150";"365";"anth";"Sortimentsverlasser";""
"  RECYCLE";"4054293111963";32,00;15.5.2026 00:00:00;;"dar365anth120170";"Dakar";"120170";"365";"anth";"Sortimentsverlasser";""
"  RECYCLE";"4054293111987";14,00;15.5.2026 00:00:00;;"dar365anth140200";"Dakar";"140200";"365";"anth";"Sortimentsverlasser";""
"  RECYCLE";"4054293111956";31,00;15.5.2026 00:00:00;;"dar365anth160230";"Dakar";"160230";"365";"anth";"Sortimentsverlasser";""
"  RECYCLE";"4054293111949";16,00;15.5.2026 00:00:00;;"dar365anth200290";"Dakar";"200290";"365";"anth";"Sortimentsverlasser";""
"  RECYCLE";"4054293112021";19,00;15.5.2026 00:00:00;;"dar365grey080150";"Dakar";"080150";"365";"grey";"Sortimentsverlasser";""
"  RECYCLE";"4054293112014";36,00;15.5.2026 00:00:00;;"dar365grey120170";"Dakar";"120170";"365";"grey";"Sortimentsverlasser";""
"  RECYCLE";"4054293112038";11,00;15.5.2026 00:00:00;;"dar365grey140200";"Dakar";"140200";"365";"grey";"Sortimentsverlasser";""
"  RECYCLE";"4054293112007";0,00;15.5.2026 00:00:00;;"dar365grey160230";"Dakar";"160230";"365";"grey";"Sortimentsverlasser";"Ausläufer- kein weiterer Wareneingang"
"  RECYCLE";"4054293111994";19,00;15.5.2026 00:00:00;;"dar365grey200290";"Dakar";"200290";"365";"grey";"Sortimentsverlasser";""
"  RECYCLE";"4054293112076";3,00;15.5.2026 00:00:00;;"dar365ivor080150";"Dakar";"080150";"365";"ivor";"Sortimentsverlasser";"Ausläufer- kein weiterer Wareneingang"
"  RECYCLE";"4054293112069";19,00;15.5.2026 00:00:00;;"dar365ivor120170";"Dakar";"120170";"365";"ivor";"Sortimentsverlasser";""
"  RECYCLE";"4054293112083";16,00;15.5.2026 00:00:00;;"dar365ivor140200";"Dakar";"140200";"365";"ivor";"Sortimentsverlasser";""
"  RECYCLE";"4054293112052";0,00;15.5.2026 00:00:00;;"dar365ivor160230";"Dakar";"160230";"365";"ivor";"Sortimentsverlasser";"Ausläufer- kein weiterer Wareneingang"
"  RECYCLE";"4054293112045";0,00;15.5.2026 00:00:00;;"dar365ivor200290";"Dakar";"200290";"365";"ivor";"Sortimentsverlasser";"Ausläufer- kein weiterer Wareneingang"
"  RECYCLE";"4054293100554";0,00;15.5.2026 00:00:00;;"eth261mult075150";"Ethno";"075150";"261";"multi";"Sortimentsverlasser";"Ausläufer- kein weiterer Wareneingang"
"  RECYCLE";"4054293100561";0,00;15.5.2026 00:00:00;;"eth261mult115170";"Ethno";"115170";"261";"multi";"Sortimentsverlasser";"Ausläufer- kein weiterer Wareneingang"
"  RECYCLE";"4054293100578";0,00;15.5.2026 00:00:00;;"eth261mult150230";"Ethno";"150230";"261";"multi";"Sortimentsverlasser";"Ausläufer- kein weiterer Wareneingang"
"  RECYCLE";"4054293100585";0,00;15.5.2026 00:00:00;;"eth261mult200290";"Ethno";"200290";"261";"multi";"Sortimentsverlasser";"Ausläufer- kein weiterer Wareneingang"
"  RECYCLE";"4054293100677";10,00;15.5.2026 00:00:00;;"eth263mult075150";"Ethno";"075150";"263";"multi";"Sortimentsverlasser";""
"  RECYCLE";"4054293100684";13,00;15.5.2026 00:00:00;;"eth263mult115170";"Ethno";"115170";"263";"multi";"Sortimentsverlasser";""
"  RECYCLE";"4054293100691";0,00;15.5.2026 00:00:00;;"eth263mult150230";"Ethno";"150230";"263";"multi";"Sortimentsverlasser";"Ausläufer- kein weiterer Wareneingang"
"  RECYCLE";"4054293100707";7,00;15.5.2026 00:00:00;;"eth263mult200290";"Ethno";"200290";"263";"multi";"Sortimentsverlasser";""
"  RECYCLE";"4054293100738";6,00;15.5.2026 00:00:00;;"eth264mult150230";"Ethno";"150230";"264";"multi";"Sortimentsverlasser";""
"  RECYCLE";"4054293108789";0,00;15.5.2026 00:00:00;;"mae780gold075150";"Maurea";"075150";"780";"gold";"Sortiment";"Ware in Bestellung -Ankunft geplant  "
"  RECYCLE";"4054293108796";0,00;15.5.2026 00:00:00;;"mae780gold120170";"Maurea";"120170";"780";"gold";"Sortiment";"Ware in Bestellung -Ankunft geplant  "
"  RECYCLE";"4054293108802";7,00;15.5.2026 00:00:00;;"mae780gold155230";"Maurea";"155230";"780";"gold";"Sortiment";""
"  RECYCLE";"4054293108819";7,00;15.5.2026 00:00:00;;"mae780gold200290";"Maurea";"200290";"780";"gold";"Sortiment";""
"  RECYCLE";"4054293109014";0,00;15.5.2026 00:00:00;;"mae780gold240340";"Maurea";"240340";"780";"gold";"Sortiment";"Ware in Bestellung -Ankunft geplant  "
"  RECYCLE";"4054293108680";0,00;15.5.2026 00:00:00;;"mae780navy075150";"Maurea";"075150";"780";"navy";"Sortimentsverlasser";"Ausläufer- kein weiterer Wareneingang"
"  RECYCLE";"4054293108697";0,00;15.5.2026 00:00:00;;"mae780navy120170";"Maurea";"120170";"780";"navy";"Sortimentsverlasser";"Ausläufer- kein weiterer Wareneingang"
"  RECYCLE";"4054293108703";0,00;15.5.2026 00:00:00;;"mae780navy155230";"Maurea";"155230";"780";"navy";"Sortimentsverlasser";"Ausläufer- kein weiterer Wareneingang"
"  RECYCLE";"4054293108710";2,00;15.5.2026 00:00:00;;"mae780navy200290";"Maurea";"200290";"780";"navy";"Sortimentsverlasser";"Ausläufer- kein weiterer Wareneingang"
"  RECYCLE";"4054293108994";1,00;15.5.2026 00:00:00;;"mae780navy240340";"Maurea";"240340";"780";"navy";"Sortimentsverlasser";"Ausläufer- kein weiterer Wareneingang"
"  RECYCLE";"4054293108734";0,00;15.5.2026 00:00:00;;"mae780redd075150";"Maurea";"075150";"780";"redd";"Sortiment";"Ware in Bestellung -Ankunft geplant  "
"  RECYCLE";"4054293108741";0,00;15.5.2026 00:00:00;;"mae780redd120170";"Maurea";"120170";"780";"redd";"Sortiment";"Ware in Bestellung -Ankunft geplant  "
"  RECYCLE";"4054293108758";0,00;15.5.2026 00:00:00;;"mae780redd155230";"Maurea";"155230";"780";"redd";"Sortiment";"Ware in Bestellung -Ankunft geplant  "
"  RECYCLE";"4054293108765";10,00;15.5.2026 00:00:00;;"mae780redd200290";"Maurea";"200290";"780";"redd";"Sortiment";""
"  RECYCLE";"4054293109007";0,00;15.5.2026 00:00:00;;"mae780redd240340";"Maurea";"240340";"780";"redd";"Sortiment";"Ware in Bestellung -Ankunft geplant  "
"  RECYCLE";"4054293108635";0,00;15.5.2026 00:00:00;;"mae780sand075150";"Maurea";"075150";"780";"sand";"Sortiment";"Ware in Bestellung -Ankunft geplant  "
"  RECYCLE";"4054293108642";0,00;15.5.2026 00:00:00;;"mae780sand120170";"Maurea";"120170";"780";"sand";"Sortiment";"Ware in Bestellung -Ankunft geplant  "
"  RECYCLE";"4054293108659";0,00;15.5.2026 00:00:00;;"mae780sand155230";"Maurea";"155230";"780";"sand";"Sortiment";"Ware in Bestellung -Ankunft geplant  "
"  RECYCLE";"4054293108666";10,00;15.5.2026 00:00:00;;"mae780sand200290";"Maurea";"200290";"780";"sand";"Sortiment";""
"  RECYCLE";"4054293108987";0,00;15.5.2026 00:00:00;;"mae780sand240340";"Maurea";"240340";"780";"sand";"Sortiment";"Ware in Bestellung -Ankunft geplant  "
"  RECYCLE";"4054293112120";0,00;15.5.2026 00:00:00;;"Nad565anth080150";"Nador";"080150";"565";"anth";"Sortimentsverlasser";"Ausläufer- kein weiterer Wareneingang"
"  RECYCLE";"4054293112113";22,00;15.5.2026 00:00:00;;"Nad565anth120170";"Nador";"120170";"565";"anth";"Sortimentsverlasser";""
"  RECYCLE";"4054293112137";17,00;15.5.2026 00:00:00;;"Nad565anth140200";"Nador";"140200";"565";"anth";"Sortimentsverlasser";""
"  RECYCLE";"4054293112106";27,00;15.5.2026 00:00:00;;"Nad565anth160230";"Nador";"160230";"565";"anth";"Sortimentsverlasser";""
"  RECYCLE";"4054293112090";17,00;15.5.2026 00:00:00;;"Nad565anth200290";"Nador";"200290";"565";"anth";"Sortimentsverlasser";""
"  RECYCLE";"4054293112175";1,00;15.5.2026 00:00:00;;"Nad565blue080150";"Nador";"080150";"565";"blue";"Sortimentsverlasser";"Ausläufer- kein weiterer Wareneingang"
"  RECYCLE";"4054293112168";25,00;15.5.2026 00:00:00;;"Nad565blue120170";"Nador";"120170";"565";"blue";"Sortimentsverlasser";""
"  RECYCLE";"4054293112182";13,00;15.5.2026 00:00:00;;"Nad565blue140200";"Nador";"140200";"565";"blue";"Sortimentsverlasser";""
"  RECYCLE";"4054293112151";17,00;15.5.2026 00:00:00;;"Nad565blue160230";"Nador";"160230";"565";"blue";"Sortimentsverlasser";""
"  RECYCLE";"4054293112144";10,00;15.5.2026 00:00:00;;"Nad565blue200290";"Nador";"200290";"565";"blue";"Sortimentsverlasser";""
"  RECYCLE";"4054293112229";19,00;15.5.2026 00:00:00;;"Nad565grey080150";"Nador";"080150";"565";"grey";"Sortimentsverlasser";""
"  RECYCLE";"4054293112212";27,00;15.5.2026 00:00:00;;"Nad565grey120170";"Nador";"120170";"565";"grey";"Sortimentsverlasser";""
"  RECYCLE";"4054293112236";7,00;15.5.2026 00:00:00;;"Nad565grey140200";"Nador";"140200";"565";"grey";"Sortimentsverlasser";""
"  RECYCLE";"4054293112205";26,00;15.5.2026 00:00:00;;"Nad565grey160230";"Nador";"160230";"565";"grey";"Sortimentsverlasser";""
"  RECYCLE";"4054293112199";15,00;15.5.2026 00:00:00;;"Nad565grey200290";"Nador";"200290";"565";"grey";"Sortimentsverlasser";""
"  RECYCLE";"4054293112274";0,00;15.5.2026 00:00:00;;"Nad565ivor080150";"Nador";"080150";"565";"ivor";"Sortimentsverlasser";"Ausläufer- kein weiterer Wareneingang"
"  RECYCLE";"4054293112267";0,00;15.5.2026 00:00:00;;"Nad565ivor120170";"Nador";"120170";"565";"ivor";"Sortimentsverlasser";"Ausläufer- kein weiterer Wareneingang"
"  RECYCLE";"4054293112281";0,00;15.5.2026 00:00:00;;"Nad565ivor140200";"Nador";"140200";"565";"ivor";"Sortimentsverlasser";"Ausläufer- kein weiterer Wareneingang"
"  RECYCLE";"4054293112250";3,00;15.5.2026 00:00:00;;"Nad565ivor160230";"Nador";"160230";"565";"ivor";"Sortimentsverlasser";"Ausläufer- kein weiterer Wareneingang"
"  RECYCLE";"4054293112243";0,00;15.5.2026 00:00:00;;"Nad565ivor200290";"Nador";"200290";"565";"ivor";"Sortimentsverlasser";"Ausläufer- kein weiterer Wareneingang"
"  RECYCLE";"4054293104071";0,00;15.5.2026 00:00:00;;"nom440grey080150";"Nomad";"080150";"440";"grey";"Sortimentsverlasser";"Ausläufer- kein weiterer Wareneingang"
"  RECYCLE";"4054293104088";3,00;15.5.2026 00:00:00;;"nom440grey120170";"Nomad";"120170";"440";"grey";"Sortimentsverlasser";"Ausläufer- kein weiterer Wareneingang"
"  RECYCLE";"4054293104095";1,00;15.5.2026 00:00:00;;"nom440grey160230";"Nomad";"160230";"440";"grey";"Sortimentsverlasser";"Ausläufer- kein weiterer Wareneingang"
"  RECYCLE";"4054293104101";9,00;15.5.2026 00:00:00;;"nom440grey200290";"Nomad";"200290";"440";"grey";"Sortimentsverlasser";""
"  RECYCLE";"4054293104118";21,00;15.5.2026 00:00:00;;"nom440sand080150";"Nomad";"080150";"440";"sand";"Sortimentsverlasser";""
"  RECYCLE";"4054293104125";5,00;15.5.2026 00:00:00;;"nom440sand120170";"Nomad";"120170";"440";"sand";"Sortimentsverlasser";"Ausläufer- kein weiterer Wareneingang"
"  RECYCLE";"4054293104132";0,00;15.5.2026 00:00:00;;"nom440sand160230";"Nomad";"160230";"440";"sand";"Sortimentsverlasser";"Ausläufer- kein weiterer Wareneingang"
"  RECYCLE";"4054293104149";0,00;15.5.2026 00:00:00;;"nom440sand200290";"Nomad";"200290";"440";"sand";"Sortimentsverlasser";"Ausläufer- kein weiterer Wareneingang"
"  RECYCLE";"4054293100790";0,00;15.5.2026 00:00:00;;"val630mult075150";"Valencia";"075150";"630";"multi";"Sortiment";"Ware in Bestellung -Ankunft geplant  "
"  RECYCLE";"4054293100806";0,00;15.5.2026 00:00:00;;"val630mult115170";"Valencia";"115170";"630";"multi";"Sortiment";"Ware in Bestellung -Ankunft geplant  "
"  RECYCLE";"4054293100813";0,00;15.5.2026 00:00:00;;"val630mult150230";"Valencia";"150230";"630";"multi";"Sortiment";"Ware in Bestellung -Ankunft geplant  "
"  RECYCLE";"4054293100820";0,00;15.5.2026 00:00:00;;"val630mult200290";"Valencia";"200290";"630";"multi";"Sortiment";"Ware in Bestellung -Ankunft geplant  "
"  RECYCLE";"4054293100837";0,00;15.5.2026 00:00:00;;"val631mult075150";"Valencia";"075150";"631";"multi";"Sortimentsverlasser";"Ausläufer- kein weiterer Wareneingang"
"  RECYCLE";"4054293100844";0,00;15.5.2026 00:00:00;;"val631mult115170";"Valencia";"115170";"631";"multi";"Sortimentsverlasser";"Ausläufer- kein weiterer Wareneingang"
"  RECYCLE";"4054293100851";0,00;15.5.2026 00:00:00;;"val631mult150230";"Valencia";"150230";"631";"multi";"Sortimentsverlasser";"Ausläufer- kein weiterer Wareneingang"
"  RECYCLE";"4054293100868";1,00;15.5.2026 00:00:00;;"val631mult200290";"Valencia";"200290";"631";"multi";"Sortimentsverlasser";"Ausläufer- kein weiterer Wareneingang"
"  RECYCLE";"4054293100875";2,00;15.5.2026 00:00:00;;"val632grey075150";"Valencia";"075150";"632";"grey";"Sortimentsverlasser";"Ausläufer- kein weiterer Wareneingang"
"  RECYCLE";"4054293100882";0,00;15.5.2026 00:00:00;;"val632grey115170";"Valencia";"115170";"632";"grey";"Sortimentsverlasser";"Ausläufer- kein weiterer Wareneingang"
"  RECYCLE";"4054293100899";0,00;15.5.2026 00:00:00;;"val632grey150230";"Valencia";"150230";"632";"grey";"Sortimentsverlasser";"Ausläufer- kein weiterer Wareneingang"
"  RECYCLE";"4054293100905";0,00;15.5.2026 00:00:00;;"val632grey200290";"Valencia";"200290";"632";"grey";"Sortimentsverlasser";"Ausläufer- kein weiterer Wareneingang"
"  RECYCLE";"4054293100912";0,00;15.5.2026 00:00:00;;"val633grey075150";"Valencia";"075150";"633";"grey";"Sortiment";"Ware in Bestellung -Ankunft geplant  "
"  RECYCLE";"4054293100929";0,00;15.5.2026 00:00:00;;"val633grey115170";"Valencia";"115170";"633";"grey";"Sortiment";"Ware in Bestellung -Ankunft geplant  "
"  RECYCLE";"4054293100936";0,00;15.5.2026 00:00:00;;"val633grey150230";"Valencia";"150230";"633";"grey";"Sortiment";"Ware in Bestellung -Ankunft geplant  "
"  RECYCLE";"4054293100943";2,00;15.5.2026 00:00:00;;"val633grey200290";"Valencia";"200290";"633";"grey";"Sortiment";"Ware in Bestellung -Ankunft geplant  "
"  SKINS";"4054293114216";175,00;15.5.2026 00:00:00;;"asp485beig040060";"Aspen";"040060";"485";"beig";"Sortimentsverlasser";""
"  SKINS";"4054293114209";1,00;15.5.2026 00:00:00;;"asp485beig060100";"Aspen";"060100";"485";"beig";"Sortimentsverlasser";"Ausläufer- kein weiterer Wareneingang"
"  SKINS";"4054293114254";3,00;15.5.2026 00:00:00;;"asp485beig080080r";"Aspen";"080080r";"485";"beig";"Sortimentsverlasser";"Ausläufer- kein weiterer Wareneingang"
"  SKINS";"4054293114193";61,00;15.5.2026 00:00:00;;"asp485beig080150";"Aspen";"080150";"485";"beig";"Sortiment";""
"  SKINS";"4054293114186";0,00;15.5.2026 00:00:00;;"asp485beig080300";"Aspen";"080300";"485";"beig";"Sortimentsverlasser";"Ausläufer- kein weiterer Wareneingang"
"  SKINS";"4054293114179";0,00;15.5.2026 00:00:00;;"asp485beig120170";"Aspen";"120170";"485";"beig";"Sortiment";"Ware in Bestellung -Ankunft geplant  "
"  SKINS";"4054293114247";0,00;15.5.2026 00:00:00;;"asp485beig160160r";"Aspen";"160160r";"485";"beig";"Sortimentsverlasser";"Ausläufer- kein weiterer Wareneingang"
"  SKINS";"4054293114223";10,00;15.5.2026 00:00:00;;"asp485beig160200s";"Aspen";"160200s";"485";"beig";"Sortimentsverlasser";""
"  SKINS";"4054293114162";8,00;15.5.2026 00:00:00;;"asp485beig160230";"Aspen";"160230";"485";"beig";"Sortiment";""
"  SKINS";"4054293114230";8,00;15.5.2026 00:00:00;;"asp485beig200200r";"Aspen";"200200r";"485";"beig";"Sortimentsverlasser";""
"  SKINS";"4054293114155";28,00;15.5.2026 00:00:00;;"asp485beig200290";"Aspen";"200290";"485";"beig";"Sortiment";""
"  SKINS";"4054293114322";181,00;15.5.2026 00:00:00;;"asp485silv040060";"Aspen";"040060";"485";"silv";"Sortimentsverlasser";""
"  SKINS";"4054293114315";0,00;15.5.2026 00:00:00;;"asp485silv060100";"Aspen";"060100";"485";"silv";"Sortimentsverlasser";"Ausläufer- kein weiterer Wareneingang"
"  SKINS";"4054293114360";3,00;15.5.2026 00:00:00;;"asp485silv080080r";"Aspen";"080080r";"485";"silv";"Sortimentsverlasser";"Ausläufer- kein weiterer Wareneingang"
"  SKINS";"4054293114308";185,00;15.5.2026 00:00:00;;"asp485silv080150";"Aspen";"080150";"485";"silv";"Sortiment";""
"  SKINS";"4054293114292";0,00;15.5.2026 00:00:00;;"asp485silv080300";"Aspen";"080300";"485";"silv";"Sortimentsverlasser";"Ausläufer- kein weiterer Wareneingang"
"  SKINS";"4054293114285";3,00;15.5.2026 00:00:00;;"asp485silv120170";"Aspen";"120170";"485";"silv";"Sortiment";"Ware in Bestellung -Ankunft geplant  "
"  SKINS";"4054293114353";0,00;15.5.2026 00:00:00;;"asp485silv160160r";"Aspen";"160160r";"485";"silv";"Sortimentsverlasser";"Ausläufer- kein weiterer Wareneingang"
"  SKINS";"4054293114339";11,00;15.5.2026 00:00:00;;"asp485silv160200s";"Aspen";"160200s";"485";"silv";"Sortimentsverlasser";""
"  SKINS";"4054293114278";0,00;15.5.2026 00:00:00;;"asp485silv160230";"Aspen";"160230";"485";"silv";"Sortiment";"Ware in Bestellung -Ankunft geplant  "
"  SKINS";"4054293114346";10,00;15.5.2026 00:00:00;;"asp485silv200200r";"Aspen";"200200r";"485";"silv";"Sortimentsverlasser";""
"  SKINS";"4054293114261";35,00;15.5.2026 00:00:00;;"asp485silv200290";"Aspen";"200290";"485";"silv";"Sortiment";""
"  SKINS";"4054293123850";100,00;15.5.2026 00:00:00;;"cam845gree030030";"Camouflage";"030030";"845";"gree";"Sortiment";""
"  SKINS";"4054293114063";151,00;15.5.2026 00:00:00;;"cam845gree040060";"Camouflage";"040060";"845";"gree";"Sortimentsverlasser";""
"  SKINS";"4054293114056";0,00;15.5.2026 00:00:00;;"cam845gree080150";"Camouflage";"080150";"845";"gree";"Sortimentsverlasser";"Ausläufer- kein weiterer Wareneingang"
"  SKINS";"4054293114049";0,00;15.5.2026 00:00:00;;"cam845gree120170";"Camouflage";"120170";"845";"gree";"Sortimentsverlasser";"Ausläufer- kein weiterer Wareneingang"
"  SKINS";"4054293114032";0,00;15.5.2026 00:00:00;;"cam845gree160230";"Camouflage";"160230";"845";"gree";"Sortimentsverlasser";"Ausläufer- kein weiterer Wareneingang"
"  SKINS";"4054293123874";150,00;15.5.2026 00:00:00;;"cam845grey030030";"Camouflage";"030030";"845";"grey";"Sortiment";""
"  SKINS";"4054293114148";93,00;15.5.2026 00:00:00;;"cam845grey040060";"Camouflage";"040060";"845";"grey";"Sortiment";""
"  SKINS";"4054293114131";8,00;15.5.2026 00:00:00;;"cam845grey080150";"Camouflage";"080150";"845";"grey";"Sortiment";""
"  SKINS";"4054293114124";0,00;15.5.2026 00:00:00;;"cam845grey120170";"Camouflage";"120170";"845";"grey";"Sortiment";"Ware in Bestellung -Ankunft geplant  "
"  SKINS";"4054293114117";44,00;15.5.2026 00:00:00;;"cam845grey160230";"Camouflage";"160230";"845";"grey";"Sortiment";""
"  SKINS";"4054293123867";60,00;15.5.2026 00:00:00;;"cam845pink030030";"Camouflage";"030030";"845";"pink";"Sortiment";""
"  SKINS";"4054293114100";400,00;15.5.2026 00:00:00;;"cam845pink040060";"Camouflage";"040060";"845";"pink";"Sortimentsverlasser";""
"  SKINS";"4054293114094";0,00;15.5.2026 00:00:00;;"cam845pink080150";"Camouflage";"080150";"845";"pink";"Sortimentsverlasser";"Ausläufer- kein weiterer Wareneingang"
"  SKINS";"4054293114087";0,00;15.5.2026 00:00:00;;"cam845pink120170";"Camouflage";"120170";"845";"pink";"Sortimentsverlasser";"Ausläufer- kein weiterer Wareneingang"
"  SKINS";"4054293114070";0,00;15.5.2026 00:00:00;;"cam845pink160230";"Camouflage";"160230";"845";"pink";"Sortimentsverlasser";"Ausläufer- kein weiterer Wareneingang"
"  SKINS";"4054293123843";150,00;15.5.2026 00:00:00;;"cam845taup030030";"Camouflage";"030030";"845";"taup";"Sortiment";""
"  SKINS";"4054293114025";87,00;15.5.2026 00:00:00;;"cam845taup040060";"Camouflage";"040060";"845";"taup";"Sortiment";""
"  SKINS";"4054293114018";0,00;15.5.2026 00:00:00;;"cam845taup080150";"Camouflage";"080150";"845";"taup";"Sortiment";"Ware in Bestellung -Ankunft geplant  "
"  SKINS";"4054293114001";0,00;15.5.2026 00:00:00;;"cam845taup120170";"Camouflage";"120170";"845";"taup";"Sortiment";"Ware in Bestellung -Ankunft geplant  "
"  SKINS";"4054293113998";0,00;15.5.2026 00:00:00;;"cam845taup160230";"Camouflage";"160230";"845";"taup";"Sortiment";"Ware in Bestellung -Ankunft geplant  "
"  SKINS";"4054293113578";0,00;15.5.2026 00:00:00;;"cao885anth040060";"Calypso";"040060";"885";"anth";"Sortimentsverlasser";"Ausläufer- kein weiterer Wareneingang"
"  SKINS";"4054293113561";0,00;15.5.2026 00:00:00;;"cao885anth060100";"Calypso";"060100";"885";"anth";"Sortimentsverlasser";"Ausläufer- kein weiterer Wareneingang"
"  SKINS";"4054293113622";0,00;15.5.2026 00:00:00;;"cao885anth080080r";"Calypso";"080080r";"885";"anth";"Sortimentsverlasser";"Ausläufer- kein weiterer Wareneingang"
"  SKINS";"4054293113554";0,00;15.5.2026 00:00:00;;"cao885anth080150";"Calypso";"080150";"885";"anth";"Sortiment";"Ware in Bestellung -Ankunft geplant  "
"  SKINS";"4054293113547";0,00;15.5.2026 00:00:00;;"cao885anth080300";"Calypso";"080300";"885";"anth";"Sortimentsverlasser";"Ausläufer- kein weiterer Wareneingang"
"  SKINS";"4054293113530";0,00;15.5.2026 00:00:00;;"cao885anth120170";"Calypso";"120170";"885";"anth";"Sortiment";"Ware in Bestellung -Ankunft geplant  "
"  SKINS";"4054293113608";0,00;15.5.2026 00:00:00;;"cao885anth160160r";"Calypso";"160160r";"885";"anth";"Sortimentsverlasser";"Ausläufer- kein weiterer Wareneingang"
"  SKINS";"4054293113585";13,00;15.5.2026 00:00:00;;"cao885anth160200s";"Calypso";"160200s";"885";"anth";"Sortimentsverlasser";""
"  SKINS";"4054293113523";0,00;15.5.2026 00:00:00;;"cao885anth160230";"Calypso";"160230";"885";"anth";"Sortiment";"Ware in Bestellung -Ankunft geplant  "
"  SKINS";"4054293113592";0,00;15.5.2026 00:00:00;;"cao885anth200200r";"Calypso";"200200r";"885";"anth";"Sortimentsverlasser";"Ausläufer- kein weiterer Wareneingang"
"  SKINS";"4054293113516";0,00;15.5.2026 00:00:00;;"cao885anth200290";"Calypso";"200290";"885";"anth";"Sortiment";"Ware in Bestellung -Ankunft geplant  "
"  SKINS";"4054293113691";0,00;15.5.2026 00:00:00;;"cao885beig040060";"Calypso";"040060";"885";"beig";"Sortimentsverlasser";"Ausläufer- kein weiterer Wareneingang"
"  SKINS";"4054293113684";0,00;15.5.2026 00:00:00;;"cao885beig060100";"Calypso";"060100";"885";"beig";"Sortimentsverlasser";"Ausläufer- kein weiterer Wareneingang"
"  SKINS";"4054293113745";0,00;15.5.2026 00:00:00;;"cao885beig080080r";"Calypso";"080080r";"885";"beig";"Sortiment";"Ware in Bestellung -Ankunft geplant  "
"  SKINS";"4054293113677";0,00;15.5.2026 00:00:00;;"cao885beig080150";"Calypso";"080150";"885";"beig";"Sortiment";"Ware in Bestellung -Ankunft geplant  "
"  SKINS";"4054293113660";0,00;15.5.2026 00:00:00;;"cao885beig080300";"Calypso";"080300";"885";"beig";"Sortimentsverlasser";"Ausläufer- kein weiterer Wareneingang"
"  SKINS";"4054293113653";0,00;15.5.2026 00:00:00;;"cao885beig120170";"Calypso";"120170";"885";"beig";"Sortiment";"Ware in Bestellung -Ankunft geplant  "
"  SKINS";"4054293113721";0,00;15.5.2026 00:00:00;;"cao885beig160160r";"Calypso";"160160r";"885";"beig";"Sortiment";"Ware in Bestellung -Ankunft geplant  "
"  SKINS";"4054293113707";10,00;15.5.2026 00:00:00;;"cao885beig160200s";"Calypso";"160200s";"885";"beig";"Sortiment";""
"  SKINS";"4054293113646";0,00;15.5.2026 00:00:00;;"cao885beig160230";"Calypso";"160230";"885";"beig";"Sortiment";"Ware in Bestellung -Ankunft geplant  "
"  SKINS";"4054293113714";0,00;15.5.2026 00:00:00;;"cao885beig200200r";"Calypso";"200200r";"885";"beig";"Sortiment";"Ware in Bestellung -Ankunft geplant  "
"  SKINS";"4054293113639";0,00;15.5.2026 00:00:00;;"cao885beig200290";"Calypso";"200290";"885";"beig";"Sortiment";"Ware in Bestellung -Ankunft geplant  "
"  SKINS";"4054293113813";0,00;15.5.2026 00:00:00;;"cao885blue040060";"Calypso";"040060";"885";"blue";"Sortimentsverlasser";"Ausläufer- kein weiterer Wareneingang"
"  SKINS";"4054293113806";11,00;15.5.2026 00:00:00;;"cao885blue060100";"Calypso";"060100";"885";"blue";"Sortimentsverlasser";""
"  SKINS";"4054293113868";0,00;15.5.2026 00:00:00;;"cao885blue080080r";"Calypso";"080080r";"885";"blue";"Sortimentsverlasser";"Ausläufer- kein weiterer Wareneingang"
"  SKINS";"4054293113790";21,00;15.5.2026 00:00:00;;"cao885blue080150";"Calypso";"080150";"885";"blue";"Sortimentsverlasser";""
"  SKINS";"4054293113783";16,00;15.5.2026 00:00:00;;"cao885blue080300";"Calypso";"080300";"885";"blue";"Sortimentsverlasser";""
"  SKINS";"4054293113776";36,00;15.5.2026 00:00:00;;"cao885blue120170";"Calypso";"120170";"885";"blue";"Sortimentsverlasser";""
"  SKINS";"4054293113844";0,00;15.5.2026 00:00:00;;"cao885blue160160r";"Calypso";"160160r";"885";"blue";"Sortimentsverlasser";"Ausläufer- kein weiterer Wareneingang"
"  SKINS";"4054293113820";8,00;15.5.2026 00:00:00;;"cao885blue160200s";"Calypso";"160200s";"885";"blue";"Sortimentsverlasser";""
"  SKINS";"4054293113769";3,00;15.5.2026 00:00:00;;"cao885blue160230";"Calypso";"160230";"885";"blue";"Sortimentsverlasser";"Ausläufer- kein weiterer Wareneingang"
"  SKINS";"4054293113837";0,00;15.5.2026 00:00:00;;"cao885blue200200r";"Calypso";"200200r";"885";"blue";"Sortimentsverlasser";"Ausläufer- kein weiterer Wareneingang"
"  SKINS";"4054293113752";0,00;15.5.2026 00:00:00;;"cao885blue200290";"Calypso";"200290";"885";"blue";"Sortimentsverlasser";"Ausläufer- kein weiterer Wareneingang"
"  SKINS";"4054293113936";0,00;15.5.2026 00:00:00;;"cao885taup040060";"Calypso";"040060";"885";"taup";"Sortimentsverlasser";"Ausläufer- kein weiterer Wareneingang"
"  SKINS";"4054293113929";0,00;15.5.2026 00:00:00;;"cao885taup060100";"Calypso";"060100";"885";"taup";"Sortimentsverlasser";"Ausläufer- kein weiterer Wareneingang"
"  SKINS";"4054293113981";0,00;15.5.2026 00:00:00;;"cao885taup080080r";"Calypso";"080080r";"885";"taup";"Sortimentsverlasser";"Ausläufer- kein weiterer Wareneingang"
"  SKINS";"4054293113912";0,00;15.5.2026 00:00:00;;"cao885taup080150";"Calypso";"080150";"885";"taup";"Sortiment";"Ware in Bestellung -Ankunft geplant  "
"  SKINS";"4054293113905";7,00;15.5.2026 00:00:00;;"cao885taup080300";"Calypso";"080300";"885";"taup";"Sortimentsverlasser";""
"  SKINS";"4054293113899";0,00;15.5.2026 00:00:00;;"cao885taup120170";"Calypso";"120170";"885";"taup";"Sortiment";"Ware in Bestellung -Ankunft geplant  "
"  SKINS";"4054293113967";0,00;15.5.2026 00:00:00;;"cao885taup160160r";"Calypso";"160160r";"885";"taup";"Sortimentsverlasser";"Ausläufer- kein weiterer Wareneingang"
"  SKINS";"4054293113943";2,00;15.5.2026 00:00:00;;"cao885taup160200s";"Calypso";"160200s";"885";"taup";"Sortimentsverlasser";"Ausläufer- kein weiterer Wareneingang"
"  SKINS";"4054293113882";0,00;15.5.2026 00:00:00;;"cao885taup160230";"Calypso";"160230";"885";"taup";"Sortiment";"Ware in Bestellung -Ankunft geplant  "
"  SKINS";"4054293113950";0,00;15.5.2026 00:00:00;;"cao885taup200200r";"Calypso";"200200r";"885";"taup";"Sortimentsverlasser";"Ausläufer- kein weiterer Wareneingang"
"  SKINS";"4054293113875";0,00;15.5.2026 00:00:00;;"cao885taup200290";"Calypso";"200290";"885";"taup";"Sortiment";"Ware in Bestellung -Ankunft geplant  "
"  SKINS";"4054293071137";2,00;15.5.2026 00:00:00;;"cha535blac060110";"Cha Cha";"060110";"535";"black";"Sortiment";"Ware in Bestellung -Ankunft geplant  "
"  SKINS";"4054293071144";0,00;15.5.2026 00:00:00;;"cha535blac080080r";"Cha Cha";"080080r";"535";"black";"Sortiment";"Ware in Bestellung -Ankunft geplant  "
"  SKINS";"4054293071106";19,00;15.5.2026 00:00:00;;"cha535blac080150";"Cha Cha";"080150";"535";"black";"Sortiment";""
"  SKINS";"4054293071113";102,00;15.5.2026 00:00:00;;"cha535blac120170";"Cha Cha";"120170";"535";"black";"Sortiment";""
"  SKINS";"4054293071120";56,00;15.5.2026 00:00:00;;"cha535blac160230";"Cha Cha";"160230";"535";"black";"Sortiment";""
"  SKINS";"4054293125526";4,00;15.5.2026 00:00:00;;"cha535blac200290";"Cha Cha";"200290";"535";"blac";"Sortiment";"Ware in Bestellung -Ankunft geplant  "
"  SKINS";"4054293071281";0,00;15.5.2026 00:00:00;;"cha535crea060110";"Cha Cha";"060110";"535";"cream";"Sortiment";"Ware in Bestellung -Ankunft geplant  "
"  SKINS";"4054293071298";0,00;15.5.2026 00:00:00;;"cha535crea080080r";"Cha Cha";"080080r";"535";"cream";"Sortiment";"Ware in Bestellung -Ankunft geplant  "
"  SKINS";"4054293071250";24,00;15.5.2026 00:00:00;;"cha535crea080150";"Cha Cha";"080150";"535";"cream";"Sortiment";""
"  SKINS";"4054293071267";116,00;15.5.2026 00:00:00;;"cha535crea120170";"Cha Cha";"120170";"535";"cream";"Sortiment";""
"  SKINS";"4054293071274";46,00;15.5.2026 00:00:00;;"cha535crea160230";"Cha Cha";"160230";"535";"cream";"Sortiment";""
"  SKINS";"4054293071182";5,00;15.5.2026 00:00:00;;"cha535grey060110";"Cha Cha";"060110";"535";"grey";"Sortiment";"Ware in Bestellung -Ankunft geplant  "
"  SKINS";"4054293071199";40,00;15.5.2026 00:00:00;;"cha535grey080080r";"Cha Cha";"080080r";"535";"grey";"Sortiment";""
"  SKINS";"4054293071151";0,00;15.5.2026 00:00:00;;"cha535grey080150";"Cha Cha";"080150";"535";"grey";"Sortiment";"Ware in Bestellung -Ankunft geplant  "
"  SKINS";"4054293071168";5,00;15.5.2026 00:00:00;;"cha535grey120170";"Cha Cha";"120170";"535";"grey";"Sortiment";"Ware in Bestellung -Ankunft geplant  "
"  SKINS";"4054293071175";0,00;15.5.2026 00:00:00;;"cha535grey160230";"Cha Cha";"160230";"535";"grey";"Sortiment";"Ware in Bestellung -Ankunft geplant  "
"  SKINS";"4054293119754";195,00;15.5.2026 00:00:00;;"cha535lave060110";"Cha Cha";"060110";"535";"lave";"Sortiment";""
"  SKINS";"4054293119778";0,00;15.5.2026 00:00:00;;"cha535lave080080r";"Cha Cha";"080080r";"535";"lave";"Sortiment";"Ware in Bestellung -Ankunft geplant  "
"  SKINS";"4054293119723";153,00;15.5.2026 00:00:00;;"cha535lave080150";"Cha Cha";"080150";"535";"lave";"Sortiment";""
"  SKINS";"4054293119730";206,00;15.5.2026 00:00:00;;"cha535lave120170";"Cha Cha";"120170";"535";"lave";"Sortiment";""
"  SKINS";"4054293119747";174,00;15.5.2026 00:00:00;;"cha535lave160230";"Cha Cha";"160230";"535";"lave";"Sortiment";""
"  SKINS";"4054293071335";58,00;15.5.2026 00:00:00;;"cha535popi060110";"Cha Cha";"060110";"535";"powder pink";"Sortiment";""
"  SKINS";"4054293071342";0,00;15.5.2026 00:00:00;;"cha535popi080080r";"Cha Cha";"080080r";"535";"powder pink";"Sortiment";"Ware in Bestellung -Ankunft geplant  "
"  SKINS";"4054293071304";0,00;15.5.2026 00:00:00;;"cha535popi080150";"Cha Cha";"080150";"535";"powder pink";"Sortiment";"Ware in Bestellung -Ankunft geplant  "
"  SKINS";"4054293071311";1,00;15.5.2026 00:00:00;;"cha535popi120170";"Cha Cha";"120170";"535";"powder pink";"Sortiment";"Ware in Bestellung -Ankunft geplant  "
"  SKINS";"4054293071328";1,00;15.5.2026 00:00:00;;"cha535popi160230";"Cha Cha";"160230";"535";"powder pink";"Sortiment";"Ware in Bestellung -Ankunft geplant  "
"  SKINS";"4054293125564";2,00;15.5.2026 00:00:00;;"cha535popi200290";"Cha Cha";"200290";"535";"popi";"Sortiment";"Ware in Bestellung -Ankunft geplant  "
"  SKINS";"4054293071236";60,00;15.5.2026 00:00:00;;"cha535silv060110";"Cha Cha";"060110";"535";"silver";"Sortiment";""
"  SKINS";"4054293071243";33,00;15.5.2026 00:00:00;;"cha535silv080080r";"Cha Cha";"080080r";"535";"silver";"Sortiment";""
"  SKINS";"4054293071205";9,00;15.5.2026 00:00:00;;"cha535silv080150";"Cha Cha";"080150";"535";"silver";"Sortiment";""
"  SKINS";"4054293071212";0,00;15.5.2026 00:00:00;;"cha535silv120170";"Cha Cha";"120170";"535";"silver";"Sortiment";"Ware in Bestellung -Ankunft geplant  "
"  SKINS";"4054293071229";13,00;15.5.2026 00:00:00;;"cha535silv160230";"Cha Cha";"160230";"535";"silver";"Sortiment";""
"  SKINS";"4054293125540";11,00;15.5.2026 00:00:00;;"cha535silv200290";"Cha Cha";"200290";"535";"silv";"Sortiment";""
"  SKINS";"4054293071380";34,00;15.5.2026 00:00:00;;"cha535taup060110";"Cha Cha";"060110";"535";"taupe";"Sortiment";""
"  SKINS";"4054293071397";0,00;15.5.2026 00:00:00;;"cha535taup080080r";"Cha Cha";"080080r";"535";"taupe";"Sortiment";"Ware in Bestellung -Ankunft geplant  "
"  SKINS";"4054293071359";63,00;15.5.2026 00:00:00;;"cha535taup080150";"Cha Cha";"080150";"535";"taupe";"Sortiment";""
"  SKINS";"4054293071366";55,00;15.5.2026 00:00:00;;"cha535taup120170";"Cha Cha";"120170";"535";"taupe";"Sortiment";""
"  SKINS";"4054293071373";61,00;15.5.2026 00:00:00;;"cha535taup160230";"Cha Cha";"160230";"535";"taupe";"Sortiment";""
"  SKINS";"4054293123935";140,00;15.5.2026 00:00:00;;"jam155mult030030";"Jamaica";"030030";"155";"mult";"Sortimentsverlasser";""
"  SKINS";"4054293110560";0,00;15.5.2026 00:00:00;;"jam155mult040060";"Jamaica";"040060";"155";"mult";"Sortimentsverlasser";"Ausläufer- kein weiterer Wareneingang"
"  SKINS";"4054293110553";0,00;15.5.2026 00:00:00;;"jam155mult060100";"Jamaica";"060100";"155";"mult";"Sortimentsverlasser";"Ausläufer- kein weiterer Wareneingang"
"  SKINS";"4054293110607";49,00;15.5.2026 00:00:00;;"jam155mult080080r";"Jamaica";"080080r";"155";"mult";"Sortimentsverlasser";""
"  SKINS";"4054293110546";12,00;15.5.2026 00:00:00;;"jam155mult080150";"Jamaica";"080150";"155";"mult";"Sortimentsverlasser";""
"  SKINS";"4054293110539";22,00;15.5.2026 00:00:00;;"jam155mult080300";"Jamaica";"080300";"155";"mult";"Sortimentsverlasser";""
"  SKINS";"4054293110522";0,00;15.5.2026 00:00:00;;"jam155mult120170";"Jamaica";"120170";"155";"mult";"Sortimentsverlasser";"Ausläufer- kein weiterer Wareneingang"
"  SKINS";"4054293110591";83,00;15.5.2026 00:00:00;;"jam155mult160160r";"Jamaica";"160160r";"155";"mult";"Sortimentsverlasser";""
"  SKINS";"4054293110577";28,00;15.5.2026 00:00:00;;"jam155mult160200s";"Jamaica";"160200s";"155";"mult";"Sortimentsverlasser";""
"  SKINS";"4054293110515";89,00;15.5.2026 00:00:00;;"jam155mult160230";"Jamaica";"160230";"155";"mult";"Sortimentsverlasser";""
"  SKINS";"4054293110133";0,00;15.5.2026 00:00:00;;"jaz730grey060110";"Jazz";"060110";"730";"grey";"Sortimentsverlasser";"Ausläufer- kein weiterer Wareneingang"
"  SKINS";"4054293109977";0,00;15.5.2026 00:00:00;;"jaz730grey080080r";"Jazz";"080080r";"730";"grey";"Sortimentsverlasser";"Ausläufer- kein weiterer Wareneingang"
"  SKINS";"4054293109939";0,00;15.5.2026 00:00:00;;"jaz730grey080150";"Jazz";"080150";"730";"grey";"Sortimentsverlasser";"Ausläufer- kein weiterer Wareneingang"
"  SKINS";"4054293110157";0,00;15.5.2026 00:00:00;;"jaz730grey120120r";"Jazz";"120120r";"730";"grey";"Sortimentsverlasser";"Ausläufer- kein weiterer Wareneingang"
"  SKINS";"4054293109946";0,00;15.5.2026 00:00:00;;"jaz730grey120170";"Jazz";"120170";"730";"grey";"Sortimentsverlasser";"Ausläufer- kein weiterer Wareneingang"
"  SKINS";"4054293110140";0,00;15.5.2026 00:00:00;;"jaz730grey140200";"Jazz";"140200";"730";"grey";"Sortimentsverlasser";"Ausläufer- kein weiterer Wareneingang"
"  SKINS";"4054293109953";0,00;15.5.2026 00:00:00;;"jaz730grey160230";"Jazz";"160230";"730";"grey";"Sortimentsverlasser";"Ausläufer- kein weiterer Wareneingang"
"  SKINS";"4054293109960";0,00;15.5.2026 00:00:00;;"jaz730grey200290";"Jazz";"200290";"730";"grey";"Sortimentsverlasser";"Ausläufer- kein weiterer Wareneingang"
"  SKINS";"4054293110225";0,00;15.5.2026 00:00:00;;"jaz730jade060110";"Jazz";"060110";"730";"jade";"Sortimentsverlasser";"Ausläufer- kein weiterer Wareneingang"
"  SKINS";"4054293110126";2,00;15.5.2026 00:00:00;;"jaz730jade080080r";"Jazz";"080080r";"730";"jade";"Sortimentsverlasser";"Ausläufer- kein weiterer Wareneingang"
"  SKINS";"4054293110089";0,00;15.5.2026 00:00:00;;"jaz730jade080150";"Jazz";"080150";"730";"jade";"Sortimentsverlasser";"Ausläufer- kein weiterer Wareneingang"
"  SKINS";"4054293110249";2,00;15.5.2026 00:00:00;;"jaz730jade120120r";"Jazz";"120120r";"730";"jade";"Sortimentsverlasser";"Ausläufer- kein weiterer Wareneingang"
"  SKINS";"4054293110096";0,00;15.5.2026 00:00:00;;"jaz730jade120170";"Jazz";"120170";"730";"jade";"Sortimentsverlasser";"Ausläufer- kein weiterer Wareneingang"
"  SKINS";"4054293110232";0,00;15.5.2026 00:00:00;;"jaz730jade140200";"Jazz";"140200";"730";"jade";"Sortimentsverlasser";"Ausläufer- kein weiterer Wareneingang"
"  SKINS";"4054293110102";0,00;15.5.2026 00:00:00;;"jaz730jade160230";"Jazz";"160230";"730";"jade";"Sortimentsverlasser";"Ausläufer- kein weiterer Wareneingang"
"  SKINS";"4054293110119";0,00;15.5.2026 00:00:00;;"jaz730jade200290";"Jazz";"200290";"730";"jade";"Sortimentsverlasser";"Ausläufer- kein weiterer Wareneingang"
"  SKINS";"4054293110195";0,00;15.5.2026 00:00:00;;"jaz730mauv060110";"Jazz";"060110";"730";"mauv";"Sortimentsverlasser";"Ausläufer- kein weiterer Wareneingang"
"  SKINS";"4054293110072";0,00;15.5.2026 00:00:00;;"jaz730mauv080080r";"Jazz";"080080r";"730";"mauv";"Sortimentsverlasser";"Ausläufer- kein weiterer Wareneingang"
"  SKINS";"4054293110034";0,00;15.5.2026 00:00:00;;"jaz730mauv080150";"Jazz";"080150";"730";"mauv";"Sortimentsverlasser";"Ausläufer- kein weiterer Wareneingang"
"  SKINS";"4054293110218";0,00;15.5.2026 00:00:00;;"jaz730mauv120120r";"Jazz";"120120r";"730";"mauv";"Sortimentsverlasser";"Ausläufer- kein weiterer Wareneingang"
"  SKINS";"4054293110041";0,00;15.5.2026 00:00:00;;"jaz730mauv120170";"Jazz";"120170";"730";"mauv";"Sortimentsverlasser";"Ausläufer- kein weiterer Wareneingang"
"  SKINS";"4054293110201";0,00;15.5.2026 00:00:00;;"jaz730mauv140200";"Jazz";"140200";"730";"mauv";"Sortimentsverlasser";"Ausläufer- kein weiterer Wareneingang"
"  SKINS";"4054293110058";0,00;15.5.2026 00:00:00;;"jaz730mauv160230";"Jazz";"160230";"730";"mauv";"Sortimentsverlasser";"Ausläufer- kein weiterer Wareneingang"
"  SKINS";"4054293110065";0,00;15.5.2026 00:00:00;;"jaz730mauv200290";"Jazz";"200290";"730";"mauv";"Sortimentsverlasser";"Ausläufer- kein weiterer Wareneingang"
"  SKINS";"4054293110164";0,00;15.5.2026 00:00:00;;"jaz730taup060110";"Jazz";"060110";"730";"taup";"Sortimentsverlasser";"Ausläufer- kein weiterer Wareneingang"
"  SKINS";"4054293110027";0,00;15.5.2026 00:00:00;;"jaz730taup080080r";"Jazz";"080080r";"730";"taup";"Sortimentsverlasser";"Ausläufer- kein weiterer Wareneingang"
"  SKINS";"4054293109984";0,00;15.5.2026 00:00:00;;"jaz730taup080150";"Jazz";"080150";"730";"taup";"Sortimentsverlasser";"Ausläufer- kein weiterer Wareneingang"
"  SKINS";"4054293110188";1,00;15.5.2026 00:00:00;;"jaz730taup120120r";"Jazz";"120120r";"730";"taup";"Sortimentsverlasser";"Ausläufer- kein weiterer Wareneingang"
"  SKINS";"4054293109991";0,00;15.5.2026 00:00:00;;"jaz730taup120170";"Jazz";"120170";"730";"taup";"Sortimentsverlasser";"Ausläufer- kein weiterer Wareneingang"
"  SKINS";"4054293110171";0,00;15.5.2026 00:00:00;;"jaz730taup140200";"Jazz";"140200";"730";"taup";"Sortimentsverlasser";"Ausläufer- kein weiterer Wareneingang"
"  SKINS";"4054293110003";0,00;15.5.2026 00:00:00;;"jaz730taup160230";"Jazz";"160230";"730";"taup";"Sortimentsverlasser";"Ausläufer- kein weiterer Wareneingang"
"  SKINS";"4054293110010";0,00;15.5.2026 00:00:00;;"jaz730taup200290";"Jazz";"200290";"730";"taup";"Sortimentsverlasser";"Ausläufer- kein weiterer Wareneingang"
"  SKINS";"4054293110805";254,00;15.5.2026 00:00:00;;"mon225anth040060";"Monaco";"040060";"225";"anth";"Sortimentsverlasser";""
"  SKINS";"4054293110799";0,00;15.5.2026 00:00:00;;"mon225anth060100";"Monaco";"060100";"225";"anth";"Sortimentsverlasser";"Ausläufer- kein weiterer Wareneingang"
"  SKINS";"4054293110843";0,00;15.5.2026 00:00:00;;"mon225anth080080r";"Monaco";"080080r";"225";"anth";"Sortimentsverlasser";"Ausläufer- kein weiterer Wareneingang"
"  SKINS";"4054293110782";0,00;15.5.2026 00:00:00;;"mon225anth080150";"Monaco";"080150";"225";"anth";"Sortimentsverlasser";"Ausläufer- kein weiterer Wareneingang"
"  SKINS";"4054293110775";29,00;15.5.2026 00:00:00;;"mon225anth080300";"Monaco";"080300";"225";"anth";"Sortimentsverlasser";""
"  SKINS";"4054293110768";12,00;15.5.2026 00:00:00;;"mon225anth120170";"Monaco";"120170";"225";"anth";"Sortimentsverlasser";""
"  SKINS";"4054293110836";28,00;15.5.2026 00:00:00;;"mon225anth160160r";"Monaco";"160160r";"225";"anth";"Sortimentsverlasser";""
"  SKINS";"4054293110812";28,00;15.5.2026 00:00:00;;"mon225anth160200s";"Monaco";"160200s";"225";"anth";"Sortimentsverlasser";""
"  SKINS";"4054293110751";0,00;15.5.2026 00:00:00;;"mon225anth160230";"Monaco";"160230";"225";"anth";"Sortimentsverlasser";"Ausläufer- kein weiterer Wareneingang"
"  SKINS";"4054293110829";31,00;15.5.2026 00:00:00;;"mon225anth200200r";"Monaco";"200200r";"225";"anth";"Sortimentsverlasser";""
"  SKINS";"4054293110744";74,00;15.5.2026 00:00:00;;"mon225anth200290";"Monaco";"200290";"225";"anth";"Sortimentsverlasser";""
"  SKINS";"4054293110911";240,00;15.5.2026 00:00:00;;"mon225ivor040060";"Monaco";"040060";"225";"ivor";"Sortimentsverlasser";""
"  SKINS";"4054293110904";0,00;15.5.2026 00:00:00;;"mon225ivor060100";"Monaco";"060100";"225";"ivor";"Sortimentsverlasser";"Ausläufer- kein weiterer Wareneingang"
"  SKINS";"4054293110959";0,00;15.5.2026 00:00:00;;"mon225ivor080080r";"Monaco";"080080r";"225";"ivor";"Sortimentsverlasser";"Ausläufer- kein weiterer Wareneingang"
"  SKINS";"4054293110898";0,00;15.5.2026 00:00:00;;"mon225ivor080150";"Monaco";"080150";"225";"ivor";"Sortimentsverlasser";"Ausläufer- kein weiterer Wareneingang"
"  SKINS";"4054293110881";25,00;15.5.2026 00:00:00;;"mon225ivor080300";"Monaco";"080300";"225";"ivor";"Sortimentsverlasser";""
"  SKINS";"4054293110874";10,00;15.5.2026 00:00:00;;"mon225ivor120170";"Monaco";"120170";"225";"ivor";"Sortimentsverlasser";""
"  SKINS";"4054293110942";25,00;15.5.2026 00:00:00;;"mon225ivor160160r";"Monaco";"160160r";"225";"ivor";"Sortimentsverlasser";""
"  SKINS";"4054293110928";34,00;15.5.2026 00:00:00;;"mon225ivor160200s";"Monaco";"160200s";"225";"ivor";"Sortimentsverlasser";""
"  SKINS";"4054293110867";0,00;15.5.2026 00:00:00;;"mon225ivor160230";"Monaco";"160230";"225";"ivor";"Sortimentsverlasser";"Ausläufer- kein weiterer Wareneingang"
"  SKINS";"4054293110935";27,00;15.5.2026 00:00:00;;"mon225ivor200200r";"Monaco";"200200r";"225";"ivor";"Sortimentsverlasser";""
"  SKINS";"4054293110850";0,00;15.5.2026 00:00:00;;"mon225ivor200290";"Monaco";"200290";"225";"ivor";"Sortimentsverlasser";"Ausläufer- kein weiterer Wareneingang"
"  SKINS";"4054293117019";255,00;15.5.2026 00:00:00;;"mon225silv040060";"Monaco";"040060";"225";"silv";"Sortimentsverlasser";""
"  SKINS";"4054293117002";0,00;15.5.2026 00:00:00;;"mon225silv060100";"Monaco";"060100";"225";"silv";"Sortimentsverlasser";"Ausläufer- kein weiterer Wareneingang"
"  SKINS";"4054293117057";0,00;15.5.2026 00:00:00;;"mon225silv080080r";"Monaco";"080080r";"225";"silv";"Sortimentsverlasser";"Ausläufer- kein weiterer Wareneingang"
"  SKINS";"4054293116999";16,00;15.5.2026 00:00:00;;"mon225silv080150";"Monaco";"080150";"225";"silv";"Sortimentsverlasser";""
"  SKINS";"4054293116982";35,00;15.5.2026 00:00:00;;"mon225silv080300";"Monaco";"080300";"225";"silv";"Sortimentsverlasser";""
"  SKINS";"4054293116975";74,00;15.5.2026 00:00:00;;"mon225silv120170";"Monaco";"120170";"225";"silv";"Sortimentsverlasser";""
"  SKINS";"4054293117040";25,00;15.5.2026 00:00:00;;"mon225silv160160r";"Monaco";"160160r";"225";"silv";"Sortimentsverlasser";""
"  SKINS";"4054293117026";21,00;15.5.2026 00:00:00;;"mon225silv160200s";"Monaco";"160200s";"225";"silv";"Sortimentsverlasser";""
"  SKINS";"4054293116968";112,00;15.5.2026 00:00:00;;"mon225silv160230";"Monaco";"160230";"225";"silv";"Sortimentsverlasser";""
"  SKINS";"4054293117033";27,00;15.5.2026 00:00:00;;"mon225silv200200r";"Monaco";"200200r";"225";"silv";"Sortimentsverlasser";""
"  SKINS";"4054293116951";23,00;15.5.2026 00:00:00;;"mon225silv200290";"Monaco";"200290";"225";"silv";"Sortimentsverlasser";""
"  SKINS";"4054293090145";66,00;15.5.2026 00:00:00;;"sab495anth055085";"Samba";"055085";"495";"anthracite";"Sortimentsverlasser";""
"  SKINS";"4054293069233";57,00;15.5.2026 00:00:00;;"sab495anth060110";"Samba";"060110";"495";"anthracite";"Sortimentsverlasser";""
"  SKINS";"4054293069356";61,00;15.5.2026 00:00:00;;"sab495anth080080r";"Samba";"080080r";"495";"anthracite";"Sortimentsverlasser";""
"  SKINS";"4054293069240";15,00;15.5.2026 00:00:00;;"sab495anth080150";"Samba";"080150";"495";"anthracite";"Sortimentsverlasser";""
"  SKINS";"4054293090121";16,00;15.5.2026 00:00:00;;"sab495anth120170";"Samba";"120170";"495";"anthracite";"Sortimentsverlasser";""
"  SKINS";"4054293069561";0,00;15.5.2026 00:00:00;;"sab495anth160160r";"Samba";"160160r";"495";"anthracite";"Sortimentsverlasser";"Ausläufer- kein weiterer Wareneingang"
"  SKINS";"4054293090138";31,00;15.5.2026 00:00:00;;"sab495anth160230";"Samba";"160230";"495";"anthracite";"Sortimentsverlasser";""
"  SKINS";"4054293106952";0,00;15.5.2026 00:00:00;;"sab495bord055085";"Samba";"055085";"495";"bordeaux";"Sortimentsverlasser";"Ausläufer- kein weiterer Wareneingang"
"  SKINS";"4054293106914";0,00;15.5.2026 00:00:00;;"sab495bord060110";"Samba";"060110";"495";"bordeaux";"Sortimentsverlasser";"Ausläufer- kein weiterer Wareneingang"
"  SKINS";"4054293106969";0,00;15.5.2026 00:00:00;;"sab495bord080080r";"Samba";"080080r";"495";"bordeaux";"Sortimentsverlasser";"Ausläufer- kein weiterer Wareneingang"
"  SKINS";"4054293106921";0,00;15.5.2026 00:00:00;;"sab495bord080150";"Samba";"080150";"495";"bordeaux";"Sortimentsverlasser";"Ausläufer- kein weiterer Wareneingang"
"  SKINS";"4054293106938";0,00;15.5.2026 00:00:00;;"sab495bord120170";"Samba";"120170";"495";"bordeaux";"Sortimentsverlasser";"Ausläufer- kein weiterer Wareneingang"
"  SKINS";"4054293106976";0,00;15.5.2026 00:00:00;;"sab495bord160160r";"Samba";"160160r";"495";"bordeaux";"Sortimentsverlasser";"Ausläufer- kein weiterer Wareneingang"
"  SKINS";"4054293106945";0,00;15.5.2026 00:00:00;;"sab495bord160230";"Samba";"160230";"495";"bordeaux";"Sortimentsverlasser";"Ausläufer- kein weiterer Wareneingang"
"  SKINS";"4054293090244";0,00;15.5.2026 00:00:00;;"sab495ivor055085";"Samba";"055085";"495";"ivory";"Sortimentsverlasser";"Ausläufer- kein weiterer Wareneingang"
"  SKINS";"4054293090206";0,00;15.5.2026 00:00:00;;"sab495ivor060110";"Samba";"060110";"495";"ivory";"Sortimentsverlasser";"Ausläufer- kein weiterer Wareneingang"
"  SKINS";"4054293090565";0,00;15.5.2026 00:00:00;;"sab495ivor080080r";"Samba";"080080r";"495";"ivory";"Sortimentsverlasser";"Ausläufer- kein weiterer Wareneingang"
"  SKINS";"4054293090213";11,00;15.5.2026 00:00:00;;"sab495ivor080150";"Samba";"080150";"495";"ivory";"Sortimentsverlasser";""
"  SKINS";"4054293090220";1,00;15.5.2026 00:00:00;;"sab495ivor120170";"Samba";"120170";"495";"ivory";"Sortimentsverlasser";"Ausläufer- kein weiterer Wareneingang"
"  SKINS";"4054293091104";2,00;15.5.2026 00:00:00;;"sab495ivor160160r";"Samba";"160160r";"495";"ivory";"Sortimentsverlasser";"Ausläufer- kein weiterer Wareneingang"
"  SKINS";"4054293090237";0,00;15.5.2026 00:00:00;;"sab495ivor160230";"Samba";"160230";"495";"ivory";"Sortimentsverlasser";"Ausläufer- kein weiterer Wareneingang"
"  SKINS";"4054293097113";22,00;15.5.2026 00:00:00;;"sab495mauv055085";"Samba";"055085";"495";"mauve";"Sortimentsverlasser";""
"  SKINS";"4054293097076";111,00;15.5.2026 00:00:00;;"sab495mauv060110";"Samba";"060110";"495";"mauve";"Sortimentsverlasser";""
"  SKINS";"4054293097137";8,00;15.5.2026 00:00:00;;"sab495mauv080080r";"Samba";"080080r";"495";"mauve";"Sortimentsverlasser";""
"  SKINS";"4054293097083";27,00;15.5.2026 00:00:00;;"sab495mauv080150";"Samba";"080150";"495";"mauve";"Sortimentsverlasser";""
"  SKINS";"4054293097090";65,00;15.5.2026 00:00:00;;"sab495mauv120170";"Samba";"120170";"495";"mauve";"Sortimentsverlasser";""
"  SKINS";"4054293090299";0,00;15.5.2026 00:00:00;;"sab495popi055085";"Samba";"055085";"495";"powder pink";"Sortimentsverlasser";"Ausläufer- kein weiterer Wareneingang"
"  SKINS";"4054293090251";0,00;15.5.2026 00:00:00;;"sab495popi060110";"Samba";"060110";"495";"powder pink";"Sortimentsverlasser";"Ausläufer- kein weiterer Wareneingang"
"  SKINS";"4054293090572";0,00;15.5.2026 00:00:00;;"sab495popi080080r";"Samba";"080080r";"495";"powder pink";"Sortimentsverlasser";"Ausläufer- kein weiterer Wareneingang"
"  SKINS";"4054293090268";0,00;15.5.2026 00:00:00;;"sab495popi080150";"Samba";"080150";"495";"powder pink";"Sortimentsverlasser";"Ausläufer- kein weiterer Wareneingang"
"  SKINS";"4054293090275";0,00;15.5.2026 00:00:00;;"sab495popi120170";"Samba";"120170";"495";"powder pink";"Sortimentsverlasser";"Ausläufer- kein weiterer Wareneingang"
"  SKINS";"4054293091111";0,00;15.5.2026 00:00:00;;"sab495popi160160r";"Samba";"160160r";"495";"powder pink";"Sortimentsverlasser";"Ausläufer- kein weiterer Wareneingang"
"  SKINS";"4054293090282";0,00;15.5.2026 00:00:00;;"sab495popi160230";"Samba";"160230";"495";"powder pink";"Sortimentsverlasser";"Ausläufer- kein weiterer Wareneingang"
"  SKINS";"4054293090343";0,00;15.5.2026 00:00:00;;"sab495silv055085";"Samba";"055085";"495";"silver";"Sortimentsverlasser";"Ausläufer- kein weiterer Wareneingang"
"  SKINS";"4054293090305";0,00;15.5.2026 00:00:00;;"sab495silv060110";"Samba";"060110";"495";"silver";"Sortimentsverlasser";"Ausläufer- kein weiterer Wareneingang"
"  SKINS";"4054293090589";0,00;15.5.2026 00:00:00;;"sab495silv080080r";"Samba";"080080r";"495";"silver";"Sortimentsverlasser";"Ausläufer- kein weiterer Wareneingang"
"  SKINS";"4054293090312";0,00;15.5.2026 00:00:00;;"sab495silv080150";"Samba";"080150";"495";"silver";"Sortimentsverlasser";"Ausläufer- kein weiterer Wareneingang"
"  SKINS";"4054293090329";0,00;15.5.2026 00:00:00;;"sab495silv120170";"Samba";"120170";"495";"silver";"Sortimentsverlasser";"Ausläufer- kein weiterer Wareneingang"
"  SKINS";"4054293091128";5,00;15.5.2026 00:00:00;;"sab495silv160160r";"Samba";"160160r";"495";"silver";"Sortimentsverlasser";"Ausläufer- kein weiterer Wareneingang"
"  SKINS";"4054293090336";0,00;15.5.2026 00:00:00;;"sab495silv160230";"Samba";"160230";"495";"silver";"Sortimentsverlasser";"Ausläufer- kein weiterer Wareneingang"
"  SKINS";"4054293090398";0,00;15.5.2026 00:00:00;;"sab495taup055085";"Samba";"055085";"495";"taupe";"Sortimentsverlasser";"Ausläufer- kein weiterer Wareneingang"
"  SKINS";"4054293090350";0,00;15.5.2026 00:00:00;;"sab495taup060110";"Samba";"060110";"495";"taupe";"Sortimentsverlasser";"Ausläufer- kein weiterer Wareneingang"
"  SKINS";"4054293090596";6,00;15.5.2026 00:00:00;;"sab495taup080080r";"Samba";"080080r";"495";"taupe";"Sortimentsverlasser";""
"  SKINS";"4054293090367";0,00;15.5.2026 00:00:00;;"sab495taup080150";"Samba";"080150";"495";"taupe";"Sortimentsverlasser";"Ausläufer- kein weiterer Wareneingang"
"  SKINS";"4054293090374";0,00;15.5.2026 00:00:00;;"sab495taup120170";"Samba";"120170";"495";"taupe";"Sortimentsverlasser";"Ausläufer- kein weiterer Wareneingang"
"  SKINS";"4054293091135";6,00;15.5.2026 00:00:00;;"sab495taup160160r";"Samba";"160160r";"495";"taupe";"Sortimentsverlasser";""
"  SKINS";"4054293090381";0,00;15.5.2026 00:00:00;;"sab495taup160230";"Samba";"160230";"495";"taupe";"Sortimentsverlasser";"Ausläufer- kein weiterer Wareneingang"
"  SKINS";"4054293110706";0,00;15.5.2026 00:00:00;;"sfa165crea040060";"Safari";"040060";"165";"crea";"Sortimentsverlasser";"Ausläufer- kein weiterer Wareneingang"
"  SKINS";"4054293110690";0,00;15.5.2026 00:00:00;;"sfa165crea060100";"Safari";"060100";"165";"crea";"Sortimentsverlasser";"Ausläufer- kein weiterer Wareneingang"
"  SKINS";"4054293110737";0,00;15.5.2026 00:00:00;;"sfa165crea080080r";"Safari";"080080r";"165";"crea";"Sortimentsverlasser";"Ausläufer- kein weiterer Wareneingang"
"  SKINS";"4054293110683";0,00;15.5.2026 00:00:00;;"sfa165crea080150";"Safari";"080150";"165";"crea";"Sortimentsverlasser";"Ausläufer- kein weiterer Wareneingang"
"  SKINS";"4054293110676";21,00;15.5.2026 00:00:00;;"sfa165crea080300";"Safari";"080300";"165";"crea";"Sortimentsverlasser";""
"  SKINS";"4054293110669";0,00;15.5.2026 00:00:00;;"sfa165crea120170";"Safari";"120170";"165";"crea";"Sortimentsverlasser";"Ausläufer- kein weiterer Wareneingang"
"  SKINS";"4054293110720";0,00;15.5.2026 00:00:00;;"sfa165crea160160r";"Safari";"160160r";"165";"crea";"Sortimentsverlasser";"Ausläufer- kein weiterer Wareneingang"
"  SKINS";"4054293110713";0,00;15.5.2026 00:00:00;;"sfa165crea160200s";"Safari";"160200s";"165";"crea";"Sortimentsverlasser";"Ausläufer- kein weiterer Wareneingang"
"  SKINS";"4054293110652";0,00;15.5.2026 00:00:00;;"sfa165crea160230";"Safari";"160230";"165";"crea";"Sortimentsverlasser";"Ausläufer- kein weiterer Wareneingang"
"  SKINS";"4054293069929";89,00;15.5.2026 00:00:00;;"tol190blwh155190";"Toledo";"155190";"190";"black-white";"Sortimentsverlasser";""
"  SKINS";"4054293069936";50,00;15.5.2026 00:00:00;;"tol191brwh155190";"Toledo";"155190";"191";"brown-white";"Sortimentsverlasser";""
"  SKINS";"4054293069943";21,00;15.5.2026 00:00:00;;"tol192blwh155190";"Toledo";"155190";"192";"black-white";"Sortimentsverlasser";""
"  SKINS";"4054293069950";96,00;15.5.2026 00:00:00;;"tol193grey155190";"Toledo";"155190";"193";"grey";"Sortimentsverlasser";""
"  SKINS";"4054293069967";109,00;15.5.2026 00:00:00;;"tol194brow155190";"Toledo";"155190";"194";"brown";"Sortimentsverlasser";""
"  SKINS";"4054293069974";0,00;15.5.2026 00:00:00;;"tol195brow155190";"Toledo";"155190";"195";"brown";"Sortimentsverlasser";"Ausläufer- kein weiterer Wareneingang"
"  SKINS";"4054293111130";0,00;15.5.2026 00:00:00;;"vay245anth040060";"Valley";"040060";"245";"anth";"Sortimentsverlasser";"Ausläufer- kein weiterer Wareneingang"
"  SKINS";"4054293111123";71,00;15.5.2026 00:00:00;;"vay245anth060100";"Valley";"060100";"245";"anth";"Sortimentsverlasser";""
"  SKINS";"4054293111178";0,00;15.5.2026 00:00:00;;"vay245anth080080r";"Valley";"080080r";"245";"anth";"Sortimentsverlasser";"Ausläufer- kein weiterer Wareneingang"
"  SKINS";"4054293111116";105,00;15.5.2026 00:00:00;;"vay245anth080150";"Valley";"080150";"245";"anth";"Sortimentsverlasser";""
"  SKINS";"4054293111109";42,00;15.5.2026 00:00:00;;"vay245anth080300";"Valley";"080300";"245";"anth";"Sortimentsverlasser";""
"  SKINS";"4054293111093";29,00;15.5.2026 00:00:00;;"vay245anth120170";"Valley";"120170";"245";"anth";"Sortimentsverlasser";""
"  SKINS";"4054293111161";20,00;15.5.2026 00:00:00;;"vay245anth160160r";"Valley";"160160r";"245";"anth";"Sortimentsverlasser";""
"  SKINS";"4054293111147";19,00;15.5.2026 00:00:00;;"vay245anth160200s";"Valley";"160200s";"245";"anth";"Sortimentsverlasser";""
"  SKINS";"4054293111086";28,00;15.5.2026 00:00:00;;"vay245anth160230";"Valley";"160230";"245";"anth";"Sortimentsverlasser";""
"  SKINS";"4054293111154";0,00;15.5.2026 00:00:00;;"vay245anth200200r";"Valley";"200200r";"245";"anth";"Sortimentsverlasser";"Ausläufer- kein weiterer Wareneingang"
"  SKINS";"4054293111079";0,00;15.5.2026 00:00:00;;"vay245anth200290";"Valley";"200290";"245";"anth";"Sortimentsverlasser";"Ausläufer- kein weiterer Wareneingang"
"  SKINS";"4054293111352";197,00;15.5.2026 00:00:00;;"vay245ivor040060";"Valley";"040060";"245";"ivor";"Sortiment";""
"  SKINS";"4054293111345";189,00;15.5.2026 00:00:00;;"vay245ivor060100";"Valley";"060100";"245";"ivor";"Sortiment";""
"  SKINS";"4054293111390";0,00;15.5.2026 00:00:00;;"vay245ivor080080r";"Valley";"080080r";"245";"ivor";"Sortiment";"Ware in Bestellung -Ankunft geplant  "
"  SKINS";"4054293111338";67,00;15.5.2026 00:00:00;;"vay245ivor080150";"Valley";"080150";"245";"ivor";"Sortiment";""
"  SKINS";"4054293111321";48,00;15.5.2026 00:00:00;;"vay245ivor080300";"Valley";"080300";"245";"ivor";"Sortiment";""
"  SKINS";"4054293111314";0,00;15.5.2026 00:00:00;;"vay245ivor120170";"Valley";"120170";"245";"ivor";"Sortiment";"Ware in Bestellung -Ankunft geplant  "
"  SKINS";"4054293111383";22,00;15.5.2026 00:00:00;;"vay245ivor160160r";"Valley";"160160r";"245";"ivor";"Sortiment";""
"  SKINS";"4054293111369";16,00;15.5.2026 00:00:00;;"vay245ivor160200s";"Valley";"160200s";"245";"ivor";"Sortiment";""
"  SKINS";"4054293111307";39,00;15.5.2026 00:00:00;;"vay245ivor160230";"Valley";"160230";"245";"ivor";"Sortiment";""
"  SKINS";"4054293111376";0,00;15.5.2026 00:00:00;;"vay245ivor200200r";"Valley";"200200r";"245";"ivor";"Sortiment";"Ware in Bestellung -Ankunft geplant  "
"  SKINS";"4054293111291";56,00;15.5.2026 00:00:00;;"vay245ivor200290";"Valley";"200290";"245";"ivor";"Sortiment";""
"  SKINS";"4054293111574";0,00;15.5.2026 00:00:00;;"vay245silv040060";"Valley";"040060";"245";"silv";"Sortimentsverlasser";"Ausläufer- kein weiterer Wareneingang"
"  SKINS";"4054293111567";0,00;15.5.2026 00:00:00;;"vay245silv060100";"Valley";"060100";"245";"silv";"Sortimentsverlasser";"Ausläufer- kein weiterer Wareneingang"
"  SKINS";"4054293111611";0,00;15.5.2026 00:00:00;;"vay245silv080080r";"Valley";"080080r";"245";"silv";"Sortimentsverlasser";"Ausläufer- kein weiterer Wareneingang"
"  SKINS";"4054293111550";22,00;15.5.2026 00:00:00;;"vay245silv080150";"Valley";"080150";"245";"silv";"Sortimentsverlasser";""
"  SKINS";"4054293111543";48,00;15.5.2026 00:00:00;;"vay245silv080300";"Valley";"080300";"245";"silv";"Sortimentsverlasser";""
"  SKINS";"4054293111536";0,00;15.5.2026 00:00:00;;"vay245silv120170";"Valley";"120170";"245";"silv";"Sortimentsverlasser";"Ausläufer- kein weiterer Wareneingang"
"  SKINS";"4054293111604";12,00;15.5.2026 00:00:00;;"vay245silv160160r";"Valley";"160160r";"245";"silv";"Sortimentsverlasser";""
"  SKINS";"4054293111581";15,00;15.5.2026 00:00:00;;"vay245silv160200s";"Valley";"160200s";"245";"silv";"Sortimentsverlasser";""
"  SKINS";"4054293111529";31,00;15.5.2026 00:00:00;;"vay245silv160230";"Valley";"160230";"245";"silv";"Sortimentsverlasser";""
"  SKINS";"4054293111598";0,00;15.5.2026 00:00:00;;"vay245silv200200r";"Valley";"200200r";"245";"silv";"Sortimentsverlasser";"Ausläufer- kein weiterer Wareneingang"
"  SKINS";"4054293111512";0,00;15.5.2026 00:00:00;;"vay245silv200290";"Valley";"200290";"245";"silv";"Sortimentsverlasser";"Ausläufer- kein weiterer Wareneingang"
"  SKINS";"4054293111796";148,00;15.5.2026 00:00:00;;"wav305blue040060";"Waves";"040060";"305";"blue";"Sortimentsverlasser";""
"  SKINS";"4054293111789";36,00;15.5.2026 00:00:00;;"wav305blue060100";"Waves";"060100";"305";"blue";"Sortimentsverlasser";""
"  SKINS";"4054293111772";54,00;15.5.2026 00:00:00;;"wav305blue080150";"Waves";"080150";"305";"blue";"Sortimentsverlasser";""
"  SKINS";"4054293111765";0,00;15.5.2026 00:00:00;;"wav305blue080300";"Waves";"080300";"305";"blue";"Sortimentsverlasser";"Ausläufer- kein weiterer Wareneingang"
"  SKINS";"4054293111758";56,00;15.5.2026 00:00:00;;"wav305blue120170";"Waves";"120170";"305";"blue";"Sortimentsverlasser";""
"  SKINS";"4054293111741";32,00;15.5.2026 00:00:00;;"wav305blue160230";"Waves";"160230";"305";"blue";"Sortimentsverlasser";""
"  SKINS";"4054293111734";0,00;15.5.2026 00:00:00;;"wav305blue200290";"Waves";"200290";"305";"blue";"Sortimentsverlasser";"Ausläufer- kein weiterer Wareneingang"
"  SKINS";"4054293111864";134,00;15.5.2026 00:00:00;;"wav305silv040060";"Waves";"040060";"305";"silv";"Sortimentsverlasser";""
"  SKINS";"4054293111857";31,00;15.5.2026 00:00:00;;"wav305silv060100";"Waves";"060100";"305";"silv";"Sortimentsverlasser";""
"  SKINS";"4054293111840";58,00;15.5.2026 00:00:00;;"wav305silv080150";"Waves";"080150";"305";"silv";"Sortimentsverlasser";""
"  SKINS";"4054293111833";0,00;15.5.2026 00:00:00;;"wav305silv080300";"Waves";"080300";"305";"silv";"Sortimentsverlasser";"Ausläufer- kein weiterer Wareneingang"
"  SKINS";"4054293111826";27,00;15.5.2026 00:00:00;;"wav305silv120170";"Waves";"120170";"305";"silv";"Sortimentsverlasser";""
"  SKINS";"4054293111819";26,00;15.5.2026 00:00:00;;"wav305silv160230";"Waves";"160230";"305";"silv";"Sortimentsverlasser";""
"  SKINS";"4054293111802";21,00;15.5.2026 00:00:00;;"wav305silv200290";"Waves";"200290";"305";"silv";"Sortimentsverlasser";""
"  SKINS";"4054293111932";129,00;15.5.2026 00:00:00;;"wav305taup040060";"Waves";"040060";"305";"taup";"Sortimentsverlasser";""
"  SKINS";"4054293111925";0,00;15.5.2026 00:00:00;;"wav305taup060100";"Waves";"060100";"305";"taup";"Sortimentsverlasser";"Ausläufer- kein weiterer Wareneingang"
"  SKINS";"4054293111918";41,00;15.5.2026 00:00:00;;"wav305taup080150";"Waves";"080150";"305";"taup";"Sortimentsverlasser";""
"  SKINS";"4054293111901";2,00;15.5.2026 00:00:00;;"wav305taup080300";"Waves";"080300";"305";"taup";"Sortimentsverlasser";"Ausläufer- kein weiterer Wareneingang"
"  SKINS";"4054293111895";0,00;15.5.2026 00:00:00;;"wav305taup120170";"Waves";"120170";"305";"taup";"Sortimentsverlasser";"Ausläufer- kein weiterer Wareneingang"
"  SKINS";"4054293111888";1,00;15.5.2026 00:00:00;;"wav305taup160230";"Waves";"160230";"305";"taup";"Sortimentsverlasser";"Ausläufer- kein weiterer Wareneingang"
"  SKINS";"4054293111871";21,00;15.5.2026 00:00:00;;"wav305taup200290";"Waves";"200290";"305";"taup";"Sortimentsverlasser";""
" Meghan Lalee";"4054293125793";85,00;15.5.2026 00:00:00;;"avg101grey080150";"Avantgarde";"080150";"101";"grey";"Sortiment";""
" Meghan Lalee";"4054293125809";104,00;15.5.2026 00:00:00;;"avg101grey120170";"Avantgarde";"120170";"101";"grey";"Sortiment";""
" Meghan Lalee";"4054293125816";114,00;15.5.2026 00:00:00;;"avg101grey160230";"Avantgarde";"160230";"101";"grey";"Sortiment";""
" Meghan Lalee";"4054293125823";54,00;15.5.2026 00:00:00;;"avg101grey200290";"Avantgarde";"200290";"101";"grey";"Sortiment";""
" Meghan Lalee";"4054293125830";24,00;15.5.2026 00:00:00;;"avg101grey230330";"Avantgarde";"230330";"101";"grey";"Sortiment";""
" Meghan Lalee";"4054293125892";112,00;15.5.2026 00:00:00;;"avg102beig080150";"Avantgarde";"080150";"102";"beig";"Sortiment";""
" Meghan Lalee";"4054293125908";244,00;15.5.2026 00:00:00;;"avg102beig120170";"Avantgarde";"120170";"102";"beig";"Sortiment";""
" Meghan Lalee";"4054293125915";129,00;15.5.2026 00:00:00;;"avg102beig160230";"Avantgarde";"160230";"102";"beig";"Sortiment";""
" Meghan Lalee";"4054293125922";65,00;15.5.2026 00:00:00;;"avg102beig200290";"Avantgarde";"200290";"102";"beig";"Sortiment";""
" Meghan Lalee";"4054293125939";18,00;15.5.2026 00:00:00;;"avg102beig230330";"Avantgarde";"230330";"102";"beig";"Sortiment";""
" Meghan Lalee";"4054293125946";138,00;15.5.2026 00:00:00;;"avg103grey080150";"Avantgarde";"080150";"103";"grey";"Sortiment";""
" Meghan Lalee";"4054293125953";129,00;15.5.2026 00:00:00;;"avg103grey120170";"Avantgarde";"120170";"103";"grey";"Sortiment";""
" Meghan Lalee";"4054293125960";153,00;15.5.2026 00:00:00;;"avg103grey160230";"Avantgarde";"160230";"103";"grey";"Sortiment";""
" Meghan Lalee";"4054293125977";79,00;15.5.2026 00:00:00;;"avg103grey200290";"Avantgarde";"200290";"103";"grey";"Sortiment";""
" Meghan Lalee";"4054293125984";36,00;15.5.2026 00:00:00;;"avg103grey230330";"Avantgarde";"230330";"103";"grey";"Sortiment";""
" Meghan Lalee";"4054293125991";125,00;15.5.2026 00:00:00;;"avg104taup080150";"Avantgarde";"080150";"104";"taup";"Sortiment";""
" Meghan Lalee";"4054293126004";123,00;15.5.2026 00:00:00;;"avg104taup120170";"Avantgarde";"120170";"104";"taup";"Sortiment";""
" Meghan Lalee";"4054293126011";146,00;15.5.2026 00:00:00;;"avg104taup160230";"Avantgarde";"160230";"104";"taup";"Sortiment";""
" Meghan Lalee";"4054293126028";68,00;15.5.2026 00:00:00;;"avg104taup200290";"Avantgarde";"200290";"104";"taup";"Sortiment";""
" Meghan Lalee";"4054293126035";29,00;15.5.2026 00:00:00;;"avg104taup230330";"Avantgarde";"230330";"104";"taup";"Sortiment";""
" Meghan Lalee";"4054293126042";110,00;15.5.2026 00:00:00;;"avg105grey080150";"Avantgarde";"080150";"105";"grey";"Sortiment";""
" Meghan Lalee";"4054293126059";225,00;15.5.2026 00:00:00;;"avg105grey120170";"Avantgarde";"120170";"105";"grey";"Sortiment";""
" Meghan Lalee";"4054293126066";127,00;15.5.2026 00:00:00;;"avg105grey160230";"Avantgarde";"160230";"105";"grey";"Sortiment";""
" Meghan Lalee";"4054293126073";71,00;15.5.2026 00:00:00;;"avg105grey200290";"Avantgarde";"200290";"105";"grey";"Sortiment";""
" Meghan Lalee";"4054293126080";26,00;15.5.2026 00:00:00;;"avg105grey230330";"Avantgarde";"230330";"105";"grey";"Sortiment";""
" Meghan Lalee";"4054293126097";0,00;15.5.2026 00:00:00;;"avg106taup080150";"Avantgarde";"080150";"106";"taup";"Sortiment";"Ware in Bestellung -Ankunft geplant  "
" Meghan Lalee";"4054293126103";16,00;15.5.2026 00:00:00;;"avg106taup120170";"Avantgarde";"120170";"106";"taup";"Sortiment";""
" Meghan Lalee";"4054293126110";41,00;15.5.2026 00:00:00;;"avg106taup160230";"Avantgarde";"160230";"106";"taup";"Sortiment";""
" Meghan Lalee";"4054293126127";72,00;15.5.2026 00:00:00;;"avg106taup200290";"Avantgarde";"200290";"106";"taup";"Sortiment";""
" Meghan Lalee";"4054293126134";26,00;15.5.2026 00:00:00;;"avg106taup230330";"Avantgarde";"230330";"106";"taup";"Sortiment";""
" Meghan Lalee";"4054293126240";137,00;15.5.2026 00:00:00;;"avg107taup080150";"Avantgarde";"080150";"107";"taup";"Sortiment";""
" Meghan Lalee";"4054293126257";122,00;15.5.2026 00:00:00;;"avg107taup120170";"Avantgarde";"120170";"107";"taup";"Sortiment";""
" Meghan Lalee";"4054293126264";149,00;15.5.2026 00:00:00;;"avg107taup160230";"Avantgarde";"160230";"107";"taup";"Sortiment";""
" Meghan Lalee";"4054293126271";71,00;15.5.2026 00:00:00;;"avg107taup200290";"Avantgarde";"200290";"107";"taup";"Sortiment";""
" Meghan Lalee";"4054293126288";33,00;15.5.2026 00:00:00;;"avg107taup230330";"Avantgarde";"230330";"107";"taup";"Sortiment";""
" Meghan Lalee";"4054293126394";0,00;15.5.2026 00:00:00;;"avg109mult080150";"Avantgarde";"080150";"109";"mult";"Sortiment";"Ware in Bestellung -Ankunft geplant  "
" Meghan Lalee";"4054293126400";0,00;15.5.2026 00:00:00;;"avg109mult120170";"Avantgarde";"120170";"109";"mult";"Sortiment";"Ware in Bestellung -Ankunft geplant  "
" Meghan Lalee";"4054293126417";13,00;15.5.2026 00:00:00;;"avg109mult160230";"Avantgarde";"160230";"109";"mult";"Sortiment";""
" Meghan Lalee";"4054293126424";55,00;15.5.2026 00:00:00;;"avg109mult200290";"Avantgarde";"200290";"109";"mult";"Sortiment";""
" Meghan Lalee";"4054293126431";25,00;15.5.2026 00:00:00;;"avg109mult230330";"Avantgarde";"230330";"109";"mult";"Sortiment";""
" Meghan Lalee";"4054293126943";3,00;15.5.2026 00:00:00;;"avg110anth120170";"Avantgarde";"120170";"110";"anth";"Sortiment";"Ware in Bestellung -Ankunft geplant  "
" Meghan Lalee";"4054293127544";830,00;15.5.2026 00:00:00;;"avg111crea080150";"Avantgarde";"080150";"111";"crea";"Sortiment";""
" Meghan Lalee";"4054293127551";630,00;15.5.2026 00:00:00;;"avg111crea120170";"Avantgarde";"120170";"111";"crea";"Sortiment";""
" Meghan Lalee";"4054293127568";630,00;15.5.2026 00:00:00;;"avg111crea160230";"Avantgarde";"160230";"111";"crea";"Sortiment";""
" Meghan Lalee";"4054293127513";430,00;15.5.2026 00:00:00;;"avg111grey080150";"Avantgarde";"080150";"111";"grey";"Sortiment";""
" Meghan Lalee";"4054293127520";330,00;15.5.2026 00:00:00;;"avg111grey120170";"Avantgarde";"120170";"111";"grey";"Sortiment";""
" Meghan Lalee";"4054293127537";330,00;15.5.2026 00:00:00;;"avg111grey160230";"Avantgarde";"160230";"111";"grey";"Sortiment";""
" Meghan Lalee";"4054293124758";0,00;15.5.2026 00:00:00;;"bea233grey080150";"Bella";"080150";"233";"grey";"Sortimentsverlasser";"Ausläufer- kein weiterer Wareneingang"
" Meghan Lalee";"4054293124741";2,00;15.5.2026 00:00:00;;"bea233grey080300";"Bella";"080300";"233";"grey";"Sortimentsverlasser";"Ausläufer- kein weiterer Wareneingang"
" Meghan Lalee";"4054293124734";0,00;15.5.2026 00:00:00;;"bea233grey120170";"Bella";"120170";"233";"grey";"Sortimentsverlasser";"Ausläufer- kein weiterer Wareneingang"
" Meghan Lalee";"4054293124727";6,00;15.5.2026 00:00:00;;"bea233grey140200";"Bella";"140200";"233";"grey";"Sortimentsverlasser";""
" Meghan Lalee";"4054293124710";0,00;15.5.2026 00:00:00;;"bea233grey160230";"Bella";"160230";"233";"grey";"Sortimentsverlasser";"Ausläufer- kein weiterer Wareneingang"
" Meghan Lalee";"4054293124703";0,00;15.5.2026 00:00:00;;"bea233grey200290";"Bella";"200290";"233";"grey";"Sortimentsverlasser";"Ausläufer- kein weiterer Wareneingang"
" Meghan Lalee";"4054293124697";0,00;15.5.2026 00:00:00;;"bea233grey240300";"Bella";"240300";"233";"grey";"Sortimentsverlasser";"Ausläufer- kein weiterer Wareneingang"
" Meghan Lalee";"4054293124826";27,00;15.5.2026 00:00:00;;"bea234crea080150";"Bella";"080150";"234";"crea";"Sortimentsverlasser";""
" Meghan Lalee";"4054293124819";0,00;15.5.2026 00:00:00;;"bea234crea080300";"Bella";"080300";"234";"crea";"Sortimentsverlasser";"Ausläufer- kein weiterer Wareneingang"
" Meghan Lalee";"4054293124802";0,00;15.5.2026 00:00:00;;"bea234crea120170";"Bella";"120170";"234";"crea";"Sortimentsverlasser";"Ausläufer- kein weiterer Wareneingang"
" Meghan Lalee";"4054293124789";0,00;15.5.2026 00:00:00;;"bea234crea160230";"Bella";"160230";"234";"crea";"Sortimentsverlasser";"Ausläufer- kein weiterer Wareneingang"
" Meghan Lalee";"4054293124772";0,00;15.5.2026 00:00:00;;"bea234crea200290";"Bella";"200290";"234";"crea";"Sortimentsverlasser";"Ausläufer- kein weiterer Wareneingang"
" Meghan Lalee";"4054293124765";0,00;15.5.2026 00:00:00;;"bea234crea240300";"Bella";"240300";"234";"crea";"Sortimentsverlasser";"Ausläufer- kein weiterer Wareneingang"
" Meghan Lalee";"4054293124055";44,00;15.5.2026 00:00:00;;"bea235grey080150";"Bella";"080150";"235";"grey";"Sortimentsverlasser";""
" Meghan Lalee";"4054293124048";0,00;15.5.2026 00:00:00;;"bea235grey080300";"Bella";"080300";"235";"grey";"Sortimentsverlasser";"Ausläufer- kein weiterer Wareneingang"
" Meghan Lalee";"4054293124031";71,00;15.5.2026 00:00:00;;"bea235grey120170";"Bella";"120170";"235";"grey";"Sortimentsverlasser";""
" Meghan Lalee";"4054293124017";0,00;15.5.2026 00:00:00;;"bea235grey160230";"Bella";"160230";"235";"grey";"Sortimentsverlasser";"Ausläufer- kein weiterer Wareneingang"
" Meghan Lalee";"4054293124000";0,00;15.5.2026 00:00:00;;"bea235grey200290";"Bella";"200290";"235";"grey";"Sortimentsverlasser";"Ausläufer- kein weiterer Wareneingang"
" Meghan Lalee";"4054293125113";0,00;15.5.2026 00:00:00;;"bea235grey240300";"Bella";"240300";"235";"grey";"Sortimentsverlasser";"Ausläufer- kein weiterer Wareneingang"
" Meghan Lalee";"4054293124215";46,00;15.5.2026 00:00:00;;"bea235taup080150";"Bella";"080150";"235";"taup";"Sortimentsverlasser";""
" Meghan Lalee";"4054293124208";1,00;15.5.2026 00:00:00;;"bea235taup080300";"Bella";"080300";"235";"taup";"Sortimentsverlasser";"Ausläufer- kein weiterer Wareneingang"
" Meghan Lalee";"4054293124192";87,00;15.5.2026 00:00:00;;"bea235taup120170";"Bella";"120170";"235";"taup";"Sortimentsverlasser";""
" Meghan Lalee";"4054293124178";6,00;15.5.2026 00:00:00;;"bea235taup160230";"Bella";"160230";"235";"taup";"Sortimentsverlasser";""
" Meghan Lalee";"4054293124161";0,00;15.5.2026 00:00:00;;"bea235taup200290";"Bella";"200290";"235";"taup";"Sortimentsverlasser";"Ausläufer- kein weiterer Wareneingang"
" Meghan Lalee";"4054293125120";4,00;15.5.2026 00:00:00;;"bea235taup240300";"Bella";"240300";"235";"taup";"Sortimentsverlasser";"Ausläufer- kein weiterer Wareneingang"
" Meghan Lalee";"4054293124895";0,00;15.5.2026 00:00:00;;"bea236grey080150";"Bella";"080150";"236";"grey";"Sortimentsverlasser";"Ausläufer- kein weiterer Wareneingang"
" Meghan Lalee";"4054293124888";8,00;15.5.2026 00:00:00;;"bea236grey080300";"Bella";"080300";"236";"grey";"Sortimentsverlasser";""
" Meghan Lalee";"4054293124871";0,00;15.5.2026 00:00:00;;"bea236grey120170";"Bella";"120170";"236";"grey";"Sortimentsverlasser";"Ausläufer- kein weiterer Wareneingang"
" Meghan Lalee";"4054293124864";1,00;15.5.2026 00:00:00;;"bea236grey140200";"Bella";"140200";"236";"grey";"Sortimentsverlasser";"Ausläufer- kein weiterer Wareneingang"
" Meghan Lalee";"4054293124857";0,00;15.5.2026 00:00:00;;"bea236grey160230";"Bella";"160230";"236";"grey";"Sortimentsverlasser";"Ausläufer- kein weiterer Wareneingang"
" Meghan Lalee";"4054293124840";0,00;15.5.2026 00:00:00;;"bea236grey200290";"Bella";"200290";"236";"grey";"Sortimentsverlasser";"Ausläufer- kein weiterer Wareneingang"
" Meghan Lalee";"4054293124833";6,00;15.5.2026 00:00:00;;"bea236grey240300";"Bella";"240300";"236";"grey";"Sortimentsverlasser";""
" Meghan Lalee";"4054293124963";44,00;15.5.2026 00:00:00;;"bea237taup080150";"Bella";"080150";"237";"taup";"Sortimentsverlasser";""
" Meghan Lalee";"4054293124956";0,00;15.5.2026 00:00:00;;"bea237taup080300";"Bella";"080300";"237";"taup";"Sortimentsverlasser";"Ausläufer- kein weiterer Wareneingang"
" Meghan Lalee";"4054293124949";38,00;15.5.2026 00:00:00;;"bea237taup120170";"Bella";"120170";"237";"taup";"Sortimentsverlasser";""
" Meghan Lalee";"4054293124925";0,00;15.5.2026 00:00:00;;"bea237taup160230";"Bella";"160230";"237";"taup";"Sortimentsverlasser";"Ausläufer- kein weiterer Wareneingang"
" Meghan Lalee";"4054293124918";0,00;15.5.2026 00:00:00;;"bea237taup200290";"Bella";"200290";"237";"taup";"Sortimentsverlasser";"Ausläufer- kein weiterer Wareneingang"
" Meghan Lalee";"4054293124901";0,00;15.5.2026 00:00:00;;"bea237taup240300";"Bella";"240300";"237";"taup";"Sortimentsverlasser";"Ausläufer- kein weiterer Wareneingang"
" Meghan Lalee";"4054293125038";0,00;15.5.2026 00:00:00;;"bea238peac080150";"Bella";"080150";"238";"peac";"Sortimentsverlasser";"Ausläufer- kein weiterer Wareneingang"
" Meghan Lalee";"4054293125021";11,00;15.5.2026 00:00:00;;"bea238peac080300";"Bella";"080300";"238";"peac";"Sortimentsverlasser";""
" Meghan Lalee";"4054293125014";0,00;15.5.2026 00:00:00;;"bea238peac120170";"Bella";"120170";"238";"peac";"Sortimentsverlasser";"Ausläufer- kein weiterer Wareneingang"
" Meghan Lalee";"4054293125007";16,00;15.5.2026 00:00:00;;"bea238peac140200";"Bella";"140200";"238";"peac";"Sortimentsverlasser";""
" Meghan Lalee";"4054293124994";0,00;15.5.2026 00:00:00;;"bea238peac160230";"Bella";"160230";"238";"peac";"Sortimentsverlasser";"Ausläufer- kein weiterer Wareneingang"
" Meghan Lalee";"4054293124987";0,00;15.5.2026 00:00:00;;"bea238peac200290";"Bella";"200290";"238";"peac";"Sortimentsverlasser";"Ausläufer- kein weiterer Wareneingang"
" Meghan Lalee";"4054293124970";3,00;15.5.2026 00:00:00;;"bea238peac240300";"Bella";"240300";"238";"peac";"Sortimentsverlasser";"Ausläufer- kein weiterer Wareneingang"
" Meghan Lalee";"4054293125106";80,00;15.5.2026 00:00:00;;"bea239crea080150";"Bella";"080150";"239";"crea";"Sortimentsverlasser";""
" Meghan Lalee";"4054293125090";0,00;15.5.2026 00:00:00;;"bea239crea080300";"Bella";"080300";"239";"crea";"Sortimentsverlasser";"Ausläufer- kein weiterer Wareneingang"
" Meghan Lalee";"4054293125083";69,00;15.5.2026 00:00:00;;"bea239crea120170";"Bella";"120170";"239";"crea";"Sortimentsverlasser";""
" Meghan Lalee";"4054293125076";14,00;15.5.2026 00:00:00;;"bea239crea140200";"Bella";"140200";"239";"crea";"Sortimentsverlasser";""
" Meghan Lalee";"4054293125069";0,00;15.5.2026 00:00:00;;"bea239crea160230";"Bella";"160230";"239";"crea";"Sortimentsverlasser";"Ausläufer- kein weiterer Wareneingang"
" Meghan Lalee";"4054293125052";0,00;15.5.2026 00:00:00;;"bea239crea200290";"Bella";"200290";"239";"crea";"Sortimentsverlasser";"Ausläufer- kein weiterer Wareneingang"
" Meghan Lalee";"4054293125045";0,00;15.5.2026 00:00:00;;"bea239crea240300";"Bella";"240300";"239";"crea";"Sortimentsverlasser";"Ausläufer- kein weiterer Wareneingang"
" Meghan Lalee";"4054293120293";58,00;15.5.2026 00:00:00;;"boa460blue060110";"Bologna";"060110";"460";"blue";"Sortiment";""
" Meghan Lalee";"4054293120286";39,00;15.5.2026 00:00:00;;"boa460blue080150";"Bologna";"080150";"460";"blue";"Sortiment";""
" Meghan Lalee";"4054293120279";10,00;15.5.2026 00:00:00;;"boa460blue080300";"Bologna";"080300";"460";"blue";"Sortiment";""
" Meghan Lalee";"4054293120262";17,00;15.5.2026 00:00:00;;"boa460blue120170";"Bologna";"120170";"460";"blue";"Sortiment";""
" Meghan Lalee";"4054293121252";38,00;15.5.2026 00:00:00;;"boa460blue140200";"Bologna";"140200";"460";"blue";"Sortiment";""
" Meghan Lalee";"4054293120255";15,00;15.5.2026 00:00:00;;"boa460blue160230";"Bologna";"160230";"460";"blue";"Sortiment";""
" Meghan Lalee";"4054293120248";6,00;15.5.2026 00:00:00;;"boa460blue200290";"Bologna";"200290";"460";"blue";"Sortiment";""
" Meghan Lalee";"4054293120231";13,00;15.5.2026 00:00:00;;"boa460gree060110";"Bologna";"060110";"460";"gree";"Sortiment";""
" Meghan Lalee";"4054293120224";24,00;15.5.2026 00:00:00;;"boa460gree080150";"Bologna";"080150";"460";"gree";"Sortiment";""
" Meghan Lalee";"4054293120217";0,00;15.5.2026 00:00:00;;"boa460gree080300";"Bologna";"080300";"460";"gree";"Sortiment";"Ware in Bestellung -Ankunft geplant  "
" Meghan Lalee";"4054293120200";37,00;15.5.2026 00:00:00;;"boa460gree120170";"Bologna";"120170";"460";"gree";"Sortiment";""
" Meghan Lalee";"4054293121245";36,00;15.5.2026 00:00:00;;"boa460gree140200";"Bologna";"140200";"460";"gree";"Sortiment";""
" Meghan Lalee";"4054293120194";49,00;15.5.2026 00:00:00;;"boa460gree160230";"Bologna";"160230";"460";"gree";"Sortiment";""
" Meghan Lalee";"4054293120187";10,00;15.5.2026 00:00:00;;"boa460gree200290";"Bologna";"200290";"460";"gree";"Sortiment";""
" Meghan Lalee";"4054293120415";88,00;15.5.2026 00:00:00;;"boa460grey060110";"Bologna";"060110";"460";"grey";"Sortiment";""
" Meghan Lalee";"4054293120408";145,00;15.5.2026 00:00:00;;"boa460grey080150";"Bologna";"080150";"460";"grey";"Sortiment";""
" Meghan Lalee";"4054293120392";4,00;15.5.2026 00:00:00;;"boa460grey080300";"Bologna";"080300";"460";"grey";"Sortiment";"Ware in Bestellung -Ankunft geplant  "
" Meghan Lalee";"4054293120385";138,00;15.5.2026 00:00:00;;"boa460grey120170";"Bologna";"120170";"460";"grey";"Sortiment";""
" Meghan Lalee";"4054293121276";17,00;15.5.2026 00:00:00;;"boa460grey140200";"Bologna";"140200";"460";"grey";"Sortiment";""
" Meghan Lalee";"4054293120378";127,00;15.5.2026 00:00:00;;"boa460grey160230";"Bologna";"160230";"460";"grey";"Sortiment";""
" Meghan Lalee";"4054293120361";117,00;15.5.2026 00:00:00;;"boa460grey200290";"Bologna";"200290";"460";"grey";"Sortiment";""
" Meghan Lalee";"4054293120354";19,00;15.5.2026 00:00:00;;"boa460terr060110";"Bologna";"060110";"460";"terr";"Sortiment";""
" Meghan Lalee";"4054293120347";35,00;15.5.2026 00:00:00;;"boa460terr080150";"Bologna";"080150";"460";"terr";"Sortiment";""
" Meghan Lalee";"4054293120323";34,00;15.5.2026 00:00:00;;"boa460terr120170";"Bologna";"120170";"460";"terr";"Sortiment";""
" Meghan Lalee";"4054293121269";32,00;15.5.2026 00:00:00;;"boa460terr140200";"Bologna";"140200";"460";"terr";"Sortiment";""
" Meghan Lalee";"4054293120316";23,00;15.5.2026 00:00:00;;"boa460terr160230";"Bologna";"160230";"460";"terr";"Sortiment";""
" Meghan Lalee";"4054293120309";3,00;15.5.2026 00:00:00;;"boa460terr200290";"Bologna";"200290";"460";"terr";"Sortiment";"Ware in Bestellung -Ankunft geplant  "
" Meghan Lalee";"4054293120538";45,00;15.5.2026 00:00:00;;"boa461blue060110";"Bologna";"060110";"461";"blue";"Sortiment";""
" Meghan Lalee";"4054293120521";41,00;15.5.2026 00:00:00;;"boa461blue080150";"Bologna";"080150";"461";"blue";"Sortiment";""
" Meghan Lalee";"4054293120514";3,00;15.5.2026 00:00:00;;"boa461blue080300";"Bologna";"080300";"461";"blue";"Sortiment";"Ware in Bestellung -Ankunft geplant  "
" Meghan Lalee";"4054293120507";30,00;15.5.2026 00:00:00;;"boa461blue120170";"Bologna";"120170";"461";"blue";"Sortiment";""
" Meghan Lalee";"4054293121290";11,00;15.5.2026 00:00:00;;"boa461blue140200";"Bologna";"140200";"461";"blue";"Sortiment";""
" Meghan Lalee";"4054293120491";34,00;15.5.2026 00:00:00;;"boa461blue160230";"Bologna";"160230";"461";"blue";"Sortiment";""
" Meghan Lalee";"4054293120484";20,00;15.5.2026 00:00:00;;"boa461blue200290";"Bologna";"200290";"461";"blue";"Sortiment";""
" Meghan Lalee";"4054293120453";1,00;15.5.2026 00:00:00;;"boa461gree080300";"Bologna";"080300";"461";"gree";"Sortiment";"Ware in Bestellung -Ankunft geplant  "
" Meghan Lalee";"4054293120651";32,00;15.5.2026 00:00:00;;"boa461grey060110";"Bologna";"060110";"461";"grey";"Sortiment";""
" Meghan Lalee";"4054293120644";57,00;15.5.2026 00:00:00;;"boa461grey080150";"Bologna";"080150";"461";"grey";"Sortiment";""
" Meghan Lalee";"4054293120637";2,00;15.5.2026 00:00:00;;"boa461grey080300";"Bologna";"080300";"461";"grey";"Sortiment";"Ware in Bestellung -Ankunft geplant  "
" Meghan Lalee";"4054293120620";39,00;15.5.2026 00:00:00;;"boa461grey120170";"Bologna";"120170";"461";"grey";"Sortiment";""
" Meghan Lalee";"4054293121313";85,00;15.5.2026 00:00:00;;"boa461grey140200";"Bologna";"140200";"461";"grey";"Sortiment";""
" Meghan Lalee";"4054293120613";2,00;15.5.2026 00:00:00;;"boa461grey160230";"Bologna";"160230";"461";"grey";"Sortiment";"Ware in Bestellung -Ankunft geplant  "
" Meghan Lalee";"4054293120606";5,00;15.5.2026 00:00:00;;"boa461grey200290";"Bologna";"200290";"461";"grey";"Sortiment";"Ware in Bestellung -Ankunft geplant  "
" Meghan Lalee";"4054293120590";64,00;15.5.2026 00:00:00;;"boa461terr060110";"Bologna";"060110";"461";"terr";"Sortiment";""
" Meghan Lalee";"4054293120583";42,00;15.5.2026 00:00:00;;"boa461terr080150";"Bologna";"080150";"461";"terr";"Sortiment";""
" Meghan Lalee";"4054293120576";48,00;15.5.2026 00:00:00;;"boa461terr080300";"Bologna";"080300";"461";"terr";"Sortiment";""
" Meghan Lalee";"4054293120569";0,00;15.5.2026 00:00:00;;"boa461terr120170";"Bologna";"120170";"461";"terr";"Sortiment";"Ware in Bestellung -Ankunft geplant  "
" Meghan Lalee";"4054293121306";40,00;15.5.2026 00:00:00;;"boa461terr140200";"Bologna";"140200";"461";"terr";"Sortiment";""
" Meghan Lalee";"4054293120552";0,00;15.5.2026 00:00:00;;"boa461terr160230";"Bologna";"160230";"461";"terr";"Sortiment";"Ware in Bestellung -Ankunft geplant  "
" Meghan Lalee";"4054293120545";4,00;15.5.2026 00:00:00;;"boa461terr200290";"Bologna";"200290";"461";"terr";"Sortiment";"Ware in Bestellung -Ankunft geplant  "
" Meghan Lalee";"4054293120774";40,00;15.5.2026 00:00:00;;"boa462blue060110";"Bologna";"060110";"462";"blue";"Sortiment";""
" Meghan Lalee";"4054293120767";39,00;15.5.2026 00:00:00;;"boa462blue080150";"Bologna";"080150";"462";"blue";"Sortiment";""
" Meghan Lalee";"4054293120750";9,00;15.5.2026 00:00:00;;"boa462blue080300";"Bologna";"080300";"462";"blue";"Sortiment";""
" Meghan Lalee";"4054293120743";30,00;15.5.2026 00:00:00;;"boa462blue120170";"Bologna";"120170";"462";"blue";"Sortiment";""
" Meghan Lalee";"4054293121337";16,00;15.5.2026 00:00:00;;"boa462blue140200";"Bologna";"140200";"462";"blue";"Sortiment";""
" Meghan Lalee";"4054293120736";14,00;15.5.2026 00:00:00;;"boa462blue160230";"Bologna";"160230";"462";"blue";"Sortiment";""
" Meghan Lalee";"4054293120729";14,00;15.5.2026 00:00:00;;"boa462blue200290";"Bologna";"200290";"462";"blue";"Sortiment";""
" Meghan Lalee";"4054293120712";86,00;15.5.2026 00:00:00;;"boa462gree060110";"Bologna";"060110";"462";"gree";"Sortiment";""
" Meghan Lalee";"4054293120705";33,00;15.5.2026 00:00:00;;"boa462gree080150";"Bologna";"080150";"462";"gree";"Sortiment";""
" Meghan Lalee";"4054293120699";10,00;15.5.2026 00:00:00;;"boa462gree080300";"Bologna";"080300";"462";"gree";"Sortiment";""
" Meghan Lalee";"4054293120682";37,00;15.5.2026 00:00:00;;"boa462gree120170";"Bologna";"120170";"462";"gree";"Sortiment";""
" Meghan Lalee";"4054293121320";0,00;15.5.2026 00:00:00;;"boa462gree140200";"Bologna";"140200";"462";"gree";"Sortiment";"Ware in Bestellung -Ankunft geplant  "
" Meghan Lalee";"4054293120675";25,00;15.5.2026 00:00:00;;"boa462gree160230";"Bologna";"160230";"462";"gree";"Sortiment";""
" Meghan Lalee";"4054293120668";18,00;15.5.2026 00:00:00;;"boa462gree200290";"Bologna";"200290";"462";"gree";"Sortiment";""
" Meghan Lalee";"4054293120897";111,00;15.5.2026 00:00:00;;"boa462grey060110";"Bologna";"060110";"462";"grey";"Sortiment";""
" Meghan Lalee";"4054293120880";24,00;15.5.2026 00:00:00;;"boa462grey080150";"Bologna";"080150";"462";"grey";"Sortiment";""
" Meghan Lalee";"4054293120873";1,00;15.5.2026 00:00:00;;"boa462grey080300";"Bologna";"080300";"462";"grey";"Sortiment";"Ware in Bestellung -Ankunft geplant  "
" Meghan Lalee";"4054293120866";25,00;15.5.2026 00:00:00;;"boa462grey120170";"Bologna";"120170";"462";"grey";"Sortiment";""
" Meghan Lalee";"4054293121351";15,00;15.5.2026 00:00:00;;"boa462grey140200";"Bologna";"140200";"462";"grey";"Sortiment";""
" Meghan Lalee";"4054293120859";7,00;15.5.2026 00:00:00;;"boa462grey160230";"Bologna";"160230";"462";"grey";"Sortiment";""
" Meghan Lalee";"4054293120842";10,00;15.5.2026 00:00:00;;"boa462grey200290";"Bologna";"200290";"462";"grey";"Sortiment";""
" Meghan Lalee";"4054293120835";91,00;15.5.2026 00:00:00;;"boa462terr060110";"Bologna";"060110";"462";"terr";"Sortiment";""
" Meghan Lalee";"4054293120828";23,00;15.5.2026 00:00:00;;"boa462terr080150";"Bologna";"080150";"462";"terr";"Sortiment";""
" Meghan Lalee";"4054293120811";0,00;15.5.2026 00:00:00;;"boa462terr080300";"Bologna";"080300";"462";"terr";"Sortiment";"Ware in Bestellung -Ankunft geplant  "
" Meghan Lalee";"4054293120804";30,00;15.5.2026 00:00:00;;"boa462terr120170";"Bologna";"120170";"462";"terr";"Sortiment";""
" Meghan Lalee";"4054293121344";11,00;15.5.2026 00:00:00;;"boa462terr140200";"Bologna";"140200";"462";"terr";"Sortiment";""
" Meghan Lalee";"4054293120798";20,00;15.5.2026 00:00:00;;"boa462terr160230";"Bologna";"160230";"462";"terr";"Sortiment";""
" Meghan Lalee";"4054293120781";8,00;15.5.2026 00:00:00;;"boa462terr200290";"Bologna";"200290";"462";"terr";"Sortiment";""
" Meghan Lalee";"4054293123805";140,00;15.5.2026 00:00:00;;"cac330mixx030030";"Cancun";"030030";"330";"mixx";"Sortiment";""
" Meghan Lalee";"4054293122815";6,00;15.5.2026 00:00:00;;"cac330mult080150";"Cancun";"080150";"330";"mult";"Sortiment";""
" Meghan Lalee";"4054293122808";25,00;15.5.2026 00:00:00;;"cac330mult120170";"Cancun";"120170";"330";"mult";"Sortiment";""
" Meghan Lalee";"4054293122792";28,00;15.5.2026 00:00:00;;"cac330mult160230";"Cancun";"160230";"330";"mult";"Sortiment";""
" Meghan Lalee";"4054293123812";150,00;15.5.2026 00:00:00;;"cac331mixx030030";"Cancun";"030030";"331";"mixx";"Sortiment";""
" Meghan Lalee";"4054293122846";1,00;15.5.2026 00:00:00;;"cac331mult080150";"Cancun";"080150";"331";"mult";"Sortiment";"Ware in Bestellung -Ankunft geplant  "
" Meghan Lalee";"4054293122839";16,00;15.5.2026 00:00:00;;"cac331mult120170";"Cancun";"120170";"331";"mult";"Sortiment";""
" Meghan Lalee";"4054293122822";3,00;15.5.2026 00:00:00;;"cac331mult160230";"Cancun";"160230";"331";"mult";"Sortiment";"Ware in Bestellung -Ankunft geplant  "
" Meghan Lalee";"4054293123379";59,00;15.5.2026 00:00:00;;"cot445jute080150";"Cottage";"080150";"445";"jute";"Sortiment";""
" Meghan Lalee";"4054293123362";62,00;15.5.2026 00:00:00;;"cot445jute120170";"Cottage";"120170";"445";"jute";"Sortiment";""
" Meghan Lalee";"4054293123355";63,00;15.5.2026 00:00:00;;"cot445jute160230";"Cottage";"160230";"445";"jute";"Sortiment";""
" Meghan Lalee";"4054293123386";80,00;15.5.2026 00:00:00;;"cot445jute200290";"Cottage";"200290";"445";"jute";"Sortiment";""
" Meghan Lalee";"4054293125502";556,00;15.5.2026 00:00:00;;"dmc800anth080150";"Diamond Cut";"080150";"800";"anth";"Sortiment";""
" Meghan Lalee";"4054293125519";31,00;15.5.2026 00:00:00;;"dmc800anth120120";"Diamond Cut";"120120";"800";"anth";"Sortiment";""
" Meghan Lalee";"4054293125496";488,00;15.5.2026 00:00:00;;"dmc800anth120170";"Diamond Cut";"120170";"800";"anth";"Sortiment";""
" Meghan Lalee";"4054293125489";463,00;15.5.2026 00:00:00;;"dmc800anth160230";"Diamond Cut";"160230";"800";"anth";"Sortiment";""
" Meghan Lalee";"4054293127438";33,00;15.5.2026 00:00:00;;"dmc800anth200200";"Diamond Cut";"200200";"800";"anth";"Sortiment";""
" Meghan Lalee";"4054293125472";93,00;15.5.2026 00:00:00;;"dmc800anth200290";"Diamond Cut";"200290";"800";"anth";"Sortiment";""
" Meghan Lalee";"4054293125304";1081,00;15.5.2026 00:00:00;;"dmc800crea080150";"Diamond Cut";"080150";"800";"crea";"Sortiment";""
" Meghan Lalee";"4054293125311";131,00;15.5.2026 00:00:00;;"dmc800crea120120";"Diamond Cut";"120120";"800";"crea";"Sortiment";""
" Meghan Lalee";"4054293125298";674,00;15.5.2026 00:00:00;;"dmc800crea120170";"Diamond Cut";"120170";"800";"crea";"Sortiment";""
" Meghan Lalee";"4054293125281";1026,00;15.5.2026 00:00:00;;"dmc800crea160230";"Diamond Cut";"160230";"800";"crea";"Sortiment";""
" Meghan Lalee";"4054293127407";108,00;15.5.2026 00:00:00;;"dmc800crea200200";"Diamond Cut";"200200";"800";"crea";"Sortiment";""
" Meghan Lalee";"4054293125274";68,00;15.5.2026 00:00:00;;"dmc800crea200290";"Diamond Cut";"200290";"800";"crea";"Sortiment";""
" Meghan Lalee";"4054293125458";913,00;15.5.2026 00:00:00;;"dmc800grey080150";"Diamond Cut";"080150";"800";"grey";"Sortiment";""
" Meghan Lalee";"4054293125465";90,00;15.5.2026 00:00:00;;"dmc800grey120120";"Diamond Cut";"120120";"800";"grey";"Sortiment";""
" Meghan Lalee";"4054293125441";519,00;15.5.2026 00:00:00;;"dmc800grey120170";"Diamond Cut";"120170";"800";"grey";"Sortiment";""
" Meghan Lalee";"4054293125434";821,00;15.5.2026 00:00:00;;"dmc800grey160230";"Diamond Cut";"160230";"800";"grey";"Sortiment";""
" Meghan Lalee";"4054293127421";85,00;15.5.2026 00:00:00;;"dmc800grey200200";"Diamond Cut";"200200";"800";"grey";"Sortiment";""
" Meghan Lalee";"4054293125427";114,00;15.5.2026 00:00:00;;"dmc800grey200290";"Diamond Cut";"200290";"800";"grey";"Sortiment";""
" Meghan Lalee";"4054293127483";372,00;15.5.2026 00:00:00;;"dmc800hone080150";"Diamond Cut";"080150";"800";"hone";"Sortiment";""
" Meghan Lalee";"4054293127490";31,00;15.5.2026 00:00:00;;"dmc800hone120120";"Diamond Cut";"120120";"800";"hone";"Sortiment";""
" Meghan Lalee";"4054293127476";358,00;15.5.2026 00:00:00;;"dmc800hone120170";"Diamond Cut";"120170";"800";"hone";"Sortiment";""
" Meghan Lalee";"4054293127469";315,00;15.5.2026 00:00:00;;"dmc800hone160230";"Diamond Cut";"160230";"800";"hone";"Sortiment";""
" Meghan Lalee";"4054293127506";58,00;15.5.2026 00:00:00;;"dmc800hone200200";"Diamond Cut";"200200";"800";"hone";"Sortiment";""
" Meghan Lalee";"4054293127452";62,00;15.5.2026 00:00:00;;"dmc800hone200290";"Diamond Cut";"200290";"800";"hone";"Sortiment";""
" Meghan Lalee";"4054293125403";354,00;15.5.2026 00:00:00;;"dmc800redd080150";"Diamond Cut";"080150";"800";"red";"Sortiment";""
" Meghan Lalee";"4054293125410";29,00;15.5.2026 00:00:00;;"dmc800redd120120";"Diamond Cut";"120120";"800";"red";"Sortiment";""
" Meghan Lalee";"4054293125397";169,00;15.5.2026 00:00:00;;"dmc800redd120170";"Diamond Cut";"120170";"800";"red";"Sortiment";""
" Meghan Lalee";"4054293125380";246,00;15.5.2026 00:00:00;;"dmc800redd160230";"Diamond Cut";"160230";"800";"red";"Sortiment";""
" Meghan Lalee";"4054293127445";48,00;15.5.2026 00:00:00;;"dmc800redd200200";"Diamond Cut";"200200";"800";"redd";"Sortiment";""
" Meghan Lalee";"4054293125373";85,00;15.5.2026 00:00:00;;"dmc800redd200290";"Diamond Cut";"200290";"800";"red";"Sortiment";""
" Meghan Lalee";"4054293125359";784,00;15.5.2026 00:00:00;;"dmc800taup080150";"Diamond Cut";"080150";"800";"taup";"Sortiment";""
" Meghan Lalee";"4054293125366";50,00;15.5.2026 00:00:00;;"dmc800taup120120";"Diamond Cut";"120120";"800";"taup";"Sortiment";""
" Meghan Lalee";"4054293125342";624,00;15.5.2026 00:00:00;;"dmc800taup120170";"Diamond Cut";"120170";"800";"taup";"Sortiment";""
" Meghan Lalee";"4054293125335";728,00;15.5.2026 00:00:00;;"dmc800taup160230";"Diamond Cut";"160230";"800";"taup";"Sortiment";""
" Meghan Lalee";"4054293127414";49,00;15.5.2026 00:00:00;;"dmc800taup200200";"Diamond Cut";"200200";"800";"taup";"Sortiment";""
" Meghan Lalee";"4054293125328";79,00;15.5.2026 00:00:00;;"dmc800taup200290";"Diamond Cut";"200290";"800";"taup";"Sortiment";""
" Meghan Lalee";"4054293120910";55,00;15.5.2026 00:00:00;;"dpo465jean080150";"Denim Pocket";"080150";"465";"jean";"Sortiment";""
" Meghan Lalee";"4054293120903";54,00;15.5.2026 00:00:00;;"dpo465jean160230";"Denim Pocket";"160230";"465";"jean";"Sortiment";""
" Meghan Lalee";"4054293123478";150,00;15.5.2026 00:00:00;;"dpomixmixx030030";"Denim Pocket";"030030";"mix";"mixx";"Sortiment";""
" Meghan Lalee";"4054293124659";4,00;15.5.2026 00:00:00;;"dyl277grap080150";"Dylan";"080150";"277";"grap";"Sortiment";"Ware in Bestellung -Ankunft geplant  "
" Meghan Lalee";"4054293124666";1,00;15.5.2026 00:00:00;;"dyl277grap120170";"Dylan";"120170";"277";"grap";"Sortiment";"Ware in Bestellung -Ankunft geplant  "
" Meghan Lalee";"4054293124673";2,00;15.5.2026 00:00:00;;"dyl277grap160230";"Dylan";"160230";"277";"grap";"Sortiment";"Ware in Bestellung -Ankunft geplant  "
" Meghan Lalee";"4054293124680";1,00;15.5.2026 00:00:00;;"dyl277grap200290";"Dylan";"200290";"277";"grap";"Sortiment";"Ware in Bestellung -Ankunft geplant  "
" Meghan Lalee";"4054293124611";6,00;15.5.2026 00:00:00;;"dyl277taup080150";"Dylan";"080150";"277";"taup";"Sortiment";""
" Meghan Lalee";"4054293124628";6,00;15.5.2026 00:00:00;;"dyl277taup120170";"Dylan";"120170";"277";"taup";"Sortiment";""
" Meghan Lalee";"4054293124635";2,00;15.5.2026 00:00:00;;"dyl277taup160230";"Dylan";"160230";"277";"taup";"Sortiment";"Ware in Bestellung -Ankunft geplant  "
" Meghan Lalee";"4054293124642";2,00;15.5.2026 00:00:00;;"dyl277taup200290";"Dylan";"200290";"277";"taup";"Sortiment";"Ware in Bestellung -Ankunft geplant  "
" Meghan Lalee";"4054293128411";42,00;15.5.2026 00:00:00;;"ENV400crea080150";"EN VOGUE";"080150";"400";"crea";"Sortiment";""
" Meghan Lalee";"4054293128428";43,00;15.5.2026 00:00:00;;"ENV400crea120170";"EN VOGUE";"120170";"400";"crea";"Sortiment";""
" Meghan Lalee";"4054293128435";49,00;15.5.2026 00:00:00;;"ENV400crea150230";"EN VOGUE";"150230";"400";"crea";"Sortiment";""
" Meghan Lalee";"4054293128442";43,00;15.5.2026 00:00:00;;"ENV400crea200290";"EN VOGUE";"200290";"400";"crea";"Sortiment";""
" Meghan Lalee";"4054293128459";7,00;15.5.2026 00:00:00;;"ENV400crea240340";"EN VOGUE";"240340";"400";"crea";"Sortiment";""
" Meghan Lalee";"4054293128466";4,00;15.5.2026 00:00:00;;"ENV400crea300400";"EN VOGUE";"300400";"400";"crea";"Sortiment";"Ware in Bestellung -Ankunft geplant  "
" Meghan Lalee";"4054293128350";27,00;15.5.2026 00:00:00;;"ENV400gold080150";"EN VOGUE";"080150";"400";"gold";"Sortiment";""
" Meghan Lalee";"4054293128367";21,00;15.5.2026 00:00:00;;"ENV400gold120170";"EN VOGUE";"120170";"400";"gold";"Sortiment";""
" Meghan Lalee";"4054293128374";15,00;15.5.2026 00:00:00;;"ENV400gold150230";"EN VOGUE";"150230";"400";"gold";"Sortiment";""
" Meghan Lalee";"4054293128381";30,00;15.5.2026 00:00:00;;"ENV400gold200290";"EN VOGUE";"200290";"400";"gold";"Sortiment";""
" Meghan Lalee";"4054293128398";20,00;15.5.2026 00:00:00;;"ENV400gold240340";"EN VOGUE";"240340";"400";"gold";"Sortiment";""
" Meghan Lalee";"4054293128404";8,00;15.5.2026 00:00:00;;"ENV400gold300400";"EN VOGUE";"300400";"400";"gold";"Sortiment";""
" Meghan Lalee";"4054293128534";44,00;15.5.2026 00:00:00;;"ENV400silv080150";"EN VOGUE";"080150";"400";"silv";"Sortiment";""
" Meghan Lalee";"4054293128541";35,00;15.5.2026 00:00:00;;"ENV400silv120170";"EN VOGUE";"120170";"400";"silv";"Sortiment";""
" Meghan Lalee";"4054293128558";55,00;15.5.2026 00:00:00;;"ENV400silv150230";"EN VOGUE";"150230";"400";"silv";"Sortiment";""
" Meghan Lalee";"4054293128565";45,00;15.5.2026 00:00:00;;"ENV400silv200290";"EN VOGUE";"200290";"400";"silv";"Sortiment";""
" Meghan Lalee";"4054293128572";4,00;15.5.2026 00:00:00;;"ENV400silv240340";"EN VOGUE";"240340";"400";"silv";"Sortiment";"Ware in Bestellung -Ankunft geplant  "
" Meghan Lalee";"4054293128589";6,00;15.5.2026 00:00:00;;"ENV400silv300400";"EN VOGUE";"300400";"400";"silv";"Sortiment";""
" Meghan Lalee";"4054293128473";50,00;15.5.2026 00:00:00;;"ENV400taup080150";"EN VOGUE";"080150";"400";"taup";"Sortiment";""
" Meghan Lalee";"4054293128480";46,00;15.5.2026 00:00:00;;"ENV400taup120170";"EN VOGUE";"120170";"400";"taup";"Sortiment";""
" Meghan Lalee";"4054293128497";53,00;15.5.2026 00:00:00;;"ENV400taup150230";"EN VOGUE";"150230";"400";"taup";"Sortiment";""
" Meghan Lalee";"4054293128503";52,00;15.5.2026 00:00:00;;"ENV400taup200290";"EN VOGUE";"200290";"400";"taup";"Sortiment";""
" Meghan Lalee";"4054293128510";4,00;15.5.2026 00:00:00;;"ENV400taup240340";"EN VOGUE";"240340";"400";"taup";"Sortiment";"Ware in Bestellung -Ankunft geplant  "
" Meghan Lalee";"4054293128527";7,00;15.5.2026 00:00:00;;"ENV400taup300400";"EN VOGUE";"300400";"400";"taup";"Sortiment";""
" Meghan Lalee";"4054293128633";140,00;15.5.2026 00:00:00;;"ETY500cagr080150";"Eternity";"080150";"500";"cagr";"Sortiment";""
" Meghan Lalee";"4054293128640";145,00;15.5.2026 00:00:00;;"ETY500cagr120170";"Eternity";"120170";"500";"cagr";"Sortiment";""
" Meghan Lalee";"4054293128657";230,00;15.5.2026 00:00:00;;"ETY500cagr160230";"Eternity";"160230";"500";"cagr";"Sortiment";""
" Meghan Lalee";"4054293128664";65,00;15.5.2026 00:00:00;;"ETY500cagr200290";"Eternity";"200290";"500";"cagr";"Sortiment";""
" Meghan Lalee";"4054293128596";146,00;15.5.2026 00:00:00;;"ETY500pogr080150";"Eternity";"080150";"500";"pogr";"Sortiment";""
" Meghan Lalee";"4054293128602";68,00;15.5.2026 00:00:00;;"ETY500pogr120170";"Eternity";"120170";"500";"pogr";"Sortiment";""
" Meghan Lalee";"4054293128619";237,00;15.5.2026 00:00:00;;"ETY500pogr160230";"Eternity";"160230";"500";"pogr";"Sortiment";""
" Meghan Lalee";"4054293128626";67,00;15.5.2026 00:00:00;;"ETY500pogr200290";"Eternity";"200290";"500";"pogr";"Sortiment";""
" Meghan Lalee";"4054293128671";116,00;15.5.2026 00:00:00;;"ETY500wall080150";"Eternity";"080150";"500";"wall";"Sortiment";""
" Meghan Lalee";"4054293128688";184,00;15.5.2026 00:00:00;;"ETY500wall120170";"Eternity";"120170";"500";"wall";"Sortiment";""
" Meghan Lalee";"4054293128695";187,00;15.5.2026 00:00:00;;"ETY500wall160230";"Eternity";"160230";"500";"wall";"Sortiment";""
" Meghan Lalee";"4054293128701";70,00;15.5.2026 00:00:00;;"ETY500wall200290";"Eternity";"200290";"500";"wall";"Sortiment";""
" Meghan Lalee";"4054293121450";52,00;15.5.2026 00:00:00;;"fao390rabb120170";"Fano";"120170";"390";"rabb";"Sortimentsverlasser";""
" Meghan Lalee";"4054293121467";13,00;15.5.2026 00:00:00;;"fao390rabb133133r";"Fano";"133133r";"390";"rabb";"Sortimentsverlasser";""
" Meghan Lalee";"4054293121443";16,00;15.5.2026 00:00:00;;"fao390rabb160230";"Fano";"160230";"390";"rabb";"Sortimentsverlasser";""
" Meghan Lalee";"4054293121481";16,00;15.5.2026 00:00:00;;"fao391spac120170";"Fano";"120170";"391";"spac";"Sortimentsverlasser";""
" Meghan Lalee";"4054293121498";4,00;15.5.2026 00:00:00;;"fao391spac133133r";"Fano";"133133r";"391";"spac";"Sortimentsverlasser";"Ausläufer- kein weiterer Wareneingang"
" Meghan Lalee";"4054293121474";8,00;15.5.2026 00:00:00;;"fao391spac160230";"Fano";"160230";"391";"spac";"Sortimentsverlasser";""
" Meghan Lalee";"4054293121511";39,00;15.5.2026 00:00:00;;"fao392gira120170";"Fano";"120170";"392";"gira";"Sortimentsverlasser";""
" Meghan Lalee";"4054293121528";0,00;15.5.2026 00:00:00;;"fao392gira133133r";"Fano";"133133r";"392";"gira";"Sortimentsverlasser";"Ausläufer- kein weiterer Wareneingang"
" Meghan Lalee";"4054293121504";15,00;15.5.2026 00:00:00;;"fao392gira160230";"Fano";"160230";"392";"gira";"Sortimentsverlasser";""
" Meghan Lalee";"4054293121542";111,00;15.5.2026 00:00:00;;"fao393rast120170";"Fano";"120170";"393";"rast";"Sortimentsverlasser";""
" Meghan Lalee";"4054293121559";44,00;15.5.2026 00:00:00;;"fao393rast133133r";"Fano";"133133r";"393";"rast";"Sortimentsverlasser";""
" Meghan Lalee";"4054293121535";26,00;15.5.2026 00:00:00;;"fao393rast160230";"Fano";"160230";"393";"rast";"Sortimentsverlasser";""
" Meghan Lalee";"4054293121573";63,00;15.5.2026 00:00:00;;"fao394dots120170";"Fano";"120170";"394";"dots";"Sortimentsverlasser";""
" Meghan Lalee";"4054293121580";11,00;15.5.2026 00:00:00;;"fao394dots133133r";"Fano";"133133r";"394";"dots";"Sortimentsverlasser";""
" Meghan Lalee";"4054293121566";13,00;15.5.2026 00:00:00;;"fao394dots160230";"Fano";"160230";"394";"dots";"Sortimentsverlasser";""
" Meghan Lalee";"4054293121603";118,00;15.5.2026 00:00:00;;"fao395rahe120170";"Fano";"120170";"395";"rahe";"Sortimentsverlasser";""
" Meghan Lalee";"4054293121610";21,00;15.5.2026 00:00:00;;"fao395rahe133133r";"Fano";"133133r";"395";"rahe";"Sortimentsverlasser";""
" Meghan Lalee";"4054293121597";27,00;15.5.2026 00:00:00;;"fao395rahe160230";"Fano";"160230";"395";"rahe";"Sortimentsverlasser";""
" Meghan Lalee";"4054293121634";67,00;15.5.2026 00:00:00;;"fao396cats120170";"Fano";"120170";"396";"cats";"Sortimentsverlasser";""
" Meghan Lalee";"4054293121641";0,00;15.5.2026 00:00:00;;"fao396cats133133r";"Fano";"133133r";"396";"cats";"Sortimentsverlasser";"Ausläufer- kein weiterer Wareneingang"
" Meghan Lalee";"4054293121627";6,00;15.5.2026 00:00:00;;"fao396cats160230";"Fano";"160230";"396";"cats";"Sortimentsverlasser";""
" Meghan Lalee";"4054293121665";200,00;15.5.2026 00:00:00;;"fao398bear120170";"Fano";"120170";"398";"bear";"Sortimentsverlasser";""
" Meghan Lalee";"4054293121672";0,00;15.5.2026 00:00:00;;"fao398bear133133r";"Fano";"133133r";"398";"bear";"Sortimentsverlasser";"Ausläufer- kein weiterer Wareneingang"
" Meghan Lalee";"4054293121658";27,00;15.5.2026 00:00:00;;"fao398bear160230";"Fano";"160230";"398";"bear";"Sortimentsverlasser";""
" Meghan Lalee";"4054293121696";80,00;15.5.2026 00:00:00;;"fao399lion120170";"Fano";"120170";"399";"lion";"Sortimentsverlasser";""
" Meghan Lalee";"4054293121702";0,00;15.5.2026 00:00:00;;"fao399lion133133r";"Fano";"133133r";"399";"lion";"Sortimentsverlasser";"Ausläufer- kein weiterer Wareneingang"
" Meghan Lalee";"4054293121689";12,00;15.5.2026 00:00:00;;"fao399lion160230";"Fano";"160230";"399";"lion";"Sortimentsverlasser";""
" Meghan Lalee";"4054293129111";305,00;15.5.2026 00:00:00;;"GLM900calc080150";"Glamour ML";"080150";"900";"calc";"Sortiment";""
" Meghan Lalee";"4054293129128";280,00;15.5.2026 00:00:00;;"GLM900calc120170";"Glamour ML";"120170";"900";"calc";"Sortiment";""
" Meghan Lalee";"4054293129135";374,00;15.5.2026 00:00:00;;"GLM900calc160230";"Glamour ML";"160230";"900";"calc";"Sortiment";""
" Meghan Lalee";"4054293129142";129,00;15.5.2026 00:00:00;;"GLM900calc200290";"Glamour ML";"200290";"900";"calc";"Sortiment";""
" Meghan Lalee";"4054293128954";621,00;15.5.2026 00:00:00;;"GLM900carr080150";"Glamour ML";"080150";"900";"carr";"Sortiment";""
" Meghan Lalee";"4054293128961";596,00;15.5.2026 00:00:00;;"GLM900carr120170";"Glamour ML";"120170";"900";"carr";"Sortiment";""
" Meghan Lalee";"4054293128978";621,00;15.5.2026 00:00:00;;"GLM900carr160230";"Glamour ML";"160230";"900";"carr";"Sortiment";""
" Meghan Lalee";"4054293128985";146,00;15.5.2026 00:00:00;;"GLM900carr200290";"Glamour ML";"200290";"900";"carr";"Sortiment";""
" Meghan Lalee";"4054293129074";309,00;15.5.2026 00:00:00;;"GLM900jade080150";"Glamour ML";"080150";"900";"jade";"Sortiment";""
" Meghan Lalee";"4054293129081";295,00;15.5.2026 00:00:00;;"GLM900jade120170";"Glamour ML";"120170";"900";"jade";"Sortiment";""
" Meghan Lalee";"4054293129098";379,00;15.5.2026 00:00:00;;"GLM900jade160230";"Glamour ML";"160230";"900";"jade";"Sortiment";""
" Meghan Lalee";"4054293129104";140,00;15.5.2026 00:00:00;;"GLM900jade200290";"Glamour ML";"200290";"900";"jade";"Sortiment";""
" Meghan Lalee";"4054293129159";304,00;15.5.2026 00:00:00;;"GLM900rose080150";"Glamour ML";"080150";"900";"rose";"Sortiment";""
" Meghan Lalee";"4054293129166";281,00;15.5.2026 00:00:00;;"GLM900rose120170";"Glamour ML";"120170";"900";"rose";"Sortiment";""
" Meghan Lalee";"4054293129173";349,00;15.5.2026 00:00:00;;"GLM900rose160230";"Glamour ML";"160230";"900";"rose";"Sortiment";""
" Meghan Lalee";"4054293129180";130,00;15.5.2026 00:00:00;;"GLM900rose200290";"Glamour ML";"200290";"900";"rose";"Sortiment";""
" Meghan Lalee";"4054293129036";553,00;15.5.2026 00:00:00;;"GLM900sand080150";"Glamour ML";"080150";"900";"sand";"Sortiment";""
" Meghan Lalee";"4054293129043";529,00;15.5.2026 00:00:00;;"GLM900sand120170";"Glamour ML";"120170";"900";"sand";"Sortiment";""
" Meghan Lalee";"4054293129050";598,00;15.5.2026 00:00:00;;"GLM900sand160230";"Glamour ML";"160230";"900";"sand";"Sortiment";""
" Meghan Lalee";"4054293129067";171,00;15.5.2026 00:00:00;;"GLM900sand200290";"Glamour ML";"200290";"900";"sand";"Sortiment";""
" Meghan Lalee";"4054293128992";520,00;15.5.2026 00:00:00;;"GLM900sele080150";"Glamour ML";"080150";"900";"sele";"Sortiment";""
" Meghan Lalee";"4054293129005";501,00;15.5.2026 00:00:00;;"GLM900sele120170";"Glamour ML";"120170";"900";"sele";"Sortiment";""
" Meghan Lalee";"4054293129012";527,00;15.5.2026 00:00:00;;"GLM900sele160230";"Glamour ML";"160230";"900";"sele";"Sortiment";""
" Meghan Lalee";"4054293129029";173,00;15.5.2026 00:00:00;;"GLM900sele200290";"Glamour ML";"200290";"900";"sele";"Sortiment";""
" Meghan Lalee";"4054293127001";54,00;15.5.2026 00:00:00;;"inf200anth080150";"Infinity";"080150";"200";"anth";"Sortiment";""
" Meghan Lalee";"4054293127018";56,00;15.5.2026 00:00:00;;"inf200anth120170";"Infinity";"120170";"200";"anth";"Sortiment";""
" Meghan Lalee";"4054293127025";46,00;15.5.2026 00:00:00;;"inf200anth160230";"Infinity";"160230";"200";"anth";"Sortiment";""
" Meghan Lalee";"4054293126974";22,00;15.5.2026 00:00:00;;"inf200crea080150";"Infinity";"080150";"200";"crea";"Sortiment";""
" Meghan Lalee";"4054293126981";0,00;15.5.2026 00:00:00;;"inf200crea120170";"Infinity";"120170";"200";"crea";"Sortiment";"Ware in Bestellung -Ankunft geplant  "
" Meghan Lalee";"4054293126998";57,00;15.5.2026 00:00:00;;"inf200crea160230";"Infinity";"160230";"200";"crea";"Sortiment";""
" Meghan Lalee";"4054293127032";91,00;15.5.2026 00:00:00;;"inf200grey080150";"Infinity";"080150";"200";"grey";"Sortiment";""
" Meghan Lalee";"4054293127049";72,00;15.5.2026 00:00:00;;"inf200grey120170";"Infinity";"120170";"200";"grey";"Sortiment";""
" Meghan Lalee";"4054293127056";60,00;15.5.2026 00:00:00;;"inf200grey160230";"Infinity";"160230";"200";"grey";"Sortiment";""
" Meghan Lalee";"4054293127063";57,00;15.5.2026 00:00:00;;"inf200popi080150";"Infinity";"080150";"200";"popi";"Sortiment";""
" Meghan Lalee";"4054293127070";20,00;15.5.2026 00:00:00;;"inf200popi120170";"Infinity";"120170";"200";"popi";"Sortiment";""
" Meghan Lalee";"4054293127087";50,00;15.5.2026 00:00:00;;"inf200popi160230";"Infinity";"160230";"200";"popi";"Sortiment";""
" Meghan Lalee";"4054293127094";14,00;15.5.2026 00:00:00;;"inf200whit080150";"Infinity";"080150";"200";"whit";"Sortiment";""
" Meghan Lalee";"4054293127100";0,00;15.5.2026 00:00:00;;"inf200whit120170";"Infinity";"120170";"200";"whit";"Sortiment";"Ware in Bestellung -Ankunft geplant  "
" Meghan Lalee";"4054293127117";3,00;15.5.2026 00:00:00;;"inf200whit160230";"Infinity";"160230";"200";"whit";"Sortiment";"Ware in Bestellung -Ankunft geplant  "
" Meghan Lalee";"4054293127162";1899,00;15.5.2026 00:00:00;;"inf201anth060090";"Infinity";"060090";"201";"anth";"Sortiment";""
" Meghan Lalee";"4054293127155";1859,00;15.5.2026 00:00:00;;"inf201crea060090";"Infinity";"060090";"201";"crea";"Sortiment";""
" Meghan Lalee";"4054293127179";1917,00;15.5.2026 00:00:00;;"inf201grey060090";"Infinity";"060090";"201";"grey";"Sortiment";""
" Meghan Lalee";"4054293127186";1934,00;15.5.2026 00:00:00;;"inf201popi060090";"Infinity";"060090";"201";"popi";"Sortiment";""
" Meghan Lalee";"4054293127193";1915,00;15.5.2026 00:00:00;;"inf201whit060090";"Infinity";"060090";"201";"whit";"Sortiment";""
" Meghan Lalee";"4054293128213";0,00;15.5.2026 00:00:00;;"IST500grey160230";"Interstellar";"160230";"500";"grey";"Sortiment";"Ware in Bestellung -Ankunft geplant  "
" Meghan Lalee";"4054293128220";0,00;15.5.2026 00:00:00;;"IST500taup160230";"Interstellar";"160230";"500";"taup";"Sortiment";"Ware in Bestellung -Ankunft geplant  "
" Meghan Lalee";"4054293128237";106,00;15.5.2026 00:00:00;;"IST500whit160230";"Interstellar";"160230";"500";"whit";"Sortiment";""
" Meghan Lalee";"4054293128244";26,00;15.5.2026 00:00:00;;"IST501grey160230";"Interstellar";"160230";"501";"grey";"Sortiment";""
" Meghan Lalee";"4054293128251";41,00;15.5.2026 00:00:00;;"IST501taup160230";"Interstellar";"160230";"501";"taup";"Sortiment";""
" Meghan Lalee";"4054293128268";176,00;15.5.2026 00:00:00;;"IST501whit160230";"Interstellar";"160230";"501";"whit";"Sortiment";""
" Meghan Lalee";"4054293071496";184,00;15.5.2026 00:00:00;;"mik143hipp100100";"Mila Kids";"100100";"143";"hipp";"Sortimentsverlasser";""
" Meghan Lalee";"4054293127674";74,00;15.5.2026 00:00:00;;"MKD101flho115160";"Magic Kids ML";"115160";"101";"flying horse";"Sortiment";""
" Meghan Lalee";"4054293127681";22,00;15.5.2026 00:00:00;;"MKD101flho160230";"Magic Kids ML";"160230";"101";"flying horse";"Sortiment";""
" Meghan Lalee";"4054293127698";187,00;15.5.2026 00:00:00;;"MKD102liki115160";"Magic Kids ML";"115160";"102";"little king";"Sortiment";""
" Meghan Lalee";"4054293127704";62,00;15.5.2026 00:00:00;;"MKD102liki160230";"Magic Kids ML";"160230";"102";"little king";"Sortiment";""
" Meghan Lalee";"4054293127711";270,00;15.5.2026 00:00:00;;"MKD103daze115160";"Magic Kids ML";"115160";"103";"dancing zebra";"Sortiment";""
" Meghan Lalee";"4054293127728";45,00;15.5.2026 00:00:00;;"MKD103daze160230";"Magic Kids ML";"160230";"103";"dancing zebra";"Sortiment";""
" Meghan Lalee";"4054293127735";338,00;15.5.2026 00:00:00;;"MKD104kicl115160";"Magic Kids ML";"115160";"104";"kitty club";"Sortiment";""
" Meghan Lalee";"4054293127742";3,00;15.5.2026 00:00:00;;"MKD104kicl160230";"Magic Kids ML";"160230";"104";"kitty club";"Sortiment";"Ware in Bestellung -Ankunft geplant  "
" Meghan Lalee";"4054293127759";172,00;15.5.2026 00:00:00;;"MKD105cuel115160";"Magic Kids ML";"115160";"105";"cute elephants";"Sortiment";""
" Meghan Lalee";"4054293127766";42,00;15.5.2026 00:00:00;;"MKD105cuel160230";"Magic Kids ML";"160230";"105";"cute elephants";"Sortiment";""
" Meghan Lalee";"4054293127773";228,00;15.5.2026 00:00:00;;"MKD106lora115160";"Magic Kids ML";"115160";"106";"loving rabitt";"Sortiment";""
" Meghan Lalee";"4054293127780";27,00;15.5.2026 00:00:00;;"MKD106lora160230";"Magic Kids ML";"160230";"106";"loving rabitt";"Sortiment";""
" Meghan Lalee";"4054293127797";387,00;15.5.2026 00:00:00;;"MKD107prho115160";"Magic Kids ML";"115160";"107";"proud horse";"Sortiment";""
" Meghan Lalee";"4054293127803";59,00;15.5.2026 00:00:00;;"MKD107prho160230";"Magic Kids ML";"160230";"107";"proud horse";"Sortiment";""
" Meghan Lalee";"4054293127810";0,00;15.5.2026 00:00:00;;"MKD108farm115160";"Magic Kids ML";"115160";"108";"farm house";"Sortiment";"Ware in Bestellung -Ankunft geplant  "
" Meghan Lalee";"4054293127827";0,00;15.5.2026 00:00:00;;"MKD108farm160230";"Magic Kids ML";"160230";"108";"farm house";"Sortiment";"Ware in Bestellung -Ankunft geplant  "
" Meghan Lalee";"4054293127834";0,00;15.5.2026 00:00:00;;"MKD109hebe115160";"Magic Kids ML";"115160";"109";"herbal beauty";"Sortiment";"Ware in Bestellung -Ankunft geplant  "
" Meghan Lalee";"4054293127841";0,00;15.5.2026 00:00:00;;"MKD109hebe160230";"Magic Kids ML";"160230";"109";"herbal beauty";"Sortiment";"Ware in Bestellung -Ankunft geplant  "
" Meghan Lalee";"4054293128916";8,00;15.5.2026 00:00:00;;"MKD116arle115160";"Magic Kids ML";"115160";"116";"arle";"Sortiment";""
" Meghan Lalee";"4054293128176";169,00;15.5.2026 00:00:00;;"MST600crea080150";"Milestone";"080150";"600";"crea";"Sortiment";""
" Meghan Lalee";"4054293128183";215,00;15.5.2026 00:00:00;;"MST600crea120170";"Milestone";"120170";"600";"crea";"Sortiment";""
" Meghan Lalee";"4054293128190";238,00;15.5.2026 00:00:00;;"MST600crea160230";"Milestone";"160230";"600";"crea";"Sortiment";""
" Meghan Lalee";"4054293128206";53,00;15.5.2026 00:00:00;;"MST600crea200290";"Milestone";"200290";"600";"crea";"Sortiment";""
" Meghan Lalee";"4054293128091";146,00;15.5.2026 00:00:00;;"MST600grey080150";"Milestone";"080150";"600";"grey";"Sortiment";""
" Meghan Lalee";"4054293128107";164,00;15.5.2026 00:00:00;;"MST600grey120170";"Milestone";"120170";"600";"grey";"Sortiment";""
" Meghan Lalee";"4054293128114";240,00;15.5.2026 00:00:00;;"MST600grey160230";"Milestone";"160230";"600";"grey";"Sortiment";""
" Meghan Lalee";"4054293128121";62,00;15.5.2026 00:00:00;;"MST600grey200290";"Milestone";"200290";"600";"grey";"Sortiment";""
" Meghan Lalee";"4054293128138";260,00;15.5.2026 00:00:00;;"MST600taup080150";"Milestone";"080150";"600";"taup";"Sortiment";""
" Meghan Lalee";"4054293128145";219,00;15.5.2026 00:00:00;;"MST600taup120170";"Milestone";"120170";"600";"taup";"Sortiment";""
" Meghan Lalee";"4054293128152";236,00;15.5.2026 00:00:00;;"MST600taup160230";"Milestone";"160230";"600";"taup";"Sortiment";""
" Meghan Lalee";"4054293128169";57,00;15.5.2026 00:00:00;;"MST600taup200290";"Milestone";"200290";"600";"taup";"Sortiment";""
" Meghan Lalee";"4054293124406";0,00;15.5.2026 00:00:00;;"pic694mult080150";"Picasso";"080150";"694";"mult";"Sortiment";"Ware in Bestellung -Ankunft geplant  "
" Meghan Lalee";"4054293124390";0,00;15.5.2026 00:00:00;;"pic694mult120170";"Picasso";"120170";"694";"mult";"Sortiment";"Ware in Bestellung -Ankunft geplant  "
" Meghan Lalee";"4054293124383";0,00;15.5.2026 00:00:00;;"pic694mult160230";"Picasso";"160230";"694";"mult";"Sortiment";"Ware in Bestellung -Ankunft geplant  "
" Meghan Lalee";"4054293124376";0,00;15.5.2026 00:00:00;;"pic694mult200290";"Picasso";"200290";"694";"mult";"Sortiment";"Ware in Bestellung -Ankunft geplant  "
" Meghan Lalee";"4054293124444";7,00;15.5.2026 00:00:00;;"pic695mult080150";"Picasso";"080150";"695";"mult";"Sortiment";""
" Meghan Lalee";"4054293124437";81,00;15.5.2026 00:00:00;;"pic695mult120170";"Picasso";"120170";"695";"mult";"Sortiment";""
" Meghan Lalee";"4054293124420";16,00;15.5.2026 00:00:00;;"pic695mult160230";"Picasso";"160230";"695";"mult";"Sortiment";""
" Meghan Lalee";"4054293124413";0,00;15.5.2026 00:00:00;;"pic695mult200290";"Picasso";"200290";"695";"mult";"Sortiment";"Ware in Bestellung -Ankunft geplant  "
" Meghan Lalee";"4054293124529";14,00;15.5.2026 00:00:00;;"pic697mult080150";"Picasso";"080150";"697";"mult";"Sortiment";""
" Meghan Lalee";"4054293124512";28,00;15.5.2026 00:00:00;;"pic697mult120170";"Picasso";"120170";"697";"mult";"Sortiment";""
" Meghan Lalee";"4054293124505";41,00;15.5.2026 00:00:00;;"pic697mult160230";"Picasso";"160230";"697";"mult";"Sortiment";""
" Meghan Lalee";"4054293124499";0,00;15.5.2026 00:00:00;;"pic697mult200290";"Picasso";"200290";"697";"mult";"Sortiment";"Ware in Bestellung -Ankunft geplant  "
" Meghan Lalee";"4054293124567";0,00;15.5.2026 00:00:00;;"pic698pobl080150";"Picasso";"080150";"698";"pobl";"Sortiment";"Ware in Bestellung -Ankunft geplant  "
" Meghan Lalee";"4054293124550";0,00;15.5.2026 00:00:00;;"pic698pobl120170";"Picasso";"120170";"698";"pobl";"Sortiment";"Ware in Bestellung -Ankunft geplant  "
" Meghan Lalee";"4054293124543";0,00;15.5.2026 00:00:00;;"pic698pobl160230";"Picasso";"160230";"698";"pobl";"Sortiment";"Ware in Bestellung -Ankunft geplant  "
" Meghan Lalee";"4054293124536";0,00;15.5.2026 00:00:00;;"pic698pobl200290";"Picasso";"200290";"698";"pobl";"Sortiment";"Ware in Bestellung -Ankunft geplant  "
" Meghan Lalee";"4054293121757";26,00;15.5.2026 00:00:00;;"pma510crea080150";"Parma";"080150";"510";"crea";"Sortiment";""
" Meghan Lalee";"4054293121733";53,00;15.5.2026 00:00:00;;"pma510crea120170";"Parma";"120170";"510";"crea";"Sortiment";""
" Meghan Lalee";"4054293121726";13,00;15.5.2026 00:00:00;;"pma510crea160230";"Parma";"160230";"510";"crea";"Sortiment";""
" Meghan Lalee";"4054293121719";0,00;15.5.2026 00:00:00;;"pma510crea200290";"Parma";"200290";"510";"crea";"Sortiment";"Ware in Bestellung -Ankunft geplant  "
" Meghan Lalee";"4054293121818";78,00;15.5.2026 00:00:00;;"pma511crea080150";"Parma";"080150";"511";"crea";"Sortiment";""
" Meghan Lalee";"4054293121801";5,00;15.5.2026 00:00:00;;"pma511crea080300";"Parma";"080300";"511";"crea";"Sortiment";"Ware in Bestellung -Ankunft geplant  "
" Meghan Lalee";"4054293121795";67,00;15.5.2026 00:00:00;;"pma511crea120170";"Parma";"120170";"511";"crea";"Sortiment";""
" Meghan Lalee";"4054293121788";66,00;15.5.2026 00:00:00;;"pma511crea160230";"Parma";"160230";"511";"crea";"Sortiment";""
" Meghan Lalee";"4054293121771";21,00;15.5.2026 00:00:00;;"pma511crea200290";"Parma";"200290";"511";"crea";"Sortiment";""
" Meghan Lalee";"4054293121870";53,00;15.5.2026 00:00:00;;"pma512crea080150";"Parma";"080150";"512";"crea";"Sortiment";""
" Meghan Lalee";"4054293121856";60,00;15.5.2026 00:00:00;;"pma512crea120170";"Parma";"120170";"512";"crea";"Sortiment";""
" Meghan Lalee";"4054293121849";34,00;15.5.2026 00:00:00;;"pma512crea160230";"Parma";"160230";"512";"crea";"Sortiment";""
" Meghan Lalee";"4054293121832";0,00;15.5.2026 00:00:00;;"pma512crea200290";"Parma";"200290";"512";"crea";"Sortiment";"Ware in Bestellung -Ankunft geplant  "
" Meghan Lalee";"4054293121931";26,00;15.5.2026 00:00:00;;"pma513crea080150";"Parma";"080150";"513";"crea";"Sortiment";""
" Meghan Lalee";"4054293121917";0,00;15.5.2026 00:00:00;;"pma513crea120170";"Parma";"120170";"513";"crea";"Sortiment";"Ware in Bestellung -Ankunft geplant  "
" Meghan Lalee";"4054293121900";0,00;15.5.2026 00:00:00;;"pma513crea160230";"Parma";"160230";"513";"crea";"Sortiment";"Ware in Bestellung -Ankunft geplant  "
" Meghan Lalee";"4054293121894";0,00;15.5.2026 00:00:00;;"pma513crea200290";"Parma";"200290";"513";"crea";"Sortiment";"Ware in Bestellung -Ankunft geplant  "
" Meghan Lalee";"4054293126448";103,00;15.5.2026 00:00:00;;"poh300grey080150";"Posh";"080150";"300";"grey";"Sortiment";""
" Meghan Lalee";"4054293126455";83,00;15.5.2026 00:00:00;;"poh300grey120170";"Posh";"120170";"300";"grey";"Sortiment";""
" Meghan Lalee";"4054293126462";96,00;15.5.2026 00:00:00;;"poh300grey160230";"Posh";"160230";"300";"grey";"Sortiment";""
" Meghan Lalee";"4054293126479";41,00;15.5.2026 00:00:00;;"poh300grey200290";"Posh";"200290";"300";"grey";"Sortiment";""
" Meghan Lalee";"4054293126486";35,00;15.5.2026 00:00:00;;"poh300grey230330";"Posh";"230330";"300";"grey";"Sortiment";""
" Meghan Lalee";"4054293126493";94,00;15.5.2026 00:00:00;;"poh300taup080150";"Posh";"080150";"300";"taup";"Sortiment";""
" Meghan Lalee";"4054293126509";76,00;15.5.2026 00:00:00;;"poh300taup120170";"Posh";"120170";"300";"taup";"Sortiment";""
" Meghan Lalee";"4054293126516";87,00;15.5.2026 00:00:00;;"poh300taup160230";"Posh";"160230";"300";"taup";"Sortiment";""
" Meghan Lalee";"4054293126523";33,00;15.5.2026 00:00:00;;"poh300taup200290";"Posh";"200290";"300";"taup";"Sortiment";""
" Meghan Lalee";"4054293126530";33,00;15.5.2026 00:00:00;;"poh300taup230330";"Posh";"230330";"300";"taup";"Sortiment";""
" Meghan Lalee";"4054293126547";75,00;15.5.2026 00:00:00;;"poh300terr080150";"Posh";"080150";"300";"terr";"Sortiment";""
" Meghan Lalee";"4054293126554";55,00;15.5.2026 00:00:00;;"poh300terr120170";"Posh";"120170";"300";"terr";"Sortiment";""
" Meghan Lalee";"4054293126561";41,00;15.5.2026 00:00:00;;"poh300terr160230";"Posh";"160230";"300";"terr";"Sortiment";""
" Meghan Lalee";"4054293126578";0,00;15.5.2026 00:00:00;;"poh300terr200290";"Posh";"200290";"300";"terr";"Sortiment";"Ware in Bestellung -Ankunft geplant  "
" Meghan Lalee";"4054293126585";10,00;15.5.2026 00:00:00;;"poh300terr230330";"Posh";"230330";"300";"terr";"Sortiment";""
" Meghan Lalee";"4054293126592";100,00;15.5.2026 00:00:00;;"poh301mult080150";"Posh";"080150";"301";"mult";"Sortiment";""
" Meghan Lalee";"4054293126608";81,00;15.5.2026 00:00:00;;"poh301mult120170";"Posh";"120170";"301";"mult";"Sortiment";""
" Meghan Lalee";"4054293126615";64,00;15.5.2026 00:00:00;;"poh301mult160230";"Posh";"160230";"301";"mult";"Sortiment";""
" Meghan Lalee";"4054293126622";25,00;15.5.2026 00:00:00;;"poh301mult200290";"Posh";"200290";"301";"mult";"Sortiment";""
" Meghan Lalee";"4054293126639";25,00;15.5.2026 00:00:00;;"poh301mult230330";"Posh";"230330";"301";"mult";"Sortiment";""
" Meghan Lalee";"4054293126646";99,00;15.5.2026 00:00:00;;"poh302taup080150";"Posh";"080150";"302";"taup";"Sortiment";""
" Meghan Lalee";"4054293126653";81,00;15.5.2026 00:00:00;;"poh302taup120170";"Posh";"120170";"302";"taup";"Sortiment";""
" Meghan Lalee";"4054293126660";73,00;15.5.2026 00:00:00;;"poh302taup160230";"Posh";"160230";"302";"taup";"Sortiment";""
" Meghan Lalee";"4054293126677";31,00;15.5.2026 00:00:00;;"poh302taup200290";"Posh";"200290";"302";"taup";"Sortiment";""
" Meghan Lalee";"4054293126684";23,00;15.5.2026 00:00:00;;"poh302taup230330";"Posh";"230330";"302";"taup";"Sortiment";""
" Meghan Lalee";"4054293126691";98,00;15.5.2026 00:00:00;;"poh303blue080150";"Posh";"080150";"303";"blue";"Sortiment";""
" Meghan Lalee";"4054293126707";77,00;15.5.2026 00:00:00;;"poh303blue120170";"Posh";"120170";"303";"blue";"Sortiment";""
" Meghan Lalee";"4054293126714";79,00;15.5.2026 00:00:00;;"poh303blue160230";"Posh";"160230";"303";"blue";"Sortiment";""
" Meghan Lalee";"4054293126721";7,00;15.5.2026 00:00:00;;"poh303blue200290";"Posh";"200290";"303";"blue";"Sortiment";""
" Meghan Lalee";"4054293126738";25,00;15.5.2026 00:00:00;;"poh303blue230330";"Posh";"230330";"303";"blue";"Sortiment";""
" Meghan Lalee";"4054293126745";92,00;15.5.2026 00:00:00;;"poh304terr080150";"Posh";"080150";"304";"terr";"Sortiment";""
" Meghan Lalee";"4054293126752";79,00;15.5.2026 00:00:00;;"poh304terr120170";"Posh";"120170";"304";"terr";"Sortiment";""
" Meghan Lalee";"4054293126769";76,00;15.5.2026 00:00:00;;"poh304terr160230";"Posh";"160230";"304";"terr";"Sortiment";""
" Meghan Lalee";"4054293126776";16,00;15.5.2026 00:00:00;;"poh304terr200290";"Posh";"200290";"304";"terr";"Sortiment";""
" Meghan Lalee";"4054293126783";14,00;15.5.2026 00:00:00;;"poh304terr230330";"Posh";"230330";"304";"terr";"Sortiment";""
" Meghan Lalee";"4054293126790";67,00;15.5.2026 00:00:00;;"poh305grey080150";"Posh";"080150";"305";"grey";"Sortiment";""
" Meghan Lalee";"4054293126806";51,00;15.5.2026 00:00:00;;"poh305grey120170";"Posh";"120170";"305";"grey";"Sortiment";""
" Meghan Lalee";"4054293126813";51,00;15.5.2026 00:00:00;;"poh305grey160230";"Posh";"160230";"305";"grey";"Sortiment";""
" Meghan Lalee";"4054293126820";14,00;15.5.2026 00:00:00;;"poh305grey200290";"Posh";"200290";"305";"grey";"Sortiment";""
" Meghan Lalee";"4054293126837";19,00;15.5.2026 00:00:00;;"poh305grey230330";"Posh";"230330";"305";"grey";"Sortiment";""
" Meghan Lalee";"4054293127896";178,00;15.5.2026 00:00:00;;"ZDL700crea080150";"Zen Deluxe";"080150";"700";"crea";"Sortiment";""
" Meghan Lalee";"4054293127902";0,00;15.5.2026 00:00:00;;"ZDL700crea120170";"Zen Deluxe";"120170";"700";"crea";"Sortiment";"Ware in Bestellung -Ankunft geplant  "
" Meghan Lalee";"4054293127919";139,00;15.5.2026 00:00:00;;"ZDL700crea160230";"Zen Deluxe";"160230";"700";"crea";"Sortiment";""
" Meghan Lalee";"4054293127926";0,00;15.5.2026 00:00:00;;"ZDL700crea200290";"Zen Deluxe";"200290";"700";"crea";"Sortiment";"Ware in Bestellung -Ankunft geplant  "
" Meghan Lalee";"4054293127858";19,00;15.5.2026 00:00:00;;"ZDL700grey080150";"Zen Deluxe";"080150";"700";"grey";"Sortiment";""
" Meghan Lalee";"4054293127865";0,00;15.5.2026 00:00:00;;"ZDL700grey120170";"Zen Deluxe";"120170";"700";"grey";"Sortiment";"Ware in Bestellung -Ankunft geplant  "
" Meghan Lalee";"4054293127872";107,00;15.5.2026 00:00:00;;"ZDL700grey160230";"Zen Deluxe";"160230";"700";"grey";"Sortiment";""
" Meghan Lalee";"4054293127889";0,00;15.5.2026 00:00:00;;"ZDL700grey200290";"Zen Deluxe";"200290";"700";"grey";"Sortiment";"Ware in Bestellung -Ankunft geplant  "
" Meghan Lalee";"4054293127933";32,00;15.5.2026 00:00:00;;"ZDL700taup080150";"Zen Deluxe";"080150";"700";"taup";"Sortiment";""
" Meghan Lalee";"4054293127940";0,00;15.5.2026 00:00:00;;"ZDL700taup120170";"Zen Deluxe";"120170";"700";"taup";"Sortiment";"Ware in Bestellung -Ankunft geplant  "
" Meghan Lalee";"4054293127957";85,00;15.5.2026 00:00:00;;"ZDL700taup160230";"Zen Deluxe";"160230";"700";"taup";"Sortiment";""
" Meghan Lalee";"4054293127964";0,00;15.5.2026 00:00:00;;"ZDL700taup200290";"Zen Deluxe";"200290";"700";"taup";"Sortiment";"Ware in Bestellung -Ankunft geplant  "
" Meghan Lalee";"4054293128305";40,00;15.5.2026 00:00:00;;"ZNS200anth080150";"Zen Sei";"080150";"200";"anth";"Sortiment";""
" Meghan Lalee";"4054293128299";12,00;15.5.2026 00:00:00;;"ZNS200anth120170";"Zen Sei";"120170";"200";"anth";"Sortiment";""
" Meghan Lalee";"4054293128282";20,00;15.5.2026 00:00:00;;"ZNS200anth160230";"Zen Sei";"160230";"200";"anth";"Sortiment";""
" Meghan Lalee";"4054293128275";8,00;15.5.2026 00:00:00;;"ZNS200anth200290";"Zen Sei";"200290";"200";"anth";"Sortiment";""
" Meghan Lalee";"4054293128343";70,00;15.5.2026 00:00:00;;"ZNS200crea080150";"Zen Sei";"080150";"200";"crea";"Sortiment";""
" Meghan Lalee";"4054293128336";36,00;15.5.2026 00:00:00;;"ZNS200crea120170";"Zen Sei";"120170";"200";"crea";"Sortiment";""
" Meghan Lalee";"4054293128329";48,00;15.5.2026 00:00:00;;"ZNS200crea160230";"Zen Sei";"160230";"200";"crea";"Sortiment";""
" Meghan Lalee";"4054293128312";17,00;15.5.2026 00:00:00;;"ZNS200crea200290";"Zen Sei";"200290";"200";"crea";"Sortiment";""
